Factor,feature,Portion,Design,n_simulation,N
X1,X1,0.047292199807803456,Definitive Screening Design,1,17
X2,X2,0.6243293831903215,Definitive Screening Design,1,17
X3 (non-informative),X3,0.06488550094975429,Definitive Screening Design,1,17
Random Normal,Random Normal,0.26349291605212094,Definitive Screening Design,1,17
X1,X1,0.07472389846770774,Definitive Screening Design,2,17
X2,X2,0.585914398266631,Definitive Screening Design,2,17
X3 (non-informative),X3,0.1408853128589082,Definitive Screening Design,2,17
Random Normal,Random Normal,0.1984763904067529,Definitive Screening Design,2,17
X1,X1,0.044771686997806336,Definitive Screening Design,3,17
X2,X2,0.6671299871728515,Definitive Screening Design,3,17
X3 (non-informative),X3,0.08815690489091926,Definitive Screening Design,3,17
Random Normal,Random Normal,0.19994142093842288,Definitive Screening Design,3,17
X1,X1,0.05011626206129703,Definitive Screening Design,4,17
X2,X2,0.6168972262295855,Definitive Screening Design,4,17
X3 (non-informative),X3,0.12834529226901814,Definitive Screening Design,4,17
Random Normal,Random Normal,0.20464121944009922,Definitive Screening Design,4,17
X1,X1,0.07876325147945476,Definitive Screening Design,5,17
X2,X2,0.5691354679115694,Definitive Screening Design,5,17
X3 (non-informative),X3,0.12127434506703731,Definitive Screening Design,5,17
Random Normal,Random Normal,0.2308269355419385,Definitive Screening Design,5,17
X1,X1,0.06640779503550663,Definitive Screening Design,6,17
X2,X2,0.6714164950399438,Definitive Screening Design,6,17
X3 (non-informative),X3,0.09457959847935626,Definitive Screening Design,6,17
Random Normal,Random Normal,0.16759611144519315,Definitive Screening Design,6,17
X1,X1,0.09244166258640946,Definitive Screening Design,7,17
X2,X2,0.6822542193453219,Definitive Screening Design,7,17
X3 (non-informative),X3,0.12188291933173069,Definitive Screening Design,7,17
Random Normal,Random Normal,0.10342119873653788,Definitive Screening Design,7,17
X1,X1,0.04162461541134603,Definitive Screening Design,8,17
X2,X2,0.5986901422842167,Definitive Screening Design,8,17
X3 (non-informative),X3,0.08021876377859774,Definitive Screening Design,8,17
Random Normal,Random Normal,0.2794664785258395,Definitive Screening Design,8,17
X1,X1,0.053328283497612136,Definitive Screening Design,9,17
X2,X2,0.6578898925012723,Definitive Screening Design,9,17
X3 (non-informative),X3,0.06333891668543086,Definitive Screening Design,9,17
Random Normal,Random Normal,0.22544290731568467,Definitive Screening Design,9,17
X1,X1,0.067278485058959,Definitive Screening Design,10,17
X2,X2,0.627151111915728,Definitive Screening Design,10,17
X3 (non-informative),X3,0.10011360148565085,Definitive Screening Design,10,17
Random Normal,Random Normal,0.20545680153966192,Definitive Screening Design,10,17
X1,X1,0.08329432113249835,Definitive Screening Design,11,17
X2,X2,0.6602492514243196,Definitive Screening Design,11,17
X3 (non-informative),X3,0.16875982191086683,Definitive Screening Design,11,17
Random Normal,Random Normal,0.08769660553231517,Definitive Screening Design,11,17
X1,X1,0.09095012719882148,Definitive Screening Design,12,17
X2,X2,0.5616483925506215,Definitive Screening Design,12,17
X3 (non-informative),X3,0.13575298521589468,Definitive Screening Design,12,17
Random Normal,Random Normal,0.2116484950346623,Definitive Screening Design,12,17
X1,X1,0.08449805698252506,Definitive Screening Design,13,17
X2,X2,0.6756136558648619,Definitive Screening Design,13,17
X3 (non-informative),X3,0.1397066541763409,Definitive Screening Design,13,17
Random Normal,Random Normal,0.10018163297627213,Definitive Screening Design,13,17
X1,X1,0.06627505870687295,Definitive Screening Design,14,17
X2,X2,0.6673888187995696,Definitive Screening Design,14,17
X3 (non-informative),X3,0.12150981903259567,Definitive Screening Design,14,17
Random Normal,Random Normal,0.1448263034609617,Definitive Screening Design,14,17
X1,X1,0.04714677544635942,Definitive Screening Design,15,17
X2,X2,0.5872899827102012,Definitive Screening Design,15,17
X3 (non-informative),X3,0.17527563173247535,Definitive Screening Design,15,17
Random Normal,Random Normal,0.19028761011096396,Definitive Screening Design,15,17
X1,X1,0.07041832209689787,Definitive Screening Design,16,17
X2,X2,0.6113810640229336,Definitive Screening Design,16,17
X3 (non-informative),X3,0.14893097182448573,Definitive Screening Design,16,17
Random Normal,Random Normal,0.16926964205568296,Definitive Screening Design,16,17
X1,X1,0.06471984800149848,Definitive Screening Design,17,17
X2,X2,0.6382997688063764,Definitive Screening Design,17,17
X3 (non-informative),X3,0.15286409403815224,Definitive Screening Design,17,17
Random Normal,Random Normal,0.14411628915397295,Definitive Screening Design,17,17
X1,X1,0.033071955002725396,Definitive Screening Design,18,17
X2,X2,0.6763461422685471,Definitive Screening Design,18,17
X3 (non-informative),X3,0.10554542955599762,Definitive Screening Design,18,17
Random Normal,Random Normal,0.18503647317273003,Definitive Screening Design,18,17
X1,X1,0.09017836798643444,Definitive Screening Design,19,17
X2,X2,0.6683498200739376,Definitive Screening Design,19,17
X3 (non-informative),X3,0.1099598893276314,Definitive Screening Design,19,17
Random Normal,Random Normal,0.13151192261199657,Definitive Screening Design,19,17
X1,X1,0.06665000753894909,Definitive Screening Design,20,17
X2,X2,0.6479079076240721,Definitive Screening Design,20,17
X3 (non-informative),X3,0.11130640262268975,Definitive Screening Design,20,17
Random Normal,Random Normal,0.17413568221428907,Definitive Screening Design,20,17
X1,X1,0.049729864047319626,Definitive Screening Design,21,17
X2,X2,0.6666319297758473,Definitive Screening Design,21,17
X3 (non-informative),X3,0.13245811184512893,Definitive Screening Design,21,17
Random Normal,Random Normal,0.15118009433170404,Definitive Screening Design,21,17
X1,X1,0.055609041396567215,Definitive Screening Design,22,17
X2,X2,0.6014025580504928,Definitive Screening Design,22,17
X3 (non-informative),X3,0.1400785295807893,Definitive Screening Design,22,17
Random Normal,Random Normal,0.20290987097215077,Definitive Screening Design,22,17
X1,X1,0.04525117973646203,Definitive Screening Design,23,17
X2,X2,0.5624200212895312,Definitive Screening Design,23,17
X3 (non-informative),X3,0.08162074339935008,Definitive Screening Design,23,17
Random Normal,Random Normal,0.3107080555746567,Definitive Screening Design,23,17
X1,X1,0.054722962179201785,Definitive Screening Design,24,17
X2,X2,0.6478627768478822,Definitive Screening Design,24,17
X3 (non-informative),X3,0.12531597107994552,Definitive Screening Design,24,17
Random Normal,Random Normal,0.1720982898929706,Definitive Screening Design,24,17
X1,X1,0.037096624984949485,Definitive Screening Design,25,17
X2,X2,0.6255431788339454,Definitive Screening Design,25,17
X3 (non-informative),X3,0.08982975365997004,Definitive Screening Design,25,17
Random Normal,Random Normal,0.24753044252113512,Definitive Screening Design,25,17
X1,X1,0.06212307839617925,Definitive Screening Design,26,17
X2,X2,0.6534637844299618,Definitive Screening Design,26,17
X3 (non-informative),X3,0.1722297094481521,Definitive Screening Design,26,17
Random Normal,Random Normal,0.1121834277257069,Definitive Screening Design,26,17
X1,X1,0.07537444044548632,Definitive Screening Design,27,17
X2,X2,0.626346877169055,Definitive Screening Design,27,17
X3 (non-informative),X3,0.1081553222912316,Definitive Screening Design,27,17
Random Normal,Random Normal,0.1901233600942271,Definitive Screening Design,27,17
X1,X1,0.06164987962663456,Definitive Screening Design,28,17
X2,X2,0.4680067604765624,Definitive Screening Design,28,17
X3 (non-informative),X3,0.12464082797068039,Definitive Screening Design,28,17
Random Normal,Random Normal,0.34570253192612266,Definitive Screening Design,28,17
X1,X1,0.036011174330373714,Definitive Screening Design,29,17
X2,X2,0.6284488734187564,Definitive Screening Design,29,17
X3 (non-informative),X3,0.16375067320511655,Definitive Screening Design,29,17
Random Normal,Random Normal,0.17178927904575322,Definitive Screening Design,29,17
X1,X1,0.04851140291194207,Definitive Screening Design,30,17
X2,X2,0.6733475873342468,Definitive Screening Design,30,17
X3 (non-informative),X3,0.11579179022475226,Definitive Screening Design,30,17
Random Normal,Random Normal,0.16234921952905887,Definitive Screening Design,30,17
X1,X1,0.06815930836127829,Definitive Screening Design,31,17
X2,X2,0.6231846501136723,Definitive Screening Design,31,17
X3 (non-informative),X3,0.09337688120685107,Definitive Screening Design,31,17
Random Normal,Random Normal,0.2152791603181983,Definitive Screening Design,31,17
X1,X1,0.07795540104256041,Definitive Screening Design,32,17
X2,X2,0.6329519278339775,Definitive Screening Design,32,17
X3 (non-informative),X3,0.13321174936005642,Definitive Screening Design,32,17
Random Normal,Random Normal,0.1558809217634057,Definitive Screening Design,32,17
X1,X1,0.08252312943707271,Definitive Screening Design,33,17
X2,X2,0.639915465382946,Definitive Screening Design,33,17
X3 (non-informative),X3,0.11467544136103743,Definitive Screening Design,33,17
Random Normal,Random Normal,0.16288596381894394,Definitive Screening Design,33,17
X1,X1,0.06970286629555367,Definitive Screening Design,34,17
X2,X2,0.6622394164123658,Definitive Screening Design,34,17
X3 (non-informative),X3,0.11212293831542526,Definitive Screening Design,34,17
Random Normal,Random Normal,0.15593477897665525,Definitive Screening Design,34,17
X1,X1,0.08303565906685235,Definitive Screening Design,35,17
X2,X2,0.5702087844080155,Definitive Screening Design,35,17
X3 (non-informative),X3,0.16601846241673346,Definitive Screening Design,35,17
Random Normal,Random Normal,0.18073709410839864,Definitive Screening Design,35,17
X1,X1,0.05614853265619902,Definitive Screening Design,36,17
X2,X2,0.6731345874836736,Definitive Screening Design,36,17
X3 (non-informative),X3,0.12618178303367705,Definitive Screening Design,36,17
Random Normal,Random Normal,0.14453509682645044,Definitive Screening Design,36,17
X1,X1,0.03823743974539711,Definitive Screening Design,37,17
X2,X2,0.5393765591137006,Definitive Screening Design,37,17
X3 (non-informative),X3,0.09600533887385151,Definitive Screening Design,37,17
Random Normal,Random Normal,0.32638066226705076,Definitive Screening Design,37,17
X1,X1,0.06716096233751094,Definitive Screening Design,38,17
X2,X2,0.6257680549804701,Definitive Screening Design,38,17
X3 (non-informative),X3,0.1044042280797673,Definitive Screening Design,38,17
Random Normal,Random Normal,0.20266675460225164,Definitive Screening Design,38,17
X1,X1,0.07373585274723551,Definitive Screening Design,39,17
X2,X2,0.6507668982199751,Definitive Screening Design,39,17
X3 (non-informative),X3,0.1543356156489995,Definitive Screening Design,39,17
Random Normal,Random Normal,0.12116163338378969,Definitive Screening Design,39,17
X1,X1,0.0722692531789275,Definitive Screening Design,40,17
X2,X2,0.6375095893145829,Definitive Screening Design,40,17
X3 (non-informative),X3,0.13612659975639313,Definitive Screening Design,40,17
Random Normal,Random Normal,0.15409455775009637,Definitive Screening Design,40,17
X1,X1,0.054159689837401576,Definitive Screening Design,41,17
X2,X2,0.6194784306543297,Definitive Screening Design,41,17
X3 (non-informative),X3,0.09282397472890104,Definitive Screening Design,41,17
Random Normal,Random Normal,0.23353790477936762,Definitive Screening Design,41,17
X1,X1,0.09314604166164382,Definitive Screening Design,42,17
X2,X2,0.6216561038129413,Definitive Screening Design,42,17
X3 (non-informative),X3,0.10275444421411013,Definitive Screening Design,42,17
Random Normal,Random Normal,0.18244341031130473,Definitive Screening Design,42,17
X1,X1,0.10672219868437988,Definitive Screening Design,43,17
X2,X2,0.5960060096195852,Definitive Screening Design,43,17
X3 (non-informative),X3,0.14123640077777608,Definitive Screening Design,43,17
Random Normal,Random Normal,0.15603539091825885,Definitive Screening Design,43,17
X1,X1,0.06241607314671289,Definitive Screening Design,44,17
X2,X2,0.6095031289191088,Definitive Screening Design,44,17
X3 (non-informative),X3,0.11248797231438312,Definitive Screening Design,44,17
Random Normal,Random Normal,0.21559282561979526,Definitive Screening Design,44,17
X1,X1,0.046625265271713096,Definitive Screening Design,45,17
X2,X2,0.6257545101767076,Definitive Screening Design,45,17
X3 (non-informative),X3,0.11692280650344045,Definitive Screening Design,45,17
Random Normal,Random Normal,0.21069741804813885,Definitive Screening Design,45,17
X1,X1,0.06459576567342916,Definitive Screening Design,46,17
X2,X2,0.6830810391715685,Definitive Screening Design,46,17
X3 (non-informative),X3,0.14781898360996892,Definitive Screening Design,46,17
Random Normal,Random Normal,0.10450421154503343,Definitive Screening Design,46,17
X1,X1,0.06734855635901937,Definitive Screening Design,47,17
X2,X2,0.6203245691262861,Definitive Screening Design,47,17
X3 (non-informative),X3,0.09443204546266358,Definitive Screening Design,47,17
Random Normal,Random Normal,0.21789482905203095,Definitive Screening Design,47,17
X1,X1,0.10545273332117663,Definitive Screening Design,48,17
X2,X2,0.6042307848917867,Definitive Screening Design,48,17
X3 (non-informative),X3,0.11886901477277773,Definitive Screening Design,48,17
Random Normal,Random Normal,0.171447467014259,Definitive Screening Design,48,17
X1,X1,0.07373529131425412,Definitive Screening Design,49,17
X2,X2,0.665976382861227,Definitive Screening Design,49,17
X3 (non-informative),X3,0.1501144967206805,Definitive Screening Design,49,17
Random Normal,Random Normal,0.11017382910383842,Definitive Screening Design,49,17
X1,X1,0.09286794359311815,Definitive Screening Design,50,17
X2,X2,0.6130796217299769,Definitive Screening Design,50,17
X3 (non-informative),X3,0.13572714064574723,Definitive Screening Design,50,17
Random Normal,Random Normal,0.15832529403115775,Definitive Screening Design,50,17
X1,X1,0.06959995750982549,Definitive Screening Design,51,17
X2,X2,0.7086637338010412,Definitive Screening Design,51,17
X3 (non-informative),X3,0.12064418831294424,Definitive Screening Design,51,17
Random Normal,Random Normal,0.10109212037618896,Definitive Screening Design,51,17
X1,X1,0.038701748998819015,Definitive Screening Design,52,17
X2,X2,0.5914776187492615,Definitive Screening Design,52,17
X3 (non-informative),X3,0.07543549502416855,Definitive Screening Design,52,17
Random Normal,Random Normal,0.29438513722775067,Definitive Screening Design,52,17
X1,X1,0.07083243601521767,Definitive Screening Design,53,17
X2,X2,0.630360756930916,Definitive Screening Design,53,17
X3 (non-informative),X3,0.10399700342591044,Definitive Screening Design,53,17
Random Normal,Random Normal,0.194809803627956,Definitive Screening Design,53,17
X1,X1,0.07973040926760813,Definitive Screening Design,54,17
X2,X2,0.6218986170178727,Definitive Screening Design,54,17
X3 (non-informative),X3,0.11961101986881134,Definitive Screening Design,54,17
Random Normal,Random Normal,0.17875995384570786,Definitive Screening Design,54,17
X1,X1,0.06493823452512645,Definitive Screening Design,55,17
X2,X2,0.686236309073508,Definitive Screening Design,55,17
X3 (non-informative),X3,0.14758257993149107,Definitive Screening Design,55,17
Random Normal,Random Normal,0.10124287646987451,Definitive Screening Design,55,17
X1,X1,0.06896624107169586,Definitive Screening Design,56,17
X2,X2,0.594956901642959,Definitive Screening Design,56,17
X3 (non-informative),X3,0.08303536241199275,Definitive Screening Design,56,17
Random Normal,Random Normal,0.25304149487335226,Definitive Screening Design,56,17
X1,X1,0.0758464246169327,Definitive Screening Design,57,17
X2,X2,0.6483055250247992,Definitive Screening Design,57,17
X3 (non-informative),X3,0.1410236637036101,Definitive Screening Design,57,17
Random Normal,Random Normal,0.13482438665465798,Definitive Screening Design,57,17
X1,X1,0.08143799130728557,Definitive Screening Design,58,17
X2,X2,0.6751269548865121,Definitive Screening Design,58,17
X3 (non-informative),X3,0.1288803771211882,Definitive Screening Design,58,17
Random Normal,Random Normal,0.11455467668501403,Definitive Screening Design,58,17
X1,X1,0.10307594138324648,Definitive Screening Design,59,17
X2,X2,0.5706031760739269,Definitive Screening Design,59,17
X3 (non-informative),X3,0.13889422373177543,Definitive Screening Design,59,17
Random Normal,Random Normal,0.1874266588110513,Definitive Screening Design,59,17
X1,X1,0.08567001973514164,Definitive Screening Design,60,17
X2,X2,0.6278464144394293,Definitive Screening Design,60,17
X3 (non-informative),X3,0.0688278816835276,Definitive Screening Design,60,17
Random Normal,Random Normal,0.21765568414190128,Definitive Screening Design,60,17
X1,X1,0.0726495020428746,Definitive Screening Design,61,17
X2,X2,0.6075641114872863,Definitive Screening Design,61,17
X3 (non-informative),X3,0.14247842183195988,Definitive Screening Design,61,17
Random Normal,Random Normal,0.1773079646378792,Definitive Screening Design,61,17
X1,X1,0.08187896835666517,Definitive Screening Design,62,17
X2,X2,0.6369880115751259,Definitive Screening Design,62,17
X3 (non-informative),X3,0.09232798034168488,Definitive Screening Design,62,17
Random Normal,Random Normal,0.18880503972652393,Definitive Screening Design,62,17
X1,X1,0.042164254047402906,Definitive Screening Design,63,17
X2,X2,0.6641341395848684,Definitive Screening Design,63,17
X3 (non-informative),X3,0.1257366367153824,Definitive Screening Design,63,17
Random Normal,Random Normal,0.16796496965234634,Definitive Screening Design,63,17
X1,X1,0.0896289709123673,Definitive Screening Design,64,17
X2,X2,0.5905045597748124,Definitive Screening Design,64,17
X3 (non-informative),X3,0.1422419252891561,Definitive Screening Design,64,17
Random Normal,Random Normal,0.17762454402366418,Definitive Screening Design,64,17
X1,X1,0.07636235900009883,Definitive Screening Design,65,17
X2,X2,0.6020502405667896,Definitive Screening Design,65,17
X3 (non-informative),X3,0.12249638383417813,Definitive Screening Design,65,17
Random Normal,Random Normal,0.19909101659893355,Definitive Screening Design,65,17
X1,X1,0.09812343567319637,Definitive Screening Design,66,17
X2,X2,0.6321725362806581,Definitive Screening Design,66,17
X3 (non-informative),X3,0.1155574695359278,Definitive Screening Design,66,17
Random Normal,Random Normal,0.1541465585102176,Definitive Screening Design,66,17
X1,X1,0.04265544911962051,Definitive Screening Design,67,17
X2,X2,0.5764845654149613,Definitive Screening Design,67,17
X3 (non-informative),X3,0.12264049895307069,Definitive Screening Design,67,17
Random Normal,Random Normal,0.25821948651234755,Definitive Screening Design,67,17
X1,X1,0.04745233235480777,Definitive Screening Design,68,17
X2,X2,0.5581690276341302,Definitive Screening Design,68,17
X3 (non-informative),X3,0.06731994867881885,Definitive Screening Design,68,17
Random Normal,Random Normal,0.32705869133224313,Definitive Screening Design,68,17
X1,X1,0.06834989630235881,Definitive Screening Design,69,17
X2,X2,0.6125870339160967,Definitive Screening Design,69,17
X3 (non-informative),X3,0.10094942380713724,Definitive Screening Design,69,17
Random Normal,Random Normal,0.21811364597440722,Definitive Screening Design,69,17
X1,X1,0.06090867827167428,Definitive Screening Design,70,17
X2,X2,0.6891709906308281,Definitive Screening Design,70,17
X3 (non-informative),X3,0.10307053035827242,Definitive Screening Design,70,17
Random Normal,Random Normal,0.14684980073922516,Definitive Screening Design,70,17
X1,X1,0.09077071341055161,Definitive Screening Design,71,17
X2,X2,0.6332981131348545,Definitive Screening Design,71,17
X3 (non-informative),X3,0.12380242367721221,Definitive Screening Design,71,17
Random Normal,Random Normal,0.15212874977738178,Definitive Screening Design,71,17
X1,X1,0.06941026278884792,Definitive Screening Design,72,17
X2,X2,0.5942826317812229,Definitive Screening Design,72,17
X3 (non-informative),X3,0.13063741995385236,Definitive Screening Design,72,17
Random Normal,Random Normal,0.20566968547607692,Definitive Screening Design,72,17
X1,X1,0.07733544502751159,Definitive Screening Design,73,17
X2,X2,0.6085052590043004,Definitive Screening Design,73,17
X3 (non-informative),X3,0.14961836882120677,Definitive Screening Design,73,17
Random Normal,Random Normal,0.1645409271469812,Definitive Screening Design,73,17
X1,X1,0.0706866922643268,Definitive Screening Design,74,17
X2,X2,0.5801174238846075,Definitive Screening Design,74,17
X3 (non-informative),X3,0.09572752202424609,Definitive Screening Design,74,17
Random Normal,Random Normal,0.25346836182681953,Definitive Screening Design,74,17
X1,X1,0.046440152362944555,Definitive Screening Design,75,17
X2,X2,0.4805346998288818,Definitive Screening Design,75,17
X3 (non-informative),X3,0.10846321549514017,Definitive Screening Design,75,17
Random Normal,Random Normal,0.36456193231303347,Definitive Screening Design,75,17
X1,X1,0.055485385229545284,Definitive Screening Design,76,17
X2,X2,0.6799623879430898,Definitive Screening Design,76,17
X3 (non-informative),X3,0.1379183755848871,Definitive Screening Design,76,17
Random Normal,Random Normal,0.12663385124247772,Definitive Screening Design,76,17
X1,X1,0.05288062919717986,Definitive Screening Design,77,17
X2,X2,0.6789054700407722,Definitive Screening Design,77,17
X3 (non-informative),X3,0.11520432344708952,Definitive Screening Design,77,17
Random Normal,Random Normal,0.15300957731495843,Definitive Screening Design,77,17
X1,X1,0.06083150269962541,Definitive Screening Design,78,17
X2,X2,0.6594183728473958,Definitive Screening Design,78,17
X3 (non-informative),X3,0.0941046403655748,Definitive Screening Design,78,17
Random Normal,Random Normal,0.18564548408740406,Definitive Screening Design,78,17
X1,X1,0.05457868507474321,Definitive Screening Design,79,17
X2,X2,0.6383406787325846,Definitive Screening Design,79,17
X3 (non-informative),X3,0.10715145339323524,Definitive Screening Design,79,17
Random Normal,Random Normal,0.19992918279943697,Definitive Screening Design,79,17
X1,X1,0.04162948471042003,Definitive Screening Design,80,17
X2,X2,0.6313297663515981,Definitive Screening Design,80,17
X3 (non-informative),X3,0.06692991513460485,Definitive Screening Design,80,17
Random Normal,Random Normal,0.260110833803377,Definitive Screening Design,80,17
X1,X1,0.047614154329335794,Definitive Screening Design,81,17
X2,X2,0.6681951348082161,Definitive Screening Design,81,17
X3 (non-informative),X3,0.10283637562058459,Definitive Screening Design,81,17
Random Normal,Random Normal,0.18135433524186348,Definitive Screening Design,81,17
X1,X1,0.05789102501891571,Definitive Screening Design,82,17
X2,X2,0.6091742570725491,Definitive Screening Design,82,17
X3 (non-informative),X3,0.10517894687975683,Definitive Screening Design,82,17
Random Normal,Random Normal,0.22775577102877836,Definitive Screening Design,82,17
X1,X1,0.031255005837634735,Definitive Screening Design,83,17
X2,X2,0.47480154255746715,Definitive Screening Design,83,17
X3 (non-informative),X3,0.08246972344227751,Definitive Screening Design,83,17
Random Normal,Random Normal,0.4114737281626206,Definitive Screening Design,83,17
X1,X1,0.07467739197672107,Definitive Screening Design,84,17
X2,X2,0.6237907079795943,Definitive Screening Design,84,17
X3 (non-informative),X3,0.09017403314698141,Definitive Screening Design,84,17
Random Normal,Random Normal,0.21135786689670305,Definitive Screening Design,84,17
X1,X1,0.05313070315488519,Definitive Screening Design,85,17
X2,X2,0.6655916510994269,Definitive Screening Design,85,17
X3 (non-informative),X3,0.1434884114253576,Definitive Screening Design,85,17
Random Normal,Random Normal,0.13778923432033038,Definitive Screening Design,85,17
X1,X1,0.10719235471280776,Definitive Screening Design,86,17
X2,X2,0.6497857395298002,Definitive Screening Design,86,17
X3 (non-informative),X3,0.10462243111329539,Definitive Screening Design,86,17
Random Normal,Random Normal,0.1383994746440967,Definitive Screening Design,86,17
X1,X1,0.0633901840681031,Definitive Screening Design,87,17
X2,X2,0.6164424631955671,Definitive Screening Design,87,17
X3 (non-informative),X3,0.13500743740989585,Definitive Screening Design,87,17
Random Normal,Random Normal,0.18515991532643397,Definitive Screening Design,87,17
X1,X1,0.06258343058178295,Definitive Screening Design,88,17
X2,X2,0.5426484716835134,Definitive Screening Design,88,17
X3 (non-informative),X3,0.1541515147641136,Definitive Screening Design,88,17
Random Normal,Random Normal,0.24061658297059021,Definitive Screening Design,88,17
X1,X1,0.05561538528299675,Definitive Screening Design,89,17
X2,X2,0.6657534599707853,Definitive Screening Design,89,17
X3 (non-informative),X3,0.08884502638699675,Definitive Screening Design,89,17
Random Normal,Random Normal,0.18978612835922126,Definitive Screening Design,89,17
X1,X1,0.06426246894109597,Definitive Screening Design,90,17
X2,X2,0.5561623108704137,Definitive Screening Design,90,17
X3 (non-informative),X3,0.1165266820301154,Definitive Screening Design,90,17
Random Normal,Random Normal,0.26304853815837503,Definitive Screening Design,90,17
X1,X1,0.0499970805507967,Definitive Screening Design,91,17
X2,X2,0.6084299963288873,Definitive Screening Design,91,17
X3 (non-informative),X3,0.08659789370632438,Definitive Screening Design,91,17
Random Normal,Random Normal,0.2549750294139917,Definitive Screening Design,91,17
X1,X1,0.07597322275444747,Definitive Screening Design,92,17
X2,X2,0.7273583954256843,Definitive Screening Design,92,17
X3 (non-informative),X3,0.1236135076095372,Definitive Screening Design,92,17
Random Normal,Random Normal,0.07305487421033108,Definitive Screening Design,92,17
X1,X1,0.0827785399030291,Definitive Screening Design,93,17
X2,X2,0.6719001169768056,Definitive Screening Design,93,17
X3 (non-informative),X3,0.1452962107460252,Definitive Screening Design,93,17
Random Normal,Random Normal,0.1000251323741401,Definitive Screening Design,93,17
X1,X1,0.047183721424200284,Definitive Screening Design,94,17
X2,X2,0.6763716768592767,Definitive Screening Design,94,17
X3 (non-informative),X3,0.0881871499058507,Definitive Screening Design,94,17
Random Normal,Random Normal,0.1882574518106723,Definitive Screening Design,94,17
X1,X1,0.09925534607448704,Definitive Screening Design,95,17
X2,X2,0.593990117708923,Definitive Screening Design,95,17
X3 (non-informative),X3,0.08259899753289773,Definitive Screening Design,95,17
Random Normal,Random Normal,0.22415553868369226,Definitive Screening Design,95,17
X1,X1,0.11673222422043328,Definitive Screening Design,96,17
X2,X2,0.6243571849706522,Definitive Screening Design,96,17
X3 (non-informative),X3,0.11129300657807235,Definitive Screening Design,96,17
Random Normal,Random Normal,0.14761758423084217,Definitive Screening Design,96,17
X1,X1,0.055892962860327515,Definitive Screening Design,97,17
X2,X2,0.624629352184694,Definitive Screening Design,97,17
X3 (non-informative),X3,0.10190840819771729,Definitive Screening Design,97,17
Random Normal,Random Normal,0.21756927675726118,Definitive Screening Design,97,17
X1,X1,0.03750107991924132,Definitive Screening Design,98,17
X2,X2,0.57029654450516,Definitive Screening Design,98,17
X3 (non-informative),X3,0.06812883831353421,Definitive Screening Design,98,17
Random Normal,Random Normal,0.32407353726206445,Definitive Screening Design,98,17
X1,X1,0.06320033209590807,Definitive Screening Design,99,17
X2,X2,0.6345809466911783,Definitive Screening Design,99,17
X3 (non-informative),X3,0.1013461746804872,Definitive Screening Design,99,17
Random Normal,Random Normal,0.20087254653242648,Definitive Screening Design,99,17
X1,X1,0.07775012805966672,Definitive Screening Design,100,17
X2,X2,0.613860069186312,Definitive Screening Design,100,17
X3 (non-informative),X3,0.09953918836049311,Definitive Screening Design,100,17
Random Normal,Random Normal,0.20885061439352817,Definitive Screening Design,100,17
X1,X1,0.0389372829741881,Definitive Screening Design,101,17
X2,X2,0.4342166292337245,Definitive Screening Design,101,17
X3 (non-informative),X3,0.06921113220442734,Definitive Screening Design,101,17
Random Normal,Random Normal,0.45763495558766,Definitive Screening Design,101,17
X1,X1,0.06741537496200699,Definitive Screening Design,102,17
X2,X2,0.6019827828995613,Definitive Screening Design,102,17
X3 (non-informative),X3,0.13968760478068212,Definitive Screening Design,102,17
Random Normal,Random Normal,0.19091423735774948,Definitive Screening Design,102,17
X1,X1,0.10448271212321462,Definitive Screening Design,103,17
X2,X2,0.4269705504127654,Definitive Screening Design,103,17
X3 (non-informative),X3,0.07583231848434564,Definitive Screening Design,103,17
Random Normal,Random Normal,0.39271441897967424,Definitive Screening Design,103,17
X1,X1,0.08009156613559612,Definitive Screening Design,104,17
X2,X2,0.5926432982974411,Definitive Screening Design,104,17
X3 (non-informative),X3,0.1458975117565774,Definitive Screening Design,104,17
Random Normal,Random Normal,0.18136762381038526,Definitive Screening Design,104,17
X1,X1,0.08427182778890267,Definitive Screening Design,105,17
X2,X2,0.610495397936421,Definitive Screening Design,105,17
X3 (non-informative),X3,0.12409783630912133,Definitive Screening Design,105,17
Random Normal,Random Normal,0.181134937965555,Definitive Screening Design,105,17
X1,X1,0.08597078113107846,Definitive Screening Design,106,17
X2,X2,0.5736161552878634,Definitive Screening Design,106,17
X3 (non-informative),X3,0.10319735422253755,Definitive Screening Design,106,17
Random Normal,Random Normal,0.23721570935852068,Definitive Screening Design,106,17
X1,X1,0.06309917873759525,Definitive Screening Design,107,17
X2,X2,0.6343879454957516,Definitive Screening Design,107,17
X3 (non-informative),X3,0.09259406632919068,Definitive Screening Design,107,17
Random Normal,Random Normal,0.20991880943746252,Definitive Screening Design,107,17
X1,X1,0.0952347272770029,Definitive Screening Design,108,17
X2,X2,0.6238814525522419,Definitive Screening Design,108,17
X3 (non-informative),X3,0.1286714346170353,Definitive Screening Design,108,17
Random Normal,Random Normal,0.1522123855537197,Definitive Screening Design,108,17
X1,X1,0.07968238079824323,Definitive Screening Design,109,17
X2,X2,0.5785872598658361,Definitive Screening Design,109,17
X3 (non-informative),X3,0.14885349960772795,Definitive Screening Design,109,17
Random Normal,Random Normal,0.19287685972819266,Definitive Screening Design,109,17
X1,X1,0.07260634237456907,Definitive Screening Design,110,17
X2,X2,0.635131882435587,Definitive Screening Design,110,17
X3 (non-informative),X3,0.13975513162149975,Definitive Screening Design,110,17
Random Normal,Random Normal,0.15250664356834412,Definitive Screening Design,110,17
X1,X1,0.04925506006780875,Definitive Screening Design,111,17
X2,X2,0.7083207399050224,Definitive Screening Design,111,17
X3 (non-informative),X3,0.12619612567790292,Definitive Screening Design,111,17
Random Normal,Random Normal,0.11622807434926598,Definitive Screening Design,111,17
X1,X1,0.04254107194255972,Definitive Screening Design,112,17
X2,X2,0.5805563574539662,Definitive Screening Design,112,17
X3 (non-informative),X3,0.08905100082477702,Definitive Screening Design,112,17
Random Normal,Random Normal,0.2878515697786971,Definitive Screening Design,112,17
X1,X1,0.039371578684352176,Definitive Screening Design,113,17
X2,X2,0.6202264558926254,Definitive Screening Design,113,17
X3 (non-informative),X3,0.08795485171030393,Definitive Screening Design,113,17
Random Normal,Random Normal,0.25244711371271844,Definitive Screening Design,113,17
X1,X1,0.06127025594715934,Definitive Screening Design,114,17
X2,X2,0.5937209175470197,Definitive Screening Design,114,17
X3 (non-informative),X3,0.1169795092241732,Definitive Screening Design,114,17
Random Normal,Random Normal,0.22802931728164771,Definitive Screening Design,114,17
X1,X1,0.08342215037213661,Definitive Screening Design,115,17
X2,X2,0.5667222426986788,Definitive Screening Design,115,17
X3 (non-informative),X3,0.17302422876314844,Definitive Screening Design,115,17
Random Normal,Random Normal,0.17683137816603609,Definitive Screening Design,115,17
X1,X1,0.08351583749117869,Definitive Screening Design,116,17
X2,X2,0.6448952812060501,Definitive Screening Design,116,17
X3 (non-informative),X3,0.1297579448756933,Definitive Screening Design,116,17
Random Normal,Random Normal,0.14183093642707786,Definitive Screening Design,116,17
X1,X1,0.12079196382778275,Definitive Screening Design,117,17
X2,X2,0.6429778068142326,Definitive Screening Design,117,17
X3 (non-informative),X3,0.11424138174787968,Definitive Screening Design,117,17
Random Normal,Random Normal,0.12198884761010506,Definitive Screening Design,117,17
X1,X1,0.08042729914876179,Definitive Screening Design,118,17
X2,X2,0.6402156936747552,Definitive Screening Design,118,17
X3 (non-informative),X3,0.13761715656216494,Definitive Screening Design,118,17
Random Normal,Random Normal,0.1417398506143182,Definitive Screening Design,118,17
X1,X1,0.08449736109820453,Definitive Screening Design,119,17
X2,X2,0.6482846181506099,Definitive Screening Design,119,17
X3 (non-informative),X3,0.15916901447866924,Definitive Screening Design,119,17
Random Normal,Random Normal,0.10804900627251625,Definitive Screening Design,119,17
X1,X1,0.07638378241964758,Definitive Screening Design,120,17
X2,X2,0.5688626574759851,Definitive Screening Design,120,17
X3 (non-informative),X3,0.13185047940011924,Definitive Screening Design,120,17
Random Normal,Random Normal,0.22290308070424814,Definitive Screening Design,120,17
X1,X1,0.05568868415169573,Definitive Screening Design,121,17
X2,X2,0.6286303117218794,Definitive Screening Design,121,17
X3 (non-informative),X3,0.13647808085819116,Definitive Screening Design,121,17
Random Normal,Random Normal,0.17920292326823362,Definitive Screening Design,121,17
X1,X1,0.09382563588845733,Definitive Screening Design,122,17
X2,X2,0.6065115424450946,Definitive Screening Design,122,17
X3 (non-informative),X3,0.1372616731494648,Definitive Screening Design,122,17
Random Normal,Random Normal,0.16240114851698334,Definitive Screening Design,122,17
X1,X1,0.0829081457617268,Definitive Screening Design,123,17
X2,X2,0.6897841604858013,Definitive Screening Design,123,17
X3 (non-informative),X3,0.09971755723462648,Definitive Screening Design,123,17
Random Normal,Random Normal,0.12759013651784537,Definitive Screening Design,123,17
X1,X1,0.06571518801214973,Definitive Screening Design,124,17
X2,X2,0.649462188597884,Definitive Screening Design,124,17
X3 (non-informative),X3,0.15425483496404402,Definitive Screening Design,124,17
Random Normal,Random Normal,0.13056778842592226,Definitive Screening Design,124,17
X1,X1,0.0787205937045368,Definitive Screening Design,125,17
X2,X2,0.6220721010763494,Definitive Screening Design,125,17
X3 (non-informative),X3,0.12634689765027007,Definitive Screening Design,125,17
Random Normal,Random Normal,0.17286040756884377,Definitive Screening Design,125,17
X1,X1,0.05487459552478622,Definitive Screening Design,126,17
X2,X2,0.7099448446281155,Definitive Screening Design,126,17
X3 (non-informative),X3,0.10994871566039678,Definitive Screening Design,126,17
Random Normal,Random Normal,0.12523184418670139,Definitive Screening Design,126,17
X1,X1,0.0727084962809801,Definitive Screening Design,127,17
X2,X2,0.5776743572523969,Definitive Screening Design,127,17
X3 (non-informative),X3,0.17190668805260856,Definitive Screening Design,127,17
Random Normal,Random Normal,0.17771045841401434,Definitive Screening Design,127,17
X1,X1,0.08225111311466082,Definitive Screening Design,128,17
X2,X2,0.6035189958020597,Definitive Screening Design,128,17
X3 (non-informative),X3,0.1279810727871941,Definitive Screening Design,128,17
Random Normal,Random Normal,0.18624881829608547,Definitive Screening Design,128,17
X1,X1,0.05115925610105168,Definitive Screening Design,129,17
X2,X2,0.7153211474965868,Definitive Screening Design,129,17
X3 (non-informative),X3,0.11258967188735988,Definitive Screening Design,129,17
Random Normal,Random Normal,0.12092992451500159,Definitive Screening Design,129,17
X1,X1,0.056102423587196006,Definitive Screening Design,130,17
X2,X2,0.6470103505312063,Definitive Screening Design,130,17
X3 (non-informative),X3,0.12332003272327641,Definitive Screening Design,130,17
Random Normal,Random Normal,0.17356719315832134,Definitive Screening Design,130,17
X1,X1,0.07493503843596086,Definitive Screening Design,131,17
X2,X2,0.6719535925070479,Definitive Screening Design,131,17
X3 (non-informative),X3,0.118726890558382,Definitive Screening Design,131,17
Random Normal,Random Normal,0.13438447849860932,Definitive Screening Design,131,17
X1,X1,0.0850619651388198,Definitive Screening Design,132,17
X2,X2,0.6457334428448489,Definitive Screening Design,132,17
X3 (non-informative),X3,0.10372156328041612,Definitive Screening Design,132,17
Random Normal,Random Normal,0.1654830287359151,Definitive Screening Design,132,17
X1,X1,0.06417680885981135,Definitive Screening Design,133,17
X2,X2,0.6419851098036444,Definitive Screening Design,133,17
X3 (non-informative),X3,0.11038280576091217,Definitive Screening Design,133,17
Random Normal,Random Normal,0.18345527557563204,Definitive Screening Design,133,17
X1,X1,0.06700924252185021,Definitive Screening Design,134,17
X2,X2,0.6564649559106227,Definitive Screening Design,134,17
X3 (non-informative),X3,0.15416574968567337,Definitive Screening Design,134,17
Random Normal,Random Normal,0.12236005188185385,Definitive Screening Design,134,17
X1,X1,0.05162064073232357,Definitive Screening Design,135,17
X2,X2,0.6646208328140608,Definitive Screening Design,135,17
X3 (non-informative),X3,0.09815905374833839,Definitive Screening Design,135,17
Random Normal,Random Normal,0.18559947270527719,Definitive Screening Design,135,17
X1,X1,0.06599009655337372,Definitive Screening Design,136,17
X2,X2,0.6193001445047752,Definitive Screening Design,136,17
X3 (non-informative),X3,0.1378693909358016,Definitive Screening Design,136,17
Random Normal,Random Normal,0.17684036800604938,Definitive Screening Design,136,17
X1,X1,0.0860141461616332,Definitive Screening Design,137,17
X2,X2,0.6246819824559431,Definitive Screening Design,137,17
X3 (non-informative),X3,0.10882382025852913,Definitive Screening Design,137,17
Random Normal,Random Normal,0.1804800511238947,Definitive Screening Design,137,17
X1,X1,0.08549928185993122,Definitive Screening Design,138,17
X2,X2,0.6730201976132871,Definitive Screening Design,138,17
X3 (non-informative),X3,0.12524902532704887,Definitive Screening Design,138,17
Random Normal,Random Normal,0.11623149519973279,Definitive Screening Design,138,17
X1,X1,0.075216114866307,Definitive Screening Design,139,17
X2,X2,0.6509131116790742,Definitive Screening Design,139,17
X3 (non-informative),X3,0.13261964897092948,Definitive Screening Design,139,17
Random Normal,Random Normal,0.14125112448368943,Definitive Screening Design,139,17
X1,X1,0.048179293373665624,Definitive Screening Design,140,17
X2,X2,0.7026590509420252,Definitive Screening Design,140,17
X3 (non-informative),X3,0.12362637293532341,Definitive Screening Design,140,17
Random Normal,Random Normal,0.12553528274898573,Definitive Screening Design,140,17
X1,X1,0.07179614717714636,Definitive Screening Design,141,17
X2,X2,0.6376311305038473,Definitive Screening Design,141,17
X3 (non-informative),X3,0.1277759628600929,Definitive Screening Design,141,17
Random Normal,Random Normal,0.16279675945891345,Definitive Screening Design,141,17
X1,X1,0.05868813735839693,Definitive Screening Design,142,17
X2,X2,0.6174398101404934,Definitive Screening Design,142,17
X3 (non-informative),X3,0.08517309412434974,Definitive Screening Design,142,17
Random Normal,Random Normal,0.23869895837675986,Definitive Screening Design,142,17
X1,X1,0.05766557050222087,Definitive Screening Design,143,17
X2,X2,0.6546065422575392,Definitive Screening Design,143,17
X3 (non-informative),X3,0.10836627556708328,Definitive Screening Design,143,17
Random Normal,Random Normal,0.1793616116731565,Definitive Screening Design,143,17
X1,X1,0.06544603789260918,Definitive Screening Design,144,17
X2,X2,0.5511396032971622,Definitive Screening Design,144,17
X3 (non-informative),X3,0.11519393541270159,Definitive Screening Design,144,17
Random Normal,Random Normal,0.26822042339752694,Definitive Screening Design,144,17
X1,X1,0.05593196330323967,Definitive Screening Design,145,17
X2,X2,0.6007995755776341,Definitive Screening Design,145,17
X3 (non-informative),X3,0.13821446531753223,Definitive Screening Design,145,17
Random Normal,Random Normal,0.20505399580159409,Definitive Screening Design,145,17
X1,X1,0.06824430412611994,Definitive Screening Design,146,17
X2,X2,0.6235249931350325,Definitive Screening Design,146,17
X3 (non-informative),X3,0.06295478788443709,Definitive Screening Design,146,17
Random Normal,Random Normal,0.24527591485441033,Definitive Screening Design,146,17
X1,X1,0.0233825584543808,Definitive Screening Design,147,17
X2,X2,0.5690852973508304,Definitive Screening Design,147,17
X3 (non-informative),X3,0.1448292620056655,Definitive Screening Design,147,17
Random Normal,Random Normal,0.26270288218912324,Definitive Screening Design,147,17
X1,X1,0.046786342794711805,Definitive Screening Design,148,17
X2,X2,0.5856088418079421,Definitive Screening Design,148,17
X3 (non-informative),X3,0.06993238818759846,Definitive Screening Design,148,17
Random Normal,Random Normal,0.2976724272097477,Definitive Screening Design,148,17
X1,X1,0.08698698142654183,Definitive Screening Design,149,17
X2,X2,0.6086262275334489,Definitive Screening Design,149,17
X3 (non-informative),X3,0.14638087225954327,Definitive Screening Design,149,17
Random Normal,Random Normal,0.15800591878046605,Definitive Screening Design,149,17
X1,X1,0.053603575348612036,Definitive Screening Design,150,17
X2,X2,0.6237664399446766,Definitive Screening Design,150,17
X3 (non-informative),X3,0.08960246155444448,Definitive Screening Design,150,17
Random Normal,Random Normal,0.23302752315226682,Definitive Screening Design,150,17
X1,X1,0.07372178380592989,Definitive Screening Design,151,17
X2,X2,0.6760872346043431,Definitive Screening Design,151,17
X3 (non-informative),X3,0.13026383156213375,Definitive Screening Design,151,17
Random Normal,Random Normal,0.11992715002759348,Definitive Screening Design,151,17
X1,X1,0.07898719178223719,Definitive Screening Design,152,17
X2,X2,0.6507953503353137,Definitive Screening Design,152,17
X3 (non-informative),X3,0.1349645680663339,Definitive Screening Design,152,17
Random Normal,Random Normal,0.13525288981611525,Definitive Screening Design,152,17
X1,X1,0.06796924196049454,Definitive Screening Design,153,17
X2,X2,0.6176175637960688,Definitive Screening Design,153,17
X3 (non-informative),X3,0.1323550414169671,Definitive Screening Design,153,17
Random Normal,Random Normal,0.1820581528264696,Definitive Screening Design,153,17
X1,X1,0.04737848209315519,Definitive Screening Design,154,17
X2,X2,0.5829106915387811,Definitive Screening Design,154,17
X3 (non-informative),X3,0.13218559330122095,Definitive Screening Design,154,17
Random Normal,Random Normal,0.23752523306684284,Definitive Screening Design,154,17
X1,X1,0.08968939685255359,Definitive Screening Design,155,17
X2,X2,0.6262496889593074,Definitive Screening Design,155,17
X3 (non-informative),X3,0.15642900616189598,Definitive Screening Design,155,17
Random Normal,Random Normal,0.12763190802624294,Definitive Screening Design,155,17
X1,X1,0.06602407772253882,Definitive Screening Design,156,17
X2,X2,0.6847391757087821,Definitive Screening Design,156,17
X3 (non-informative),X3,0.15260947939125927,Definitive Screening Design,156,17
Random Normal,Random Normal,0.09662726717741983,Definitive Screening Design,156,17
X1,X1,0.07128775473359994,Definitive Screening Design,157,17
X2,X2,0.6227961061667034,Definitive Screening Design,157,17
X3 (non-informative),X3,0.09113326561515962,Definitive Screening Design,157,17
Random Normal,Random Normal,0.21478287348453712,Definitive Screening Design,157,17
X1,X1,0.08727616888529044,Definitive Screening Design,158,17
X2,X2,0.6490243157754293,Definitive Screening Design,158,17
X3 (non-informative),X3,0.1354285311305155,Definitive Screening Design,158,17
Random Normal,Random Normal,0.12827098420876465,Definitive Screening Design,158,17
X1,X1,0.05335067330777323,Definitive Screening Design,159,17
X2,X2,0.5963845728208401,Definitive Screening Design,159,17
X3 (non-informative),X3,0.18089362504248974,Definitive Screening Design,159,17
Random Normal,Random Normal,0.16937112882889677,Definitive Screening Design,159,17
X1,X1,0.05372868784851385,Definitive Screening Design,160,17
X2,X2,0.6548684516220675,Definitive Screening Design,160,17
X3 (non-informative),X3,0.0933796184467998,Definitive Screening Design,160,17
Random Normal,Random Normal,0.19802324208261876,Definitive Screening Design,160,17
X1,X1,0.07410756807669487,Definitive Screening Design,161,17
X2,X2,0.6503655568190262,Definitive Screening Design,161,17
X3 (non-informative),X3,0.16460418515607791,Definitive Screening Design,161,17
Random Normal,Random Normal,0.1109226899482011,Definitive Screening Design,161,17
X1,X1,0.10279229327500172,Definitive Screening Design,162,17
X2,X2,0.5883631832494576,Definitive Screening Design,162,17
X3 (non-informative),X3,0.13555989630525786,Definitive Screening Design,162,17
Random Normal,Random Normal,0.17328462717028273,Definitive Screening Design,162,17
X1,X1,0.07536551280446353,Definitive Screening Design,163,17
X2,X2,0.6646593269353005,Definitive Screening Design,163,17
X3 (non-informative),X3,0.14039239328927403,Definitive Screening Design,163,17
Random Normal,Random Normal,0.11958276697096189,Definitive Screening Design,163,17
X1,X1,0.04779359020487232,Definitive Screening Design,164,17
X2,X2,0.5358077948276752,Definitive Screening Design,164,17
X3 (non-informative),X3,0.08958490178034041,Definitive Screening Design,164,17
Random Normal,Random Normal,0.32681371318711205,Definitive Screening Design,164,17
X1,X1,0.08215827063335998,Definitive Screening Design,165,17
X2,X2,0.6949189982514333,Definitive Screening Design,165,17
X3 (non-informative),X3,0.1267167976503113,Definitive Screening Design,165,17
Random Normal,Random Normal,0.09620593346489525,Definitive Screening Design,165,17
X1,X1,0.08571770581354349,Definitive Screening Design,166,17
X2,X2,0.6600108586411827,Definitive Screening Design,166,17
X3 (non-informative),X3,0.1582103896266142,Definitive Screening Design,166,17
Random Normal,Random Normal,0.09606104591865954,Definitive Screening Design,166,17
X1,X1,0.0630452724384976,Definitive Screening Design,167,17
X2,X2,0.6057464113013457,Definitive Screening Design,167,17
X3 (non-informative),X3,0.12766705290297678,Definitive Screening Design,167,17
Random Normal,Random Normal,0.20354126335717992,Definitive Screening Design,167,17
X1,X1,0.04136000089937447,Definitive Screening Design,168,17
X2,X2,0.6621117635413608,Definitive Screening Design,168,17
X3 (non-informative),X3,0.08727001291233757,Definitive Screening Design,168,17
Random Normal,Random Normal,0.20925822264692726,Definitive Screening Design,168,17
X1,X1,0.06487985122127561,Definitive Screening Design,169,17
X2,X2,0.6164399215253339,Definitive Screening Design,169,17
X3 (non-informative),X3,0.06869093441035229,Definitive Screening Design,169,17
Random Normal,Random Normal,0.24998929284303814,Definitive Screening Design,169,17
X1,X1,0.06944168656482064,Definitive Screening Design,170,17
X2,X2,0.6706456268189144,Definitive Screening Design,170,17
X3 (non-informative),X3,0.16634832362948,Definitive Screening Design,170,17
Random Normal,Random Normal,0.09356436298678494,Definitive Screening Design,170,17
X1,X1,0.04518640974598258,Definitive Screening Design,171,17
X2,X2,0.5157740344089483,Definitive Screening Design,171,17
X3 (non-informative),X3,0.11874112891025013,Definitive Screening Design,171,17
Random Normal,Random Normal,0.32029842693481886,Definitive Screening Design,171,17
X1,X1,0.04424458293861318,Definitive Screening Design,172,17
X2,X2,0.6633998684856501,Definitive Screening Design,172,17
X3 (non-informative),X3,0.12563345848867447,Definitive Screening Design,172,17
Random Normal,Random Normal,0.16672209008706212,Definitive Screening Design,172,17
X1,X1,0.05944072055828008,Definitive Screening Design,173,17
X2,X2,0.6292120970420165,Definitive Screening Design,173,17
X3 (non-informative),X3,0.11513007936628894,Definitive Screening Design,173,17
Random Normal,Random Normal,0.19621710303341433,Definitive Screening Design,173,17
X1,X1,0.0753144033578977,Definitive Screening Design,174,17
X2,X2,0.6130598288640949,Definitive Screening Design,174,17
X3 (non-informative),X3,0.1211797929533287,Definitive Screening Design,174,17
Random Normal,Random Normal,0.1904459748246788,Definitive Screening Design,174,17
X1,X1,0.06979741182666722,Definitive Screening Design,175,17
X2,X2,0.5722377030712812,Definitive Screening Design,175,17
X3 (non-informative),X3,0.13966732546487598,Definitive Screening Design,175,17
Random Normal,Random Normal,0.2182975596371758,Definitive Screening Design,175,17
X1,X1,0.06775601232326971,Definitive Screening Design,176,17
X2,X2,0.4697155205432636,Definitive Screening Design,176,17
X3 (non-informative),X3,0.07846536351492416,Definitive Screening Design,176,17
Random Normal,Random Normal,0.3840631036185425,Definitive Screening Design,176,17
X1,X1,0.07106977729798668,Definitive Screening Design,177,17
X2,X2,0.5742608162085105,Definitive Screening Design,177,17
X3 (non-informative),X3,0.08054198508797807,Definitive Screening Design,177,17
Random Normal,Random Normal,0.2741274214055247,Definitive Screening Design,177,17
X1,X1,0.06409132983677529,Definitive Screening Design,178,17
X2,X2,0.6444965592359128,Definitive Screening Design,178,17
X3 (non-informative),X3,0.10699691303563455,Definitive Screening Design,178,17
Random Normal,Random Normal,0.18441519789167735,Definitive Screening Design,178,17
X1,X1,0.0707139078169283,Definitive Screening Design,179,17
X2,X2,0.6280347897947846,Definitive Screening Design,179,17
X3 (non-informative),X3,0.15380549667909862,Definitive Screening Design,179,17
Random Normal,Random Normal,0.14744580570918855,Definitive Screening Design,179,17
X1,X1,0.06646424442802337,Definitive Screening Design,180,17
X2,X2,0.625827788409497,Definitive Screening Design,180,17
X3 (non-informative),X3,0.09079984456278471,Definitive Screening Design,180,17
Random Normal,Random Normal,0.2169081225996949,Definitive Screening Design,180,17
X1,X1,0.027062077107059275,Definitive Screening Design,181,17
X2,X2,0.6212075342238554,Definitive Screening Design,181,17
X3 (non-informative),X3,0.10493281674450548,Definitive Screening Design,181,17
Random Normal,Random Normal,0.24679757192457974,Definitive Screening Design,181,17
X1,X1,0.05251791833012902,Definitive Screening Design,182,17
X2,X2,0.6315780699172323,Definitive Screening Design,182,17
X3 (non-informative),X3,0.17498824233676316,Definitive Screening Design,182,17
Random Normal,Random Normal,0.14091576941587555,Definitive Screening Design,182,17
X1,X1,0.08977989583728052,Definitive Screening Design,183,17
X2,X2,0.6191260528431304,Definitive Screening Design,183,17
X3 (non-informative),X3,0.1535783560327606,Definitive Screening Design,183,17
Random Normal,Random Normal,0.13751569528682855,Definitive Screening Design,183,17
X1,X1,0.07463719767739017,Definitive Screening Design,184,17
X2,X2,0.6683092217953559,Definitive Screening Design,184,17
X3 (non-informative),X3,0.13169217409296197,Definitive Screening Design,184,17
Random Normal,Random Normal,0.12536140643429203,Definitive Screening Design,184,17
X1,X1,0.07608796612846973,Definitive Screening Design,185,17
X2,X2,0.6404738754160004,Definitive Screening Design,185,17
X3 (non-informative),X3,0.07976137941310348,Definitive Screening Design,185,17
Random Normal,Random Normal,0.20367677904242645,Definitive Screening Design,185,17
X1,X1,0.08548952260450073,Definitive Screening Design,186,17
X2,X2,0.5684743594083614,Definitive Screening Design,186,17
X3 (non-informative),X3,0.18070572319963912,Definitive Screening Design,186,17
Random Normal,Random Normal,0.16533039478749872,Definitive Screening Design,186,17
X1,X1,0.06175741138486313,Definitive Screening Design,187,17
X2,X2,0.6112903123549663,Definitive Screening Design,187,17
X3 (non-informative),X3,0.13004329983645863,Definitive Screening Design,187,17
Random Normal,Random Normal,0.19690897642371183,Definitive Screening Design,187,17
X1,X1,0.05391550862121532,Definitive Screening Design,188,17
X2,X2,0.5921824171575163,Definitive Screening Design,188,17
X3 (non-informative),X3,0.15536277411773514,Definitive Screening Design,188,17
Random Normal,Random Normal,0.19853930010353316,Definitive Screening Design,188,17
X1,X1,0.05599716127053846,Definitive Screening Design,189,17
X2,X2,0.6250653813983922,Definitive Screening Design,189,17
X3 (non-informative),X3,0.05904615752928317,Definitive Screening Design,189,17
Random Normal,Random Normal,0.25989129980178627,Definitive Screening Design,189,17
X1,X1,0.06934940014138545,Definitive Screening Design,190,17
X2,X2,0.5462009551841501,Definitive Screening Design,190,17
X3 (non-informative),X3,0.1034918553750858,Definitive Screening Design,190,17
Random Normal,Random Normal,0.2809577892993785,Definitive Screening Design,190,17
X1,X1,0.0715324396180162,Definitive Screening Design,191,17
X2,X2,0.6446418164020741,Definitive Screening Design,191,17
X3 (non-informative),X3,0.12967271150290896,Definitive Screening Design,191,17
Random Normal,Random Normal,0.15415303247700088,Definitive Screening Design,191,17
X1,X1,0.0707138764708276,Definitive Screening Design,192,17
X2,X2,0.6234265632671339,Definitive Screening Design,192,17
X3 (non-informative),X3,0.13476308794950892,Definitive Screening Design,192,17
Random Normal,Random Normal,0.17109647231252967,Definitive Screening Design,192,17
X1,X1,0.08027608062456826,Definitive Screening Design,193,17
X2,X2,0.6533709464797235,Definitive Screening Design,193,17
X3 (non-informative),X3,0.12177553223451018,Definitive Screening Design,193,17
Random Normal,Random Normal,0.1445774406611981,Definitive Screening Design,193,17
X1,X1,0.0764542475491202,Definitive Screening Design,194,17
X2,X2,0.6315452874773086,Definitive Screening Design,194,17
X3 (non-informative),X3,0.11660318743825185,Definitive Screening Design,194,17
Random Normal,Random Normal,0.17539727753531933,Definitive Screening Design,194,17
X1,X1,0.044956214267365575,Definitive Screening Design,195,17
X2,X2,0.6174039319502653,Definitive Screening Design,195,17
X3 (non-informative),X3,0.10418859277013033,Definitive Screening Design,195,17
Random Normal,Random Normal,0.23345126101223876,Definitive Screening Design,195,17
X1,X1,0.05784789449355019,Definitive Screening Design,196,17
X2,X2,0.6493469956096644,Definitive Screening Design,196,17
X3 (non-informative),X3,0.13697544504508932,Definitive Screening Design,196,17
Random Normal,Random Normal,0.15582966485169622,Definitive Screening Design,196,17
X1,X1,0.07037230152766923,Definitive Screening Design,197,17
X2,X2,0.5577327948348684,Definitive Screening Design,197,17
X3 (non-informative),X3,0.13320010070113641,Definitive Screening Design,197,17
Random Normal,Random Normal,0.23869480293632603,Definitive Screening Design,197,17
X1,X1,0.0645848503066791,Definitive Screening Design,198,17
X2,X2,0.6538410189854623,Definitive Screening Design,198,17
X3 (non-informative),X3,0.12837442688464323,Definitive Screening Design,198,17
Random Normal,Random Normal,0.15319970382321527,Definitive Screening Design,198,17
X1,X1,0.05263405196763507,Definitive Screening Design,199,17
X2,X2,0.6407647468167779,Definitive Screening Design,199,17
X3 (non-informative),X3,0.07300280641618229,Definitive Screening Design,199,17
Random Normal,Random Normal,0.2335983947994048,Definitive Screening Design,199,17
X1,X1,0.08565596820604732,Definitive Screening Design,200,17
X2,X2,0.656143569019843,Definitive Screening Design,200,17
X3 (non-informative),X3,0.0998809914781033,Definitive Screening Design,200,17
Random Normal,Random Normal,0.15831947129600635,Definitive Screening Design,200,17
X1,X1,0.04742602603049409,Definitive Screening Design,201,17
X2,X2,0.5502175758544677,Definitive Screening Design,201,17
X3 (non-informative),X3,0.09778713833748426,Definitive Screening Design,201,17
Random Normal,Random Normal,0.30456925977755395,Definitive Screening Design,201,17
X1,X1,0.07835489127728802,Definitive Screening Design,202,17
X2,X2,0.6255232382437191,Definitive Screening Design,202,17
X3 (non-informative),X3,0.08326708295554686,Definitive Screening Design,202,17
Random Normal,Random Normal,0.21285478752344594,Definitive Screening Design,202,17
X1,X1,0.09122888733239545,Definitive Screening Design,203,17
X2,X2,0.6579551028869738,Definitive Screening Design,203,17
X3 (non-informative),X3,0.1615147963273263,Definitive Screening Design,203,17
Random Normal,Random Normal,0.08930121345330443,Definitive Screening Design,203,17
X1,X1,0.08996863071329349,Definitive Screening Design,204,17
X2,X2,0.6154394260880234,Definitive Screening Design,204,17
X3 (non-informative),X3,0.13113090154142734,Definitive Screening Design,204,17
Random Normal,Random Normal,0.16346104165725572,Definitive Screening Design,204,17
X1,X1,0.07787795953829836,Definitive Screening Design,205,17
X2,X2,0.6590943986137757,Definitive Screening Design,205,17
X3 (non-informative),X3,0.13784311853941397,Definitive Screening Design,205,17
Random Normal,Random Normal,0.12518452330851207,Definitive Screening Design,205,17
X1,X1,0.03838818641203104,Definitive Screening Design,206,17
X2,X2,0.6309498780802313,Definitive Screening Design,206,17
X3 (non-informative),X3,0.07894018674696965,Definitive Screening Design,206,17
Random Normal,Random Normal,0.2517217487607679,Definitive Screening Design,206,17
X1,X1,0.07658310523136828,Definitive Screening Design,207,17
X2,X2,0.6044897634518569,Definitive Screening Design,207,17
X3 (non-informative),X3,0.15070461424003856,Definitive Screening Design,207,17
Random Normal,Random Normal,0.16822251707673616,Definitive Screening Design,207,17
X1,X1,0.05515012275360503,Definitive Screening Design,208,17
X2,X2,0.6471977705650812,Definitive Screening Design,208,17
X3 (non-informative),X3,0.1590750687056242,Definitive Screening Design,208,17
Random Normal,Random Normal,0.13857703797568974,Definitive Screening Design,208,17
X1,X1,0.07536217964658597,Definitive Screening Design,209,17
X2,X2,0.6306234361987406,Definitive Screening Design,209,17
X3 (non-informative),X3,0.10297288815176202,Definitive Screening Design,209,17
Random Normal,Random Normal,0.19104149600291132,Definitive Screening Design,209,17
X1,X1,0.06588551326938337,Definitive Screening Design,210,17
X2,X2,0.653889810524389,Definitive Screening Design,210,17
X3 (non-informative),X3,0.13931180237745913,Definitive Screening Design,210,17
Random Normal,Random Normal,0.14091287382876855,Definitive Screening Design,210,17
X1,X1,0.06380502008759958,Definitive Screening Design,211,17
X2,X2,0.6432428014685775,Definitive Screening Design,211,17
X3 (non-informative),X3,0.1122437088751793,Definitive Screening Design,211,17
Random Normal,Random Normal,0.1807084695686437,Definitive Screening Design,211,17
X1,X1,0.05826748626547375,Definitive Screening Design,212,17
X2,X2,0.6906593702646322,Definitive Screening Design,212,17
X3 (non-informative),X3,0.11263661876299681,Definitive Screening Design,212,17
Random Normal,Random Normal,0.13843652470689746,Definitive Screening Design,212,17
X1,X1,0.036100148791837705,Definitive Screening Design,213,17
X2,X2,0.602935976088844,Definitive Screening Design,213,17
X3 (non-informative),X3,0.09603778403893938,Definitive Screening Design,213,17
Random Normal,Random Normal,0.2649260910803789,Definitive Screening Design,213,17
X1,X1,0.058111297594608965,Definitive Screening Design,214,17
X2,X2,0.6216936934820696,Definitive Screening Design,214,17
X3 (non-informative),X3,0.15832432626904042,Definitive Screening Design,214,17
Random Normal,Random Normal,0.16187068265428092,Definitive Screening Design,214,17
X1,X1,0.09161449091887015,Definitive Screening Design,215,17
X2,X2,0.5728515548429655,Definitive Screening Design,215,17
X3 (non-informative),X3,0.09966302310642386,Definitive Screening Design,215,17
Random Normal,Random Normal,0.2358709311317405,Definitive Screening Design,215,17
X1,X1,0.08573181003226961,Definitive Screening Design,216,17
X2,X2,0.642594402293217,Definitive Screening Design,216,17
X3 (non-informative),X3,0.11563883017394173,Definitive Screening Design,216,17
Random Normal,Random Normal,0.15603495750057172,Definitive Screening Design,216,17
X1,X1,0.06357133246465745,Definitive Screening Design,217,17
X2,X2,0.6314915415517874,Definitive Screening Design,217,17
X3 (non-informative),X3,0.06402173632929803,Definitive Screening Design,217,17
Random Normal,Random Normal,0.24091538965425713,Definitive Screening Design,217,17
X1,X1,0.04160669832572198,Definitive Screening Design,218,17
X2,X2,0.5287900336292336,Definitive Screening Design,218,17
X3 (non-informative),X3,0.11842057466138535,Definitive Screening Design,218,17
Random Normal,Random Normal,0.311182693383659,Definitive Screening Design,218,17
X1,X1,0.04943675894382371,Definitive Screening Design,219,17
X2,X2,0.5832932656629825,Definitive Screening Design,219,17
X3 (non-informative),X3,0.08349496859991147,Definitive Screening Design,219,17
Random Normal,Random Normal,0.2837750067932824,Definitive Screening Design,219,17
X1,X1,0.06302645330217994,Definitive Screening Design,220,17
X2,X2,0.622998993717209,Definitive Screening Design,220,17
X3 (non-informative),X3,0.12160989878253889,Definitive Screening Design,220,17
Random Normal,Random Normal,0.1923646541980721,Definitive Screening Design,220,17
X1,X1,0.07117754148496083,Definitive Screening Design,221,17
X2,X2,0.5904757483042354,Definitive Screening Design,221,17
X3 (non-informative),X3,0.08708515057451477,Definitive Screening Design,221,17
Random Normal,Random Normal,0.2512615596362889,Definitive Screening Design,221,17
X1,X1,0.06004494389750981,Definitive Screening Design,222,17
X2,X2,0.6646243253348745,Definitive Screening Design,222,17
X3 (non-informative),X3,0.09201175782011096,Definitive Screening Design,222,17
Random Normal,Random Normal,0.1833189729475048,Definitive Screening Design,222,17
X1,X1,0.07682474649010362,Definitive Screening Design,223,17
X2,X2,0.5925471753531037,Definitive Screening Design,223,17
X3 (non-informative),X3,0.17112047765924604,Definitive Screening Design,223,17
Random Normal,Random Normal,0.15950760049754653,Definitive Screening Design,223,17
X1,X1,0.03776322135028576,Definitive Screening Design,224,17
X2,X2,0.5795739971620246,Definitive Screening Design,224,17
X3 (non-informative),X3,0.11702562752331583,Definitive Screening Design,224,17
Random Normal,Random Normal,0.26563715396437365,Definitive Screening Design,224,17
X1,X1,0.08755210432314725,Definitive Screening Design,225,17
X2,X2,0.622921777908869,Definitive Screening Design,225,17
X3 (non-informative),X3,0.1587683756887409,Definitive Screening Design,225,17
Random Normal,Random Normal,0.13075774207924287,Definitive Screening Design,225,17
X1,X1,0.052144205412637014,Definitive Screening Design,226,17
X2,X2,0.5141350644815357,Definitive Screening Design,226,17
X3 (non-informative),X3,0.08740801956409915,Definitive Screening Design,226,17
Random Normal,Random Normal,0.34631271054172813,Definitive Screening Design,226,17
X1,X1,0.09487374940948186,Definitive Screening Design,227,17
X2,X2,0.6332006258753151,Definitive Screening Design,227,17
X3 (non-informative),X3,0.09683957204259956,Definitive Screening Design,227,17
Random Normal,Random Normal,0.17508605267260346,Definitive Screening Design,227,17
X1,X1,0.07217539600959437,Definitive Screening Design,228,17
X2,X2,0.6916748273660501,Definitive Screening Design,228,17
X3 (non-informative),X3,0.13381899807787617,Definitive Screening Design,228,17
Random Normal,Random Normal,0.10233077854647926,Definitive Screening Design,228,17
X1,X1,0.06581035212498983,Definitive Screening Design,229,17
X2,X2,0.6076208761871748,Definitive Screening Design,229,17
X3 (non-informative),X3,0.0953697114004622,Definitive Screening Design,229,17
Random Normal,Random Normal,0.2311990602873733,Definitive Screening Design,229,17
X1,X1,0.05060027630770458,Definitive Screening Design,230,17
X2,X2,0.5978777767241937,Definitive Screening Design,230,17
X3 (non-informative),X3,0.1637253855318302,Definitive Screening Design,230,17
Random Normal,Random Normal,0.18779656143627158,Definitive Screening Design,230,17
X1,X1,0.07056509777496515,Definitive Screening Design,231,17
X2,X2,0.6235148515219273,Definitive Screening Design,231,17
X3 (non-informative),X3,0.1279292396407089,Definitive Screening Design,231,17
Random Normal,Random Normal,0.17799081106239853,Definitive Screening Design,231,17
X1,X1,0.07671452654969346,Definitive Screening Design,232,17
X2,X2,0.5919020409529261,Definitive Screening Design,232,17
X3 (non-informative),X3,0.08099066121702925,Definitive Screening Design,232,17
Random Normal,Random Normal,0.25039277128035115,Definitive Screening Design,232,17
X1,X1,0.03818629447763044,Definitive Screening Design,233,17
X2,X2,0.5436744772878324,Definitive Screening Design,233,17
X3 (non-informative),X3,0.07197506050333617,Definitive Screening Design,233,17
Random Normal,Random Normal,0.3461641677312011,Definitive Screening Design,233,17
X1,X1,0.038832661328193824,Definitive Screening Design,234,17
X2,X2,0.589235443764586,Definitive Screening Design,234,17
X3 (non-informative),X3,0.09135412974247392,Definitive Screening Design,234,17
Random Normal,Random Normal,0.28057776516474614,Definitive Screening Design,234,17
X1,X1,0.051028600285970324,Definitive Screening Design,235,17
X2,X2,0.6656784188048458,Definitive Screening Design,235,17
X3 (non-informative),X3,0.09878588370335853,Definitive Screening Design,235,17
Random Normal,Random Normal,0.18450709720582523,Definitive Screening Design,235,17
X1,X1,0.06023974280988523,Definitive Screening Design,236,17
X2,X2,0.6933819729785236,Definitive Screening Design,236,17
X3 (non-informative),X3,0.0870119772416904,Definitive Screening Design,236,17
Random Normal,Random Normal,0.15936630696990092,Definitive Screening Design,236,17
X1,X1,0.07544339394273104,Definitive Screening Design,237,17
X2,X2,0.6533150296234664,Definitive Screening Design,237,17
X3 (non-informative),X3,0.1509739356880693,Definitive Screening Design,237,17
Random Normal,Random Normal,0.12026764074573315,Definitive Screening Design,237,17
X1,X1,0.049626825015493675,Definitive Screening Design,238,17
X2,X2,0.6261233699337944,Definitive Screening Design,238,17
X3 (non-informative),X3,0.07927868037964039,Definitive Screening Design,238,17
Random Normal,Random Normal,0.24497112467107157,Definitive Screening Design,238,17
X1,X1,0.057690228697671604,Definitive Screening Design,239,17
X2,X2,0.6104734568628502,Definitive Screening Design,239,17
X3 (non-informative),X3,0.08904388778603148,Definitive Screening Design,239,17
Random Normal,Random Normal,0.24279242665344675,Definitive Screening Design,239,17
X1,X1,0.0656158440293478,Definitive Screening Design,240,17
X2,X2,0.6333904027164464,Definitive Screening Design,240,17
X3 (non-informative),X3,0.18383460522368328,Definitive Screening Design,240,17
Random Normal,Random Normal,0.11715914803052235,Definitive Screening Design,240,17
X1,X1,0.059899908392522454,Definitive Screening Design,241,17
X2,X2,0.6144778123358544,Definitive Screening Design,241,17
X3 (non-informative),X3,0.10114716619487205,Definitive Screening Design,241,17
Random Normal,Random Normal,0.22447511307675116,Definitive Screening Design,241,17
X1,X1,0.07170829919611467,Definitive Screening Design,242,17
X2,X2,0.6630523612240734,Definitive Screening Design,242,17
X3 (non-informative),X3,0.1614305390761052,Definitive Screening Design,242,17
Random Normal,Random Normal,0.10380880050370678,Definitive Screening Design,242,17
X1,X1,0.033006697078353874,Definitive Screening Design,243,17
X2,X2,0.6151559490968833,Definitive Screening Design,243,17
X3 (non-informative),X3,0.11211796463300618,Definitive Screening Design,243,17
Random Normal,Random Normal,0.23971938919175662,Definitive Screening Design,243,17
X1,X1,0.07549957527505886,Definitive Screening Design,244,17
X2,X2,0.6891831446042657,Definitive Screening Design,244,17
X3 (non-informative),X3,0.14019031543966498,Definitive Screening Design,244,17
Random Normal,Random Normal,0.09512696468101044,Definitive Screening Design,244,17
X1,X1,0.06734922091638056,Definitive Screening Design,245,17
X2,X2,0.5869336856358812,Definitive Screening Design,245,17
X3 (non-informative),X3,0.16617031762362894,Definitive Screening Design,245,17
Random Normal,Random Normal,0.17954677582410913,Definitive Screening Design,245,17
X1,X1,0.051902641507976494,Definitive Screening Design,246,17
X2,X2,0.6165287710329896,Definitive Screening Design,246,17
X3 (non-informative),X3,0.15096833764488818,Definitive Screening Design,246,17
Random Normal,Random Normal,0.18060024981414566,Definitive Screening Design,246,17
X1,X1,0.08835667412600613,Definitive Screening Design,247,17
X2,X2,0.5140304505970633,Definitive Screening Design,247,17
X3 (non-informative),X3,0.10900798454176909,Definitive Screening Design,247,17
Random Normal,Random Normal,0.28860489073516143,Definitive Screening Design,247,17
X1,X1,0.07931882125177311,Definitive Screening Design,248,17
X2,X2,0.644006948883603,Definitive Screening Design,248,17
X3 (non-informative),X3,0.14268638847686876,Definitive Screening Design,248,17
Random Normal,Random Normal,0.13398784138775519,Definitive Screening Design,248,17
X1,X1,0.06151935474217678,Definitive Screening Design,249,17
X2,X2,0.6715413369943994,Definitive Screening Design,249,17
X3 (non-informative),X3,0.14164405811347244,Definitive Screening Design,249,17
Random Normal,Random Normal,0.12529525014995133,Definitive Screening Design,249,17
X1,X1,0.09641717521785542,Definitive Screening Design,250,17
X2,X2,0.6486726196958552,Definitive Screening Design,250,17
X3 (non-informative),X3,0.15557758168811756,Definitive Screening Design,250,17
Random Normal,Random Normal,0.0993326233981719,Definitive Screening Design,250,17
X1,X1,0.037995210444175385,Definitive Screening Design,251,17
X2,X2,0.542526866159305,Definitive Screening Design,251,17
X3 (non-informative),X3,0.08119315986824245,Definitive Screening Design,251,17
Random Normal,Random Normal,0.338284763528277,Definitive Screening Design,251,17
X1,X1,0.09449697254305182,Definitive Screening Design,252,17
X2,X2,0.5789720041667437,Definitive Screening Design,252,17
X3 (non-informative),X3,0.08217431102128299,Definitive Screening Design,252,17
Random Normal,Random Normal,0.24435671226892164,Definitive Screening Design,252,17
X1,X1,0.04028918431111278,Definitive Screening Design,253,17
X2,X2,0.6275716727437429,Definitive Screening Design,253,17
X3 (non-informative),X3,0.14852246535265864,Definitive Screening Design,253,17
Random Normal,Random Normal,0.18361667759248582,Definitive Screening Design,253,17
X1,X1,0.0703425276645611,Definitive Screening Design,254,17
X2,X2,0.6163376008694185,Definitive Screening Design,254,17
X3 (non-informative),X3,0.11596089113059996,Definitive Screening Design,254,17
Random Normal,Random Normal,0.1973589803354204,Definitive Screening Design,254,17
X1,X1,0.04157494956435028,Definitive Screening Design,255,17
X2,X2,0.6687821055037766,Definitive Screening Design,255,17
X3 (non-informative),X3,0.16178510014067285,Definitive Screening Design,255,17
Random Normal,Random Normal,0.1278578447912003,Definitive Screening Design,255,17
X1,X1,0.06687898052696392,Definitive Screening Design,256,17
X2,X2,0.6156099814404074,Definitive Screening Design,256,17
X3 (non-informative),X3,0.13691291126399657,Definitive Screening Design,256,17
Random Normal,Random Normal,0.1805981267686322,Definitive Screening Design,256,17
X1,X1,0.0976965287173657,Definitive Screening Design,257,17
X2,X2,0.6222159470054079,Definitive Screening Design,257,17
X3 (non-informative),X3,0.1114887563244273,Definitive Screening Design,257,17
Random Normal,Random Normal,0.1685987679527992,Definitive Screening Design,257,17
X1,X1,0.04414117312576531,Definitive Screening Design,258,17
X2,X2,0.39181955210554087,Definitive Screening Design,258,17
X3 (non-informative),X3,0.06596198508057395,Definitive Screening Design,258,17
Random Normal,Random Normal,0.49807728968812,Definitive Screening Design,258,17
X1,X1,0.06622432399663243,Definitive Screening Design,259,17
X2,X2,0.657130977468114,Definitive Screening Design,259,17
X3 (non-informative),X3,0.12028007126501931,Definitive Screening Design,259,17
Random Normal,Random Normal,0.15636462727023423,Definitive Screening Design,259,17
X1,X1,0.06429203787433353,Definitive Screening Design,260,17
X2,X2,0.6555254874212821,Definitive Screening Design,260,17
X3 (non-informative),X3,0.10767148463535944,Definitive Screening Design,260,17
Random Normal,Random Normal,0.17251099006902496,Definitive Screening Design,260,17
X1,X1,0.08261401910297102,Definitive Screening Design,261,17
X2,X2,0.5941518311801723,Definitive Screening Design,261,17
X3 (non-informative),X3,0.13238526748792623,Definitive Screening Design,261,17
Random Normal,Random Normal,0.19084888222893048,Definitive Screening Design,261,17
X1,X1,0.06103090726943552,Definitive Screening Design,262,17
X2,X2,0.6166332287875663,Definitive Screening Design,262,17
X3 (non-informative),X3,0.099084835294442,Definitive Screening Design,262,17
Random Normal,Random Normal,0.22325102864855606,Definitive Screening Design,262,17
X1,X1,0.0512203005804955,Definitive Screening Design,263,17
X2,X2,0.6366066184909723,Definitive Screening Design,263,17
X3 (non-informative),X3,0.12330913721647141,Definitive Screening Design,263,17
Random Normal,Random Normal,0.18886394371206078,Definitive Screening Design,263,17
X1,X1,0.08699436421439403,Definitive Screening Design,264,17
X2,X2,0.6472167757861221,Definitive Screening Design,264,17
X3 (non-informative),X3,0.12021419450471661,Definitive Screening Design,264,17
Random Normal,Random Normal,0.14557466549476722,Definitive Screening Design,264,17
X1,X1,0.07462258294353917,Definitive Screening Design,265,17
X2,X2,0.6188488314224572,Definitive Screening Design,265,17
X3 (non-informative),X3,0.0800047886071567,Definitive Screening Design,265,17
Random Normal,Random Normal,0.2265237970268468,Definitive Screening Design,265,17
X1,X1,0.06066745653687688,Definitive Screening Design,266,17
X2,X2,0.646811265756041,Definitive Screening Design,266,17
X3 (non-informative),X3,0.08694308092854854,Definitive Screening Design,266,17
Random Normal,Random Normal,0.20557819677853373,Definitive Screening Design,266,17
X1,X1,0.060045096050045745,Definitive Screening Design,267,17
X2,X2,0.6113935855183136,Definitive Screening Design,267,17
X3 (non-informative),X3,0.08259245109979159,Definitive Screening Design,267,17
Random Normal,Random Normal,0.2459688673318491,Definitive Screening Design,267,17
X1,X1,0.07695104371814025,Definitive Screening Design,268,17
X2,X2,0.614549066640808,Definitive Screening Design,268,17
X3 (non-informative),X3,0.0984017569177539,Definitive Screening Design,268,17
Random Normal,Random Normal,0.2100981327232978,Definitive Screening Design,268,17
X1,X1,0.06635460093796494,Definitive Screening Design,269,17
X2,X2,0.6311158609477129,Definitive Screening Design,269,17
X3 (non-informative),X3,0.11290399556432688,Definitive Screening Design,269,17
Random Normal,Random Normal,0.18962554254999525,Definitive Screening Design,269,17
X1,X1,0.11579200992646013,Definitive Screening Design,270,17
X2,X2,0.5694465333848971,Definitive Screening Design,270,17
X3 (non-informative),X3,0.17217689330005473,Definitive Screening Design,270,17
Random Normal,Random Normal,0.14258456338858785,Definitive Screening Design,270,17
X1,X1,0.061326729370405286,Definitive Screening Design,271,17
X2,X2,0.6452923240909856,Definitive Screening Design,271,17
X3 (non-informative),X3,0.0936209687600299,Definitive Screening Design,271,17
Random Normal,Random Normal,0.19975997777857937,Definitive Screening Design,271,17
X1,X1,0.06102399160870464,Definitive Screening Design,272,17
X2,X2,0.6332886358426535,Definitive Screening Design,272,17
X3 (non-informative),X3,0.1310382671756922,Definitive Screening Design,272,17
Random Normal,Random Normal,0.17464910537294973,Definitive Screening Design,272,17
X1,X1,0.0776577051528778,Definitive Screening Design,273,17
X2,X2,0.6289499290580742,Definitive Screening Design,273,17
X3 (non-informative),X3,0.15287111931817932,Definitive Screening Design,273,17
Random Normal,Random Normal,0.14052124647086858,Definitive Screening Design,273,17
X1,X1,0.05388281521483458,Definitive Screening Design,274,17
X2,X2,0.6017879876671931,Definitive Screening Design,274,17
X3 (non-informative),X3,0.15247289612632728,Definitive Screening Design,274,17
Random Normal,Random Normal,0.19185630099164513,Definitive Screening Design,274,17
X1,X1,0.08068847728486793,Definitive Screening Design,275,17
X2,X2,0.6920028598811475,Definitive Screening Design,275,17
X3 (non-informative),X3,0.08689017379691538,Definitive Screening Design,275,17
Random Normal,Random Normal,0.140418489037069,Definitive Screening Design,275,17
X1,X1,0.11565319793958796,Definitive Screening Design,276,17
X2,X2,0.6255690900294186,Definitive Screening Design,276,17
X3 (non-informative),X3,0.08407161387662906,Definitive Screening Design,276,17
Random Normal,Random Normal,0.17470609815436428,Definitive Screening Design,276,17
X1,X1,0.05553376503369683,Definitive Screening Design,277,17
X2,X2,0.5665527471489475,Definitive Screening Design,277,17
X3 (non-informative),X3,0.13310093371899118,Definitive Screening Design,277,17
Random Normal,Random Normal,0.24481255409836453,Definitive Screening Design,277,17
X1,X1,0.05218858518470761,Definitive Screening Design,278,17
X2,X2,0.6405448520038511,Definitive Screening Design,278,17
X3 (non-informative),X3,0.0978043566661208,Definitive Screening Design,278,17
Random Normal,Random Normal,0.2094622061453204,Definitive Screening Design,278,17
X1,X1,0.06722956043738035,Definitive Screening Design,279,17
X2,X2,0.5761314593645258,Definitive Screening Design,279,17
X3 (non-informative),X3,0.14867580350755172,Definitive Screening Design,279,17
Random Normal,Random Normal,0.20796317669054212,Definitive Screening Design,279,17
X1,X1,0.0742125291716942,Definitive Screening Design,280,17
X2,X2,0.6601374864810874,Definitive Screening Design,280,17
X3 (non-informative),X3,0.15084929955529167,Definitive Screening Design,280,17
Random Normal,Random Normal,0.11480068479192683,Definitive Screening Design,280,17
X1,X1,0.07579806252135,Definitive Screening Design,281,17
X2,X2,0.6722880569738374,Definitive Screening Design,281,17
X3 (non-informative),X3,0.14951909941317781,Definitive Screening Design,281,17
Random Normal,Random Normal,0.10239478109163463,Definitive Screening Design,281,17
X1,X1,0.055069185894645004,Definitive Screening Design,282,17
X2,X2,0.6310033017458198,Definitive Screening Design,282,17
X3 (non-informative),X3,0.09829685300915117,Definitive Screening Design,282,17
Random Normal,Random Normal,0.21563065935038414,Definitive Screening Design,282,17
X1,X1,0.08777329822350827,Definitive Screening Design,283,17
X2,X2,0.5899634132931503,Definitive Screening Design,283,17
X3 (non-informative),X3,0.13950712448499927,Definitive Screening Design,283,17
Random Normal,Random Normal,0.18275616399834219,Definitive Screening Design,283,17
X1,X1,0.06308131851001018,Definitive Screening Design,284,17
X2,X2,0.668186499549785,Definitive Screening Design,284,17
X3 (non-informative),X3,0.1405363386451558,Definitive Screening Design,284,17
Random Normal,Random Normal,0.12819584329504896,Definitive Screening Design,284,17
X1,X1,0.07594586427910278,Definitive Screening Design,285,17
X2,X2,0.6283135207483014,Definitive Screening Design,285,17
X3 (non-informative),X3,0.11044549080162576,Definitive Screening Design,285,17
Random Normal,Random Normal,0.1852951241709703,Definitive Screening Design,285,17
X1,X1,0.055111696453410436,Definitive Screening Design,286,17
X2,X2,0.6602717397222112,Definitive Screening Design,286,17
X3 (non-informative),X3,0.13025585878568718,Definitive Screening Design,286,17
Random Normal,Random Normal,0.15436070503869126,Definitive Screening Design,286,17
X1,X1,0.05377402477062459,Definitive Screening Design,287,17
X2,X2,0.5710599900091037,Definitive Screening Design,287,17
X3 (non-informative),X3,0.10289702040408398,Definitive Screening Design,287,17
Random Normal,Random Normal,0.2722689648161877,Definitive Screening Design,287,17
X1,X1,0.06513561772009707,Definitive Screening Design,288,17
X2,X2,0.7139785885575151,Definitive Screening Design,288,17
X3 (non-informative),X3,0.11247777846198709,Definitive Screening Design,288,17
Random Normal,Random Normal,0.10840801526040066,Definitive Screening Design,288,17
X1,X1,0.060467040288352786,Definitive Screening Design,289,17
X2,X2,0.49636974494317165,Definitive Screening Design,289,17
X3 (non-informative),X3,0.0616433373087624,Definitive Screening Design,289,17
Random Normal,Random Normal,0.3815198774597132,Definitive Screening Design,289,17
X1,X1,0.0639188883145931,Definitive Screening Design,290,17
X2,X2,0.5925476659374758,Definitive Screening Design,290,17
X3 (non-informative),X3,0.11048553006791582,Definitive Screening Design,290,17
Random Normal,Random Normal,0.23304791568001532,Definitive Screening Design,290,17
X1,X1,0.08935847276385986,Definitive Screening Design,291,17
X2,X2,0.6320405419620843,Definitive Screening Design,291,17
X3 (non-informative),X3,0.14264413020660693,Definitive Screening Design,291,17
Random Normal,Random Normal,0.1359568550674491,Definitive Screening Design,291,17
X1,X1,0.04340627201332056,Definitive Screening Design,292,17
X2,X2,0.5830949504145748,Definitive Screening Design,292,17
X3 (non-informative),X3,0.10121842140752188,Definitive Screening Design,292,17
Random Normal,Random Normal,0.2722803561645828,Definitive Screening Design,292,17
X1,X1,0.0772070711307941,Definitive Screening Design,293,17
X2,X2,0.6319475415981516,Definitive Screening Design,293,17
X3 (non-informative),X3,0.10667551997593114,Definitive Screening Design,293,17
Random Normal,Random Normal,0.18416986729512308,Definitive Screening Design,293,17
X1,X1,0.06391966033418141,Definitive Screening Design,294,17
X2,X2,0.6457559705140914,Definitive Screening Design,294,17
X3 (non-informative),X3,0.15277559397917873,Definitive Screening Design,294,17
Random Normal,Random Normal,0.13754877517254846,Definitive Screening Design,294,17
X1,X1,0.056778971045838476,Definitive Screening Design,295,17
X2,X2,0.6532646937965372,Definitive Screening Design,295,17
X3 (non-informative),X3,0.13817614977467169,Definitive Screening Design,295,17
Random Normal,Random Normal,0.15178018538295274,Definitive Screening Design,295,17
X1,X1,0.04349793213235866,Definitive Screening Design,296,17
X2,X2,0.5751824474189291,Definitive Screening Design,296,17
X3 (non-informative),X3,0.11867904669229251,Definitive Screening Design,296,17
Random Normal,Random Normal,0.26264057375641975,Definitive Screening Design,296,17
X1,X1,0.036663209074267664,Definitive Screening Design,297,17
X2,X2,0.575325791946579,Definitive Screening Design,297,17
X3 (non-informative),X3,0.1525881332865511,Definitive Screening Design,297,17
Random Normal,Random Normal,0.23542286569260232,Definitive Screening Design,297,17
X1,X1,0.06850296147850911,Definitive Screening Design,298,17
X2,X2,0.6514021311048765,Definitive Screening Design,298,17
X3 (non-informative),X3,0.1201047296758825,Definitive Screening Design,298,17
Random Normal,Random Normal,0.159990177740732,Definitive Screening Design,298,17
X1,X1,0.06392301241076535,Definitive Screening Design,299,17
X2,X2,0.6599044958736724,Definitive Screening Design,299,17
X3 (non-informative),X3,0.08885150904886857,Definitive Screening Design,299,17
Random Normal,Random Normal,0.18732098266669364,Definitive Screening Design,299,17
X1,X1,0.06577069461397984,Definitive Screening Design,300,17
X2,X2,0.5829721698719827,Definitive Screening Design,300,17
X3 (non-informative),X3,0.12398113225010644,Definitive Screening Design,300,17
Random Normal,Random Normal,0.22727600326393105,Definitive Screening Design,300,17
X1,X1,0.08183444924463007,Definitive Screening Design,301,17
X2,X2,0.6511915282320256,Definitive Screening Design,301,17
X3 (non-informative),X3,0.11277171269966126,Definitive Screening Design,301,17
Random Normal,Random Normal,0.15420230982368313,Definitive Screening Design,301,17
X1,X1,0.055266503490533844,Definitive Screening Design,302,17
X2,X2,0.642740927638477,Definitive Screening Design,302,17
X3 (non-informative),X3,0.08559251351422276,Definitive Screening Design,302,17
Random Normal,Random Normal,0.21640005535676635,Definitive Screening Design,302,17
X1,X1,0.08134149278787668,Definitive Screening Design,303,17
X2,X2,0.6350341529977727,Definitive Screening Design,303,17
X3 (non-informative),X3,0.12134051898980455,Definitive Screening Design,303,17
Random Normal,Random Normal,0.16228383522454615,Definitive Screening Design,303,17
X1,X1,0.07097022331264292,Definitive Screening Design,304,17
X2,X2,0.6974185419112059,Definitive Screening Design,304,17
X3 (non-informative),X3,0.08830942524901435,Definitive Screening Design,304,17
Random Normal,Random Normal,0.1433018095271368,Definitive Screening Design,304,17
X1,X1,0.04981932981156175,Definitive Screening Design,305,17
X2,X2,0.6378574536645482,Definitive Screening Design,305,17
X3 (non-informative),X3,0.10866525837043275,Definitive Screening Design,305,17
Random Normal,Random Normal,0.20365795815345727,Definitive Screening Design,305,17
X1,X1,0.041416533967885694,Definitive Screening Design,306,17
X2,X2,0.5626957622288383,Definitive Screening Design,306,17
X3 (non-informative),X3,0.07990675710096687,Definitive Screening Design,306,17
Random Normal,Random Normal,0.31598094670230925,Definitive Screening Design,306,17
X1,X1,0.09385818844257961,Definitive Screening Design,307,17
X2,X2,0.7204593930636543,Definitive Screening Design,307,17
X3 (non-informative),X3,0.09895573349052726,Definitive Screening Design,307,17
Random Normal,Random Normal,0.08672668500323877,Definitive Screening Design,307,17
X1,X1,0.05288208983902691,Definitive Screening Design,308,17
X2,X2,0.6143412332084743,Definitive Screening Design,308,17
X3 (non-informative),X3,0.09005502448493762,Definitive Screening Design,308,17
Random Normal,Random Normal,0.24272165246756117,Definitive Screening Design,308,17
X1,X1,0.055117981196609336,Definitive Screening Design,309,17
X2,X2,0.6237953231463931,Definitive Screening Design,309,17
X3 (non-informative),X3,0.08892804406903619,Definitive Screening Design,309,17
Random Normal,Random Normal,0.23215865158796134,Definitive Screening Design,309,17
X1,X1,0.06046412342518059,Definitive Screening Design,310,17
X2,X2,0.6166869784888777,Definitive Screening Design,310,17
X3 (non-informative),X3,0.11299827103274568,Definitive Screening Design,310,17
Random Normal,Random Normal,0.209850627053196,Definitive Screening Design,310,17
X1,X1,0.07795890563785952,Definitive Screening Design,311,17
X2,X2,0.6215044697128999,Definitive Screening Design,311,17
X3 (non-informative),X3,0.09536406678923352,Definitive Screening Design,311,17
Random Normal,Random Normal,0.205172557860007,Definitive Screening Design,311,17
X1,X1,0.0679766540076643,Definitive Screening Design,312,17
X2,X2,0.6206474572868702,Definitive Screening Design,312,17
X3 (non-informative),X3,0.1693270661087681,Definitive Screening Design,312,17
Random Normal,Random Normal,0.1420488225966974,Definitive Screening Design,312,17
X1,X1,0.08270604246049462,Definitive Screening Design,313,17
X2,X2,0.5773594981611992,Definitive Screening Design,313,17
X3 (non-informative),X3,0.09242441566508433,Definitive Screening Design,313,17
Random Normal,Random Normal,0.24751004371322177,Definitive Screening Design,313,17
X1,X1,0.08726492926499539,Definitive Screening Design,314,17
X2,X2,0.6494423427670891,Definitive Screening Design,314,17
X3 (non-informative),X3,0.16492062624684084,Definitive Screening Design,314,17
Random Normal,Random Normal,0.09837210172107479,Definitive Screening Design,314,17
X1,X1,0.07018780822696674,Definitive Screening Design,315,17
X2,X2,0.5892785909984439,Definitive Screening Design,315,17
X3 (non-informative),X3,0.10143906260309152,Definitive Screening Design,315,17
Random Normal,Random Normal,0.23909453817149792,Definitive Screening Design,315,17
X1,X1,0.06531451892493327,Definitive Screening Design,316,17
X2,X2,0.6494687529735146,Definitive Screening Design,316,17
X3 (non-informative),X3,0.08182988646666148,Definitive Screening Design,316,17
Random Normal,Random Normal,0.2033868416348907,Definitive Screening Design,316,17
X1,X1,0.033073173221722166,Definitive Screening Design,317,17
X2,X2,0.5218624872256888,Definitive Screening Design,317,17
X3 (non-informative),X3,0.06855875804156585,Definitive Screening Design,317,17
Random Normal,Random Normal,0.37650558151102315,Definitive Screening Design,317,17
X1,X1,0.05839661622203511,Definitive Screening Design,318,17
X2,X2,0.5775015129600599,Definitive Screening Design,318,17
X3 (non-informative),X3,0.08699599805667908,Definitive Screening Design,318,17
Random Normal,Random Normal,0.27710587276122606,Definitive Screening Design,318,17
X1,X1,0.10606925161906147,Definitive Screening Design,319,17
X2,X2,0.6412890979498124,Definitive Screening Design,319,17
X3 (non-informative),X3,0.12251887286464543,Definitive Screening Design,319,17
Random Normal,Random Normal,0.13012277756648066,Definitive Screening Design,319,17
X1,X1,0.0349724907294382,Definitive Screening Design,320,17
X2,X2,0.5980174065072045,Definitive Screening Design,320,17
X3 (non-informative),X3,0.1160781572122867,Definitive Screening Design,320,17
Random Normal,Random Normal,0.2509319455510707,Definitive Screening Design,320,17
X1,X1,0.0666756330589081,Definitive Screening Design,321,17
X2,X2,0.6173759891663396,Definitive Screening Design,321,17
X3 (non-informative),X3,0.17305956153094854,Definitive Screening Design,321,17
Random Normal,Random Normal,0.14288881624380376,Definitive Screening Design,321,17
X1,X1,0.09670401552048788,Definitive Screening Design,322,17
X2,X2,0.6995172356751989,Definitive Screening Design,322,17
X3 (non-informative),X3,0.1357334220755729,Definitive Screening Design,322,17
Random Normal,Random Normal,0.06804532672874038,Definitive Screening Design,322,17
X1,X1,0.09966910346298571,Definitive Screening Design,323,17
X2,X2,0.6233418447309985,Definitive Screening Design,323,17
X3 (non-informative),X3,0.17337885373553333,Definitive Screening Design,323,17
Random Normal,Random Normal,0.10361019807048251,Definitive Screening Design,323,17
X1,X1,0.08725514083896889,Definitive Screening Design,324,17
X2,X2,0.6432171289947893,Definitive Screening Design,324,17
X3 (non-informative),X3,0.12212804387132163,Definitive Screening Design,324,17
Random Normal,Random Normal,0.14739968629492017,Definitive Screening Design,324,17
X1,X1,0.059206784120272485,Definitive Screening Design,325,17
X2,X2,0.678116103714517,Definitive Screening Design,325,17
X3 (non-informative),X3,0.08051629531456596,Definitive Screening Design,325,17
Random Normal,Random Normal,0.1821608168506444,Definitive Screening Design,325,17
X1,X1,0.11448239456673663,Definitive Screening Design,326,17
X2,X2,0.6427661961313325,Definitive Screening Design,326,17
X3 (non-informative),X3,0.10217146191907155,Definitive Screening Design,326,17
Random Normal,Random Normal,0.1405799473828593,Definitive Screening Design,326,17
X1,X1,0.039596588552326485,Definitive Screening Design,327,17
X2,X2,0.49431028459215737,Definitive Screening Design,327,17
X3 (non-informative),X3,0.050919441662781485,Definitive Screening Design,327,17
Random Normal,Random Normal,0.41517368519273457,Definitive Screening Design,327,17
X1,X1,0.06556700563084,Definitive Screening Design,328,17
X2,X2,0.6407672623265251,Definitive Screening Design,328,17
X3 (non-informative),X3,0.10231530189215882,Definitive Screening Design,328,17
Random Normal,Random Normal,0.19135043015047606,Definitive Screening Design,328,17
X1,X1,0.039774682523421645,Definitive Screening Design,329,17
X2,X2,0.6632167053379533,Definitive Screening Design,329,17
X3 (non-informative),X3,0.19002081351076716,Definitive Screening Design,329,17
Random Normal,Random Normal,0.10698779862785794,Definitive Screening Design,329,17
X1,X1,0.059805974652488644,Definitive Screening Design,330,17
X2,X2,0.5135713897702966,Definitive Screening Design,330,17
X3 (non-informative),X3,0.068707838477017,Definitive Screening Design,330,17
Random Normal,Random Normal,0.35791479710019786,Definitive Screening Design,330,17
X1,X1,0.06734439475815153,Definitive Screening Design,331,17
X2,X2,0.6502400605363704,Definitive Screening Design,331,17
X3 (non-informative),X3,0.1334423314942008,Definitive Screening Design,331,17
Random Normal,Random Normal,0.1489732132112772,Definitive Screening Design,331,17
X1,X1,0.0542206302665759,Definitive Screening Design,332,17
X2,X2,0.5236759641355879,Definitive Screening Design,332,17
X3 (non-informative),X3,0.06785165338450871,Definitive Screening Design,332,17
Random Normal,Random Normal,0.3542517522133276,Definitive Screening Design,332,17
X1,X1,0.0737473987358888,Definitive Screening Design,333,17
X2,X2,0.6194967692774725,Definitive Screening Design,333,17
X3 (non-informative),X3,0.15839748818908259,Definitive Screening Design,333,17
Random Normal,Random Normal,0.1483583437975561,Definitive Screening Design,333,17
X1,X1,0.08717433499408472,Definitive Screening Design,334,17
X2,X2,0.6680270820984578,Definitive Screening Design,334,17
X3 (non-informative),X3,0.13125924342476944,Definitive Screening Design,334,17
Random Normal,Random Normal,0.11353933948268796,Definitive Screening Design,334,17
X1,X1,0.06670674208051779,Definitive Screening Design,335,17
X2,X2,0.6601852431541811,Definitive Screening Design,335,17
X3 (non-informative),X3,0.15843355467743422,Definitive Screening Design,335,17
Random Normal,Random Normal,0.11467446008786676,Definitive Screening Design,335,17
X1,X1,0.09789912785672544,Definitive Screening Design,336,17
X2,X2,0.6424195510450977,Definitive Screening Design,336,17
X3 (non-informative),X3,0.11460900733178046,Definitive Screening Design,336,17
Random Normal,Random Normal,0.14507231376639634,Definitive Screening Design,336,17
X1,X1,0.08460404763982776,Definitive Screening Design,337,17
X2,X2,0.5891110353695352,Definitive Screening Design,337,17
X3 (non-informative),X3,0.13112038974982798,Definitive Screening Design,337,17
Random Normal,Random Normal,0.19516452724080893,Definitive Screening Design,337,17
X1,X1,0.06920857545715603,Definitive Screening Design,338,17
X2,X2,0.6730012486464236,Definitive Screening Design,338,17
X3 (non-informative),X3,0.09828032879797621,Definitive Screening Design,338,17
Random Normal,Random Normal,0.15950984709844407,Definitive Screening Design,338,17
X1,X1,0.07695638658569093,Definitive Screening Design,339,17
X2,X2,0.566776307999023,Definitive Screening Design,339,17
X3 (non-informative),X3,0.1113003307871021,Definitive Screening Design,339,17
Random Normal,Random Normal,0.24496697462818415,Definitive Screening Design,339,17
X1,X1,0.04483330887769499,Definitive Screening Design,340,17
X2,X2,0.6431329922850573,Definitive Screening Design,340,17
X3 (non-informative),X3,0.08995857817127975,Definitive Screening Design,340,17
Random Normal,Random Normal,0.22207512066596796,Definitive Screening Design,340,17
X1,X1,0.06631801600266454,Definitive Screening Design,341,17
X2,X2,0.6524287887642154,Definitive Screening Design,341,17
X3 (non-informative),X3,0.14059574244411843,Definitive Screening Design,341,17
Random Normal,Random Normal,0.14065745278900188,Definitive Screening Design,341,17
X1,X1,0.061061982479472116,Definitive Screening Design,342,17
X2,X2,0.6982437694957575,Definitive Screening Design,342,17
X3 (non-informative),X3,0.1414555974415271,Definitive Screening Design,342,17
Random Normal,Random Normal,0.09923865058324326,Definitive Screening Design,342,17
X1,X1,0.05736329248534595,Definitive Screening Design,343,17
X2,X2,0.5605758490290632,Definitive Screening Design,343,17
X3 (non-informative),X3,0.11069836646611823,Definitive Screening Design,343,17
Random Normal,Random Normal,0.27136249201947255,Definitive Screening Design,343,17
X1,X1,0.06798263854455074,Definitive Screening Design,344,17
X2,X2,0.6381472444290066,Definitive Screening Design,344,17
X3 (non-informative),X3,0.09609399411564556,Definitive Screening Design,344,17
Random Normal,Random Normal,0.19777612291079708,Definitive Screening Design,344,17
X1,X1,0.07175365833330848,Definitive Screening Design,345,17
X2,X2,0.6333678368608411,Definitive Screening Design,345,17
X3 (non-informative),X3,0.09902459066608152,Definitive Screening Design,345,17
Random Normal,Random Normal,0.19585391413976894,Definitive Screening Design,345,17
X1,X1,0.061066942291406315,Definitive Screening Design,346,17
X2,X2,0.6193164803106007,Definitive Screening Design,346,17
X3 (non-informative),X3,0.09847649371539192,Definitive Screening Design,346,17
Random Normal,Random Normal,0.22114008368260096,Definitive Screening Design,346,17
X1,X1,0.06166955644947882,Definitive Screening Design,347,17
X2,X2,0.6754336251615304,Definitive Screening Design,347,17
X3 (non-informative),X3,0.13220639095270073,Definitive Screening Design,347,17
Random Normal,Random Normal,0.1306904274362901,Definitive Screening Design,347,17
X1,X1,0.05005190957241019,Definitive Screening Design,348,17
X2,X2,0.7001731829990899,Definitive Screening Design,348,17
X3 (non-informative),X3,0.10937879440364093,Definitive Screening Design,348,17
Random Normal,Random Normal,0.14039611302485908,Definitive Screening Design,348,17
X1,X1,0.06768494082228,Definitive Screening Design,349,17
X2,X2,0.5860392752775129,Definitive Screening Design,349,17
X3 (non-informative),X3,0.06399572961617936,Definitive Screening Design,349,17
Random Normal,Random Normal,0.28228005428402786,Definitive Screening Design,349,17
X1,X1,0.09432445640698077,Definitive Screening Design,350,17
X2,X2,0.6042151397453076,Definitive Screening Design,350,17
X3 (non-informative),X3,0.15576879139101968,Definitive Screening Design,350,17
Random Normal,Random Normal,0.1456916124566919,Definitive Screening Design,350,17
X1,X1,0.07171547035780368,Definitive Screening Design,351,17
X2,X2,0.5829266957490505,Definitive Screening Design,351,17
X3 (non-informative),X3,0.07572690731468625,Definitive Screening Design,351,17
Random Normal,Random Normal,0.26963092657845944,Definitive Screening Design,351,17
X1,X1,0.07687919028610993,Definitive Screening Design,352,17
X2,X2,0.5970167620318197,Definitive Screening Design,352,17
X3 (non-informative),X3,0.15570394783636085,Definitive Screening Design,352,17
Random Normal,Random Normal,0.17040009984570947,Definitive Screening Design,352,17
X1,X1,0.07530781085029574,Definitive Screening Design,353,17
X2,X2,0.5879454399448474,Definitive Screening Design,353,17
X3 (non-informative),X3,0.07901276116436243,Definitive Screening Design,353,17
Random Normal,Random Normal,0.2577339880404943,Definitive Screening Design,353,17
X1,X1,0.07479551216917484,Definitive Screening Design,354,17
X2,X2,0.6221499834438856,Definitive Screening Design,354,17
X3 (non-informative),X3,0.11934785825470846,Definitive Screening Design,354,17
Random Normal,Random Normal,0.18370664613223114,Definitive Screening Design,354,17
X1,X1,0.06754860263593951,Definitive Screening Design,355,17
X2,X2,0.6247023241788813,Definitive Screening Design,355,17
X3 (non-informative),X3,0.17949926884613385,Definitive Screening Design,355,17
Random Normal,Random Normal,0.12824980433904545,Definitive Screening Design,355,17
X1,X1,0.0534098369736978,Definitive Screening Design,356,17
X2,X2,0.5754163544017885,Definitive Screening Design,356,17
X3 (non-informative),X3,0.11354470101927779,Definitive Screening Design,356,17
Random Normal,Random Normal,0.2576291076052358,Definitive Screening Design,356,17
X1,X1,0.07218864930167787,Definitive Screening Design,357,17
X2,X2,0.6312536979621156,Definitive Screening Design,357,17
X3 (non-informative),X3,0.13433741790632187,Definitive Screening Design,357,17
Random Normal,Random Normal,0.1622202348298847,Definitive Screening Design,357,17
X1,X1,0.05413571714451659,Definitive Screening Design,358,17
X2,X2,0.6622478649776719,Definitive Screening Design,358,17
X3 (non-informative),X3,0.12180589210173466,Definitive Screening Design,358,17
Random Normal,Random Normal,0.16181052577607677,Definitive Screening Design,358,17
X1,X1,0.08331231215977304,Definitive Screening Design,359,17
X2,X2,0.6182185273574656,Definitive Screening Design,359,17
X3 (non-informative),X3,0.15941285558189067,Definitive Screening Design,359,17
Random Normal,Random Normal,0.1390563049008706,Definitive Screening Design,359,17
X1,X1,0.07466811904283774,Definitive Screening Design,360,17
X2,X2,0.6839139027215938,Definitive Screening Design,360,17
X3 (non-informative),X3,0.1609771455166729,Definitive Screening Design,360,17
Random Normal,Random Normal,0.0804408327188956,Definitive Screening Design,360,17
X1,X1,0.06455378018546748,Definitive Screening Design,361,17
X2,X2,0.6358581478813955,Definitive Screening Design,361,17
X3 (non-informative),X3,0.12488735773424608,Definitive Screening Design,361,17
Random Normal,Random Normal,0.17470071419889083,Definitive Screening Design,361,17
X1,X1,0.050980303401388205,Definitive Screening Design,362,17
X2,X2,0.6184026251677963,Definitive Screening Design,362,17
X3 (non-informative),X3,0.06138298061949522,Definitive Screening Design,362,17
Random Normal,Random Normal,0.2692340908113202,Definitive Screening Design,362,17
X1,X1,0.0641463845956985,Definitive Screening Design,363,17
X2,X2,0.6331416882412494,Definitive Screening Design,363,17
X3 (non-informative),X3,0.11820021752014717,Definitive Screening Design,363,17
Random Normal,Random Normal,0.1845117096429049,Definitive Screening Design,363,17
X1,X1,0.056622118117801615,Definitive Screening Design,364,17
X2,X2,0.6592286623215469,Definitive Screening Design,364,17
X3 (non-informative),X3,0.10134156589960212,Definitive Screening Design,364,17
Random Normal,Random Normal,0.1828076536610495,Definitive Screening Design,364,17
X1,X1,0.08366530904128908,Definitive Screening Design,365,17
X2,X2,0.6488908557085125,Definitive Screening Design,365,17
X3 (non-informative),X3,0.13515274110862538,Definitive Screening Design,365,17
Random Normal,Random Normal,0.13229109414157306,Definitive Screening Design,365,17
X1,X1,0.07960130267156311,Definitive Screening Design,366,17
X2,X2,0.6677259200285424,Definitive Screening Design,366,17
X3 (non-informative),X3,0.12538845924727424,Definitive Screening Design,366,17
Random Normal,Random Normal,0.12728431805262028,Definitive Screening Design,366,17
X1,X1,0.06881688046818277,Definitive Screening Design,367,17
X2,X2,0.6372964158944545,Definitive Screening Design,367,17
X3 (non-informative),X3,0.147477420486839,Definitive Screening Design,367,17
Random Normal,Random Normal,0.14640928315052368,Definitive Screening Design,367,17
X1,X1,0.0807500087974262,Definitive Screening Design,368,17
X2,X2,0.6073458573041381,Definitive Screening Design,368,17
X3 (non-informative),X3,0.15854841890963398,Definitive Screening Design,368,17
Random Normal,Random Normal,0.15335571498880154,Definitive Screening Design,368,17
X1,X1,0.08465301607172852,Definitive Screening Design,369,17
X2,X2,0.5310942644436973,Definitive Screening Design,369,17
X3 (non-informative),X3,0.11102741852881688,Definitive Screening Design,369,17
Random Normal,Random Normal,0.2732253009557572,Definitive Screening Design,369,17
X1,X1,0.059979784447573146,Definitive Screening Design,370,17
X2,X2,0.653830061024753,Definitive Screening Design,370,17
X3 (non-informative),X3,0.11448249004439089,Definitive Screening Design,370,17
Random Normal,Random Normal,0.17170766448328298,Definitive Screening Design,370,17
X1,X1,0.052491199458977636,Definitive Screening Design,371,17
X2,X2,0.6060796085547627,Definitive Screening Design,371,17
X3 (non-informative),X3,0.09170186167018005,Definitive Screening Design,371,17
Random Normal,Random Normal,0.24972733031607955,Definitive Screening Design,371,17
X1,X1,0.0541014547150751,Definitive Screening Design,372,17
X2,X2,0.6754409203637112,Definitive Screening Design,372,17
X3 (non-informative),X3,0.13461057457881181,Definitive Screening Design,372,17
Random Normal,Random Normal,0.13584705034240194,Definitive Screening Design,372,17
X1,X1,0.086727256190526,Definitive Screening Design,373,17
X2,X2,0.6567908569485325,Definitive Screening Design,373,17
X3 (non-informative),X3,0.11956730586088486,Definitive Screening Design,373,17
Random Normal,Random Normal,0.13691458100005677,Definitive Screening Design,373,17
X1,X1,0.05480700000572162,Definitive Screening Design,374,17
X2,X2,0.5934560596976899,Definitive Screening Design,374,17
X3 (non-informative),X3,0.08253520161469935,Definitive Screening Design,374,17
Random Normal,Random Normal,0.2692017386818891,Definitive Screening Design,374,17
X1,X1,0.0625095450293864,Definitive Screening Design,375,17
X2,X2,0.5682829250755643,Definitive Screening Design,375,17
X3 (non-informative),X3,0.10613726088224863,Definitive Screening Design,375,17
Random Normal,Random Normal,0.2630702690128006,Definitive Screening Design,375,17
X1,X1,0.04788528281689699,Definitive Screening Design,376,17
X2,X2,0.5282228986153138,Definitive Screening Design,376,17
X3 (non-informative),X3,0.0887763749646746,Definitive Screening Design,376,17
Random Normal,Random Normal,0.33511544360311457,Definitive Screening Design,376,17
X1,X1,0.06964559611455723,Definitive Screening Design,377,17
X2,X2,0.6797809417533492,Definitive Screening Design,377,17
X3 (non-informative),X3,0.1822434344803609,Definitive Screening Design,377,17
Random Normal,Random Normal,0.06833002765173261,Definitive Screening Design,377,17
X1,X1,0.05202919891918617,Definitive Screening Design,378,17
X2,X2,0.5757446852148603,Definitive Screening Design,378,17
X3 (non-informative),X3,0.11210232178605797,Definitive Screening Design,378,17
Random Normal,Random Normal,0.26012379407989555,Definitive Screening Design,378,17
X1,X1,0.09801058477977295,Definitive Screening Design,379,17
X2,X2,0.6421621697327566,Definitive Screening Design,379,17
X3 (non-informative),X3,0.13568367297714765,Definitive Screening Design,379,17
Random Normal,Random Normal,0.1241435725103227,Definitive Screening Design,379,17
X1,X1,0.06470718043166905,Definitive Screening Design,380,17
X2,X2,0.6027452878836265,Definitive Screening Design,380,17
X3 (non-informative),X3,0.08551372598564058,Definitive Screening Design,380,17
Random Normal,Random Normal,0.24703380569906405,Definitive Screening Design,380,17
X1,X1,0.07756279165636003,Definitive Screening Design,381,17
X2,X2,0.6420812111936139,Definitive Screening Design,381,17
X3 (non-informative),X3,0.117228663556194,Definitive Screening Design,381,17
Random Normal,Random Normal,0.16312733359383205,Definitive Screening Design,381,17
X1,X1,0.06808348951267588,Definitive Screening Design,382,17
X2,X2,0.6231694903841426,Definitive Screening Design,382,17
X3 (non-informative),X3,0.16373261716193366,Definitive Screening Design,382,17
Random Normal,Random Normal,0.14501440294124787,Definitive Screening Design,382,17
X1,X1,0.05157527350724279,Definitive Screening Design,383,17
X2,X2,0.5691754266636019,Definitive Screening Design,383,17
X3 (non-informative),X3,0.06265172043855445,Definitive Screening Design,383,17
Random Normal,Random Normal,0.31659757939060107,Definitive Screening Design,383,17
X1,X1,0.0621307955183086,Definitive Screening Design,384,17
X2,X2,0.6251888970167213,Definitive Screening Design,384,17
X3 (non-informative),X3,0.0911137448184119,Definitive Screening Design,384,17
Random Normal,Random Normal,0.22156656264655816,Definitive Screening Design,384,17
X1,X1,0.08859657282290744,Definitive Screening Design,385,17
X2,X2,0.6323938168359747,Definitive Screening Design,385,17
X3 (non-informative),X3,0.1362299162761581,Definitive Screening Design,385,17
Random Normal,Random Normal,0.14277969406495966,Definitive Screening Design,385,17
X1,X1,0.0646249428226499,Definitive Screening Design,386,17
X2,X2,0.5566777226819801,Definitive Screening Design,386,17
X3 (non-informative),X3,0.09315434814236088,Definitive Screening Design,386,17
Random Normal,Random Normal,0.28554298635300907,Definitive Screening Design,386,17
X1,X1,0.06133979705430982,Definitive Screening Design,387,17
X2,X2,0.6685244665327631,Definitive Screening Design,387,17
X3 (non-informative),X3,0.13781407887351402,Definitive Screening Design,387,17
Random Normal,Random Normal,0.13232165753941302,Definitive Screening Design,387,17
X1,X1,0.07185837506516672,Definitive Screening Design,388,17
X2,X2,0.6432725254783035,Definitive Screening Design,388,17
X3 (non-informative),X3,0.12965820336529746,Definitive Screening Design,388,17
Random Normal,Random Normal,0.1552108960912324,Definitive Screening Design,388,17
X1,X1,0.06422106700091154,Definitive Screening Design,389,17
X2,X2,0.6350227575943762,Definitive Screening Design,389,17
X3 (non-informative),X3,0.06409220811694206,Definitive Screening Design,389,17
Random Normal,Random Normal,0.23666396728777012,Definitive Screening Design,389,17
X1,X1,0.04739244663467798,Definitive Screening Design,390,17
X2,X2,0.6659445962954674,Definitive Screening Design,390,17
X3 (non-informative),X3,0.1335070740995863,Definitive Screening Design,390,17
Random Normal,Random Normal,0.15315588297026828,Definitive Screening Design,390,17
X1,X1,0.0593385508209502,Definitive Screening Design,391,17
X2,X2,0.7211730281490295,Definitive Screening Design,391,17
X3 (non-informative),X3,0.0912666030649553,Definitive Screening Design,391,17
Random Normal,Random Normal,0.12822181796506504,Definitive Screening Design,391,17
X1,X1,0.07631681429233304,Definitive Screening Design,392,17
X2,X2,0.5966351744568906,Definitive Screening Design,392,17
X3 (non-informative),X3,0.1263944788831109,Definitive Screening Design,392,17
Random Normal,Random Normal,0.20065353236766553,Definitive Screening Design,392,17
X1,X1,0.08612817083341459,Definitive Screening Design,393,17
X2,X2,0.5965041297157428,Definitive Screening Design,393,17
X3 (non-informative),X3,0.15852170433663815,Definitive Screening Design,393,17
Random Normal,Random Normal,0.1588459951142044,Definitive Screening Design,393,17
X1,X1,0.05420039339982313,Definitive Screening Design,394,17
X2,X2,0.6266719000201805,Definitive Screening Design,394,17
X3 (non-informative),X3,0.13061552890278755,Definitive Screening Design,394,17
Random Normal,Random Normal,0.1885121776772088,Definitive Screening Design,394,17
X1,X1,0.08846186598364511,Definitive Screening Design,395,17
X2,X2,0.5884305283289123,Definitive Screening Design,395,17
X3 (non-informative),X3,0.1508218780069139,Definitive Screening Design,395,17
Random Normal,Random Normal,0.1722857276805287,Definitive Screening Design,395,17
X1,X1,0.04344630288549954,Definitive Screening Design,396,17
X2,X2,0.6045234242236422,Definitive Screening Design,396,17
X3 (non-informative),X3,0.12378997655311885,Definitive Screening Design,396,17
Random Normal,Random Normal,0.22824029633773943,Definitive Screening Design,396,17
X1,X1,0.10714275835579927,Definitive Screening Design,397,17
X2,X2,0.6210769138275385,Definitive Screening Design,397,17
X3 (non-informative),X3,0.12372797060254832,Definitive Screening Design,397,17
Random Normal,Random Normal,0.14805235721411394,Definitive Screening Design,397,17
X1,X1,0.08185519730398158,Definitive Screening Design,398,17
X2,X2,0.5530344908157262,Definitive Screening Design,398,17
X3 (non-informative),X3,0.14492988941526955,Definitive Screening Design,398,17
Random Normal,Random Normal,0.22018042246502265,Definitive Screening Design,398,17
X1,X1,0.08745282429540012,Definitive Screening Design,399,17
X2,X2,0.6293558589351951,Definitive Screening Design,399,17
X3 (non-informative),X3,0.1324394188541174,Definitive Screening Design,399,17
Random Normal,Random Normal,0.15075189791528743,Definitive Screening Design,399,17
X1,X1,0.08043483856434352,Definitive Screening Design,400,17
X2,X2,0.6058488874955621,Definitive Screening Design,400,17
X3 (non-informative),X3,0.1766709428420754,Definitive Screening Design,400,17
Random Normal,Random Normal,0.137045331098019,Definitive Screening Design,400,17
X1,X1,0.06285010576586779,Definitive Screening Design,401,17
X2,X2,0.6516661056542596,Definitive Screening Design,401,17
X3 (non-informative),X3,0.13161079988410604,Definitive Screening Design,401,17
Random Normal,Random Normal,0.15387298869576657,Definitive Screening Design,401,17
X1,X1,0.04903731373969923,Definitive Screening Design,402,17
X2,X2,0.6399299584835836,Definitive Screening Design,402,17
X3 (non-informative),X3,0.09432414270820946,Definitive Screening Design,402,17
Random Normal,Random Normal,0.21670858506850763,Definitive Screening Design,402,17
X1,X1,0.05288710234626828,Definitive Screening Design,403,17
X2,X2,0.6626407810705527,Definitive Screening Design,403,17
X3 (non-informative),X3,0.12695226812947658,Definitive Screening Design,403,17
Random Normal,Random Normal,0.15751984845370254,Definitive Screening Design,403,17
X1,X1,0.07925294384663685,Definitive Screening Design,404,17
X2,X2,0.6222949799969507,Definitive Screening Design,404,17
X3 (non-informative),X3,0.12183299816601659,Definitive Screening Design,404,17
Random Normal,Random Normal,0.1766190779903958,Definitive Screening Design,404,17
X1,X1,0.05903861191311483,Definitive Screening Design,405,17
X2,X2,0.5957880762901031,Definitive Screening Design,405,17
X3 (non-informative),X3,0.12678633633635342,Definitive Screening Design,405,17
Random Normal,Random Normal,0.2183869754604286,Definitive Screening Design,405,17
X1,X1,0.08997522044358201,Definitive Screening Design,406,17
X2,X2,0.6218269167323455,Definitive Screening Design,406,17
X3 (non-informative),X3,0.14178181441089022,Definitive Screening Design,406,17
Random Normal,Random Normal,0.14641604841318234,Definitive Screening Design,406,17
X1,X1,0.05869675017797587,Definitive Screening Design,407,17
X2,X2,0.6029598021567288,Definitive Screening Design,407,17
X3 (non-informative),X3,0.15317763595902625,Definitive Screening Design,407,17
Random Normal,Random Normal,0.18516581170626908,Definitive Screening Design,407,17
X1,X1,0.07428530864863166,Definitive Screening Design,408,17
X2,X2,0.6413146121986548,Definitive Screening Design,408,17
X3 (non-informative),X3,0.1685323298336604,Definitive Screening Design,408,17
Random Normal,Random Normal,0.11586774931905298,Definitive Screening Design,408,17
X1,X1,0.07782705665335568,Definitive Screening Design,409,17
X2,X2,0.6666192325185697,Definitive Screening Design,409,17
X3 (non-informative),X3,0.15442676695061905,Definitive Screening Design,409,17
Random Normal,Random Normal,0.1011269438774554,Definitive Screening Design,409,17
X1,X1,0.09202215501995584,Definitive Screening Design,410,17
X2,X2,0.6227296227922279,Definitive Screening Design,410,17
X3 (non-informative),X3,0.17431703023525325,Definitive Screening Design,410,17
Random Normal,Random Normal,0.11093119195256311,Definitive Screening Design,410,17
X1,X1,0.06454010538923015,Definitive Screening Design,411,17
X2,X2,0.6885426202161656,Definitive Screening Design,411,17
X3 (non-informative),X3,0.09258493270722666,Definitive Screening Design,411,17
Random Normal,Random Normal,0.1543323416873776,Definitive Screening Design,411,17
X1,X1,0.07807937628719519,Definitive Screening Design,412,17
X2,X2,0.7077352779874279,Definitive Screening Design,412,17
X3 (non-informative),X3,0.12202284857989448,Definitive Screening Design,412,17
Random Normal,Random Normal,0.09216249714548244,Definitive Screening Design,412,17
X1,X1,0.04996945006104109,Definitive Screening Design,413,17
X2,X2,0.5860485590534444,Definitive Screening Design,413,17
X3 (non-informative),X3,0.048655212580021645,Definitive Screening Design,413,17
Random Normal,Random Normal,0.3153267783054928,Definitive Screening Design,413,17
X1,X1,0.08460585379678277,Definitive Screening Design,414,17
X2,X2,0.6900016554055536,Definitive Screening Design,414,17
X3 (non-informative),X3,0.12104719683700907,Definitive Screening Design,414,17
Random Normal,Random Normal,0.1043452939606546,Definitive Screening Design,414,17
X1,X1,0.0794032802065612,Definitive Screening Design,415,17
X2,X2,0.6347698517129112,Definitive Screening Design,415,17
X3 (non-informative),X3,0.14125273598482627,Definitive Screening Design,415,17
Random Normal,Random Normal,0.14457413209570147,Definitive Screening Design,415,17
X1,X1,0.03417248191385888,Definitive Screening Design,416,17
X2,X2,0.6106396275315061,Definitive Screening Design,416,17
X3 (non-informative),X3,0.09490653234546266,Definitive Screening Design,416,17
Random Normal,Random Normal,0.2602813582091723,Definitive Screening Design,416,17
X1,X1,0.04151366672777164,Definitive Screening Design,417,17
X2,X2,0.5155550524393692,Definitive Screening Design,417,17
X3 (non-informative),X3,0.06939787741089082,Definitive Screening Design,417,17
Random Normal,Random Normal,0.3735334034219684,Definitive Screening Design,417,17
X1,X1,0.06572809364023864,Definitive Screening Design,418,17
X2,X2,0.6049369946553859,Definitive Screening Design,418,17
X3 (non-informative),X3,0.07624227854313706,Definitive Screening Design,418,17
Random Normal,Random Normal,0.25309263316123853,Definitive Screening Design,418,17
X1,X1,0.04739475230250852,Definitive Screening Design,419,17
X2,X2,0.63704871262557,Definitive Screening Design,419,17
X3 (non-informative),X3,0.1881951582101243,Definitive Screening Design,419,17
Random Normal,Random Normal,0.12736137686179733,Definitive Screening Design,419,17
X1,X1,0.056326794964565365,Definitive Screening Design,420,17
X2,X2,0.5778792079936614,Definitive Screening Design,420,17
X3 (non-informative),X3,0.09347909821078781,Definitive Screening Design,420,17
Random Normal,Random Normal,0.27231489883098536,Definitive Screening Design,420,17
X1,X1,0.05865384951122742,Definitive Screening Design,421,17
X2,X2,0.6490433351248207,Definitive Screening Design,421,17
X3 (non-informative),X3,0.14757482242423983,Definitive Screening Design,421,17
Random Normal,Random Normal,0.14472799293971195,Definitive Screening Design,421,17
X1,X1,0.08877165442841002,Definitive Screening Design,422,17
X2,X2,0.6351703912441063,Definitive Screening Design,422,17
X3 (non-informative),X3,0.15992867863761012,Definitive Screening Design,422,17
Random Normal,Random Normal,0.1161292756898736,Definitive Screening Design,422,17
X1,X1,0.08491712880249287,Definitive Screening Design,423,17
X2,X2,0.584078200128923,Definitive Screening Design,423,17
X3 (non-informative),X3,0.12856725970099464,Definitive Screening Design,423,17
Random Normal,Random Normal,0.20243741136758958,Definitive Screening Design,423,17
X1,X1,0.08461893294538006,Definitive Screening Design,424,17
X2,X2,0.6294879584025943,Definitive Screening Design,424,17
X3 (non-informative),X3,0.1572906217366924,Definitive Screening Design,424,17
Random Normal,Random Normal,0.12860248691533324,Definitive Screening Design,424,17
X1,X1,0.07637042127643225,Definitive Screening Design,425,17
X2,X2,0.5850379550194953,Definitive Screening Design,425,17
X3 (non-informative),X3,0.12207372288787678,Definitive Screening Design,425,17
Random Normal,Random Normal,0.2165179008161956,Definitive Screening Design,425,17
X1,X1,0.05573924717436058,Definitive Screening Design,426,17
X2,X2,0.6084067908213798,Definitive Screening Design,426,17
X3 (non-informative),X3,0.15012662449688383,Definitive Screening Design,426,17
Random Normal,Random Normal,0.18572733750737583,Definitive Screening Design,426,17
X1,X1,0.0870027927319248,Definitive Screening Design,427,17
X2,X2,0.6359867249386209,Definitive Screening Design,427,17
X3 (non-informative),X3,0.09524608735589726,Definitive Screening Design,427,17
Random Normal,Random Normal,0.1817643949735571,Definitive Screening Design,427,17
X1,X1,0.05460122166000974,Definitive Screening Design,428,17
X2,X2,0.6665702343575898,Definitive Screening Design,428,17
X3 (non-informative),X3,0.09786980558931997,Definitive Screening Design,428,17
Random Normal,Random Normal,0.18095873839308055,Definitive Screening Design,428,17
X1,X1,0.08865837258234259,Definitive Screening Design,429,17
X2,X2,0.6599129902545487,Definitive Screening Design,429,17
X3 (non-informative),X3,0.1272903663231835,Definitive Screening Design,429,17
Random Normal,Random Normal,0.1241382708399251,Definitive Screening Design,429,17
X1,X1,0.08062748027443928,Definitive Screening Design,430,17
X2,X2,0.5922416069543851,Definitive Screening Design,430,17
X3 (non-informative),X3,0.13903171853046123,Definitive Screening Design,430,17
Random Normal,Random Normal,0.18809919424071447,Definitive Screening Design,430,17
X1,X1,0.06768945927049494,Definitive Screening Design,431,17
X2,X2,0.6946815022424195,Definitive Screening Design,431,17
X3 (non-informative),X3,0.14684453016794063,Definitive Screening Design,431,17
Random Normal,Random Normal,0.09078450831914488,Definitive Screening Design,431,17
X1,X1,0.06393071637060552,Definitive Screening Design,432,17
X2,X2,0.54682048636288,Definitive Screening Design,432,17
X3 (non-informative),X3,0.06413663484834974,Definitive Screening Design,432,17
Random Normal,Random Normal,0.3251121624181648,Definitive Screening Design,432,17
X1,X1,0.08894405778352044,Definitive Screening Design,433,17
X2,X2,0.6796537572949021,Definitive Screening Design,433,17
X3 (non-informative),X3,0.10887237705421915,Definitive Screening Design,433,17
Random Normal,Random Normal,0.1225298078673582,Definitive Screening Design,433,17
X1,X1,0.06948229187131398,Definitive Screening Design,434,17
X2,X2,0.5386535459115417,Definitive Screening Design,434,17
X3 (non-informative),X3,0.09890847949783765,Definitive Screening Design,434,17
Random Normal,Random Normal,0.29295568271930666,Definitive Screening Design,434,17
X1,X1,0.0706195894403146,Definitive Screening Design,435,17
X2,X2,0.6268906646387289,Definitive Screening Design,435,17
X3 (non-informative),X3,0.07718971293233319,Definitive Screening Design,435,17
Random Normal,Random Normal,0.22530003298862328,Definitive Screening Design,435,17
X1,X1,0.0857188513199704,Definitive Screening Design,436,17
X2,X2,0.6566108402725697,Definitive Screening Design,436,17
X3 (non-informative),X3,0.11765973968483932,Definitive Screening Design,436,17
Random Normal,Random Normal,0.1400105687226205,Definitive Screening Design,436,17
X1,X1,0.06192460733534157,Definitive Screening Design,437,17
X2,X2,0.6630444292681792,Definitive Screening Design,437,17
X3 (non-informative),X3,0.11511862210617262,Definitive Screening Design,437,17
Random Normal,Random Normal,0.15991234129030668,Definitive Screening Design,437,17
X1,X1,0.060703585026036136,Definitive Screening Design,438,17
X2,X2,0.5877085099478377,Definitive Screening Design,438,17
X3 (non-informative),X3,0.10468607831099963,Definitive Screening Design,438,17
Random Normal,Random Normal,0.24690182671512656,Definitive Screening Design,438,17
X1,X1,0.08040477729878909,Definitive Screening Design,439,17
X2,X2,0.6492900703129751,Definitive Screening Design,439,17
X3 (non-informative),X3,0.15096447465141166,Definitive Screening Design,439,17
Random Normal,Random Normal,0.11934067773682397,Definitive Screening Design,439,17
X1,X1,0.07028892972042573,Definitive Screening Design,440,17
X2,X2,0.6067017984239251,Definitive Screening Design,440,17
X3 (non-informative),X3,0.09058260985342485,Definitive Screening Design,440,17
Random Normal,Random Normal,0.23242666200222434,Definitive Screening Design,440,17
X1,X1,0.0634228848372099,Definitive Screening Design,441,17
X2,X2,0.6144438231705993,Definitive Screening Design,441,17
X3 (non-informative),X3,0.10987784327471788,Definitive Screening Design,441,17
Random Normal,Random Normal,0.21225544871747307,Definitive Screening Design,441,17
X1,X1,0.0653607422104793,Definitive Screening Design,442,17
X2,X2,0.6564451386725594,Definitive Screening Design,442,17
X3 (non-informative),X3,0.11535358183011632,Definitive Screening Design,442,17
Random Normal,Random Normal,0.16284053728684506,Definitive Screening Design,442,17
X1,X1,0.07704507457048228,Definitive Screening Design,443,17
X2,X2,0.6579205613337406,Definitive Screening Design,443,17
X3 (non-informative),X3,0.16415043191696868,Definitive Screening Design,443,17
Random Normal,Random Normal,0.10088393217880852,Definitive Screening Design,443,17
X1,X1,0.04742463085108757,Definitive Screening Design,444,17
X2,X2,0.6694542214138224,Definitive Screening Design,444,17
X3 (non-informative),X3,0.06679221538303803,Definitive Screening Design,444,17
Random Normal,Random Normal,0.216328932352052,Definitive Screening Design,444,17
X1,X1,0.04985106209775097,Definitive Screening Design,445,17
X2,X2,0.6301961048741599,Definitive Screening Design,445,17
X3 (non-informative),X3,0.09720662596594107,Definitive Screening Design,445,17
Random Normal,Random Normal,0.222746207062148,Definitive Screening Design,445,17
X1,X1,0.060134787023320195,Definitive Screening Design,446,17
X2,X2,0.6494021984289704,Definitive Screening Design,446,17
X3 (non-informative),X3,0.11821257518348618,Definitive Screening Design,446,17
Random Normal,Random Normal,0.172250439364223,Definitive Screening Design,446,17
X1,X1,0.09561972105143135,Definitive Screening Design,447,17
X2,X2,0.6498447464508187,Definitive Screening Design,447,17
X3 (non-informative),X3,0.14696545282175744,Definitive Screening Design,447,17
Random Normal,Random Normal,0.10757007967599266,Definitive Screening Design,447,17
X1,X1,0.06917967654781344,Definitive Screening Design,448,17
X2,X2,0.6705738283605399,Definitive Screening Design,448,17
X3 (non-informative),X3,0.12842355579533016,Definitive Screening Design,448,17
Random Normal,Random Normal,0.13182293929631642,Definitive Screening Design,448,17
X1,X1,0.04594571925487459,Definitive Screening Design,449,17
X2,X2,0.5892748223198072,Definitive Screening Design,449,17
X3 (non-informative),X3,0.07091011520761917,Definitive Screening Design,449,17
Random Normal,Random Normal,0.29386934321769903,Definitive Screening Design,449,17
X1,X1,0.0751364523113653,Definitive Screening Design,450,17
X2,X2,0.6274633008143833,Definitive Screening Design,450,17
X3 (non-informative),X3,0.1038786820491065,Definitive Screening Design,450,17
Random Normal,Random Normal,0.193521564825145,Definitive Screening Design,450,17
X1,X1,0.046574597049532485,Definitive Screening Design,451,17
X2,X2,0.6766159157611693,Definitive Screening Design,451,17
X3 (non-informative),X3,0.1647862263922537,Definitive Screening Design,451,17
Random Normal,Random Normal,0.11202326079704458,Definitive Screening Design,451,17
X1,X1,0.056230958451351905,Definitive Screening Design,452,17
X2,X2,0.6023120653407859,Definitive Screening Design,452,17
X3 (non-informative),X3,0.07426867951937775,Definitive Screening Design,452,17
Random Normal,Random Normal,0.26718829668848454,Definitive Screening Design,452,17
X1,X1,0.07914767504075228,Definitive Screening Design,453,17
X2,X2,0.5997019276338026,Definitive Screening Design,453,17
X3 (non-informative),X3,0.11970900180358833,Definitive Screening Design,453,17
Random Normal,Random Normal,0.20144139552185672,Definitive Screening Design,453,17
X1,X1,0.06588136456981071,Definitive Screening Design,454,17
X2,X2,0.6578778102274482,Definitive Screening Design,454,17
X3 (non-informative),X3,0.11589010931512629,Definitive Screening Design,454,17
Random Normal,Random Normal,0.1603507158876148,Definitive Screening Design,454,17
X1,X1,0.07873759581492625,Definitive Screening Design,455,17
X2,X2,0.5970685326466794,Definitive Screening Design,455,17
X3 (non-informative),X3,0.14262910868671388,Definitive Screening Design,455,17
Random Normal,Random Normal,0.18156476285168055,Definitive Screening Design,455,17
X1,X1,0.06425315556277958,Definitive Screening Design,456,17
X2,X2,0.6183850168889061,Definitive Screening Design,456,17
X3 (non-informative),X3,0.1409840870006116,Definitive Screening Design,456,17
Random Normal,Random Normal,0.17637774054770267,Definitive Screening Design,456,17
X1,X1,0.06722329919442559,Definitive Screening Design,457,17
X2,X2,0.6011918972100463,Definitive Screening Design,457,17
X3 (non-informative),X3,0.10962351613577324,Definitive Screening Design,457,17
Random Normal,Random Normal,0.2219612874597549,Definitive Screening Design,457,17
X1,X1,0.09734036130896825,Definitive Screening Design,458,17
X2,X2,0.5766562498974592,Definitive Screening Design,458,17
X3 (non-informative),X3,0.09378370868810564,Definitive Screening Design,458,17
Random Normal,Random Normal,0.23221968010546684,Definitive Screening Design,458,17
X1,X1,0.06984018562876795,Definitive Screening Design,459,17
X2,X2,0.6665015636159995,Definitive Screening Design,459,17
X3 (non-informative),X3,0.11977033639140788,Definitive Screening Design,459,17
Random Normal,Random Normal,0.14388791436382464,Definitive Screening Design,459,17
X1,X1,0.06000966986098745,Definitive Screening Design,460,17
X2,X2,0.6209828837914438,Definitive Screening Design,460,17
X3 (non-informative),X3,0.11662359837725454,Definitive Screening Design,460,17
Random Normal,Random Normal,0.20238384797031406,Definitive Screening Design,460,17
X1,X1,0.09567988917939316,Definitive Screening Design,461,17
X2,X2,0.594566142347433,Definitive Screening Design,461,17
X3 (non-informative),X3,0.10788337549698648,Definitive Screening Design,461,17
Random Normal,Random Normal,0.20187059297618737,Definitive Screening Design,461,17
X1,X1,0.08945730442835073,Definitive Screening Design,462,17
X2,X2,0.6641351369021563,Definitive Screening Design,462,17
X3 (non-informative),X3,0.13240221783579964,Definitive Screening Design,462,17
Random Normal,Random Normal,0.11400534083369337,Definitive Screening Design,462,17
X1,X1,0.06780661974994914,Definitive Screening Design,463,17
X2,X2,0.618449791932953,Definitive Screening Design,463,17
X3 (non-informative),X3,0.07886672914456745,Definitive Screening Design,463,17
Random Normal,Random Normal,0.23487685917253046,Definitive Screening Design,463,17
X1,X1,0.07064241539386072,Definitive Screening Design,464,17
X2,X2,0.592883889472753,Definitive Screening Design,464,17
X3 (non-informative),X3,0.09591611299912348,Definitive Screening Design,464,17
Random Normal,Random Normal,0.2405575821342628,Definitive Screening Design,464,17
X1,X1,0.07913987883231904,Definitive Screening Design,465,17
X2,X2,0.6886321451438588,Definitive Screening Design,465,17
X3 (non-informative),X3,0.14203084546894945,Definitive Screening Design,465,17
Random Normal,Random Normal,0.09019713055487268,Definitive Screening Design,465,17
X1,X1,0.07962948410611098,Definitive Screening Design,466,17
X2,X2,0.6815814346143293,Definitive Screening Design,466,17
X3 (non-informative),X3,0.10171564275881993,Definitive Screening Design,466,17
Random Normal,Random Normal,0.13707343852073967,Definitive Screening Design,466,17
X1,X1,0.07304206393786936,Definitive Screening Design,467,17
X2,X2,0.6945594870485237,Definitive Screening Design,467,17
X3 (non-informative),X3,0.1000795297635166,Definitive Screening Design,467,17
Random Normal,Random Normal,0.1323189192500903,Definitive Screening Design,467,17
X1,X1,0.05828188392086851,Definitive Screening Design,468,17
X2,X2,0.6465549076664682,Definitive Screening Design,468,17
X3 (non-informative),X3,0.13437979199553152,Definitive Screening Design,468,17
Random Normal,Random Normal,0.16078341641713204,Definitive Screening Design,468,17
X1,X1,0.07598342671793677,Definitive Screening Design,469,17
X2,X2,0.4888690573198563,Definitive Screening Design,469,17
X3 (non-informative),X3,0.0592047069745223,Definitive Screening Design,469,17
Random Normal,Random Normal,0.37594280898768456,Definitive Screening Design,469,17
X1,X1,0.0697741118072848,Definitive Screening Design,470,17
X2,X2,0.6692886046043126,Definitive Screening Design,470,17
X3 (non-informative),X3,0.1338652819762953,Definitive Screening Design,470,17
Random Normal,Random Normal,0.12707200161210735,Definitive Screening Design,470,17
X1,X1,0.057896060482577824,Definitive Screening Design,471,17
X2,X2,0.6397525076623626,Definitive Screening Design,471,17
X3 (non-informative),X3,0.13568661182421002,Definitive Screening Design,471,17
Random Normal,Random Normal,0.1666648200308495,Definitive Screening Design,471,17
X1,X1,0.07816371794225818,Definitive Screening Design,472,17
X2,X2,0.5599510063778715,Definitive Screening Design,472,17
X3 (non-informative),X3,0.14997786657412404,Definitive Screening Design,472,17
Random Normal,Random Normal,0.2119074091057462,Definitive Screening Design,472,17
X1,X1,0.06988695442182771,Definitive Screening Design,473,17
X2,X2,0.6831995792339003,Definitive Screening Design,473,17
X3 (non-informative),X3,0.10660121713743981,Definitive Screening Design,473,17
Random Normal,Random Normal,0.14031224920683213,Definitive Screening Design,473,17
X1,X1,0.06993505035828873,Definitive Screening Design,474,17
X2,X2,0.6412786392748336,Definitive Screening Design,474,17
X3 (non-informative),X3,0.11141177343633873,Definitive Screening Design,474,17
Random Normal,Random Normal,0.177374536930539,Definitive Screening Design,474,17
X1,X1,0.046850559818927294,Definitive Screening Design,475,17
X2,X2,0.6032601431988642,Definitive Screening Design,475,17
X3 (non-informative),X3,0.08581152865624568,Definitive Screening Design,475,17
Random Normal,Random Normal,0.26407776832596275,Definitive Screening Design,475,17
X1,X1,0.08729373809976018,Definitive Screening Design,476,17
X2,X2,0.6175513169058792,Definitive Screening Design,476,17
X3 (non-informative),X3,0.12856661571139424,Definitive Screening Design,476,17
Random Normal,Random Normal,0.16658832928296632,Definitive Screening Design,476,17
X1,X1,0.07055446876562768,Definitive Screening Design,477,17
X2,X2,0.6480373024374492,Definitive Screening Design,477,17
X3 (non-informative),X3,0.14057684298626874,Definitive Screening Design,477,17
Random Normal,Random Normal,0.1408313858106545,Definitive Screening Design,477,17
X1,X1,0.04978409651882727,Definitive Screening Design,478,17
X2,X2,0.46706875464462067,Definitive Screening Design,478,17
X3 (non-informative),X3,0.11185592162666898,Definitive Screening Design,478,17
Random Normal,Random Normal,0.3712912272098831,Definitive Screening Design,478,17
X1,X1,0.06298017162527308,Definitive Screening Design,479,17
X2,X2,0.6763884723026903,Definitive Screening Design,479,17
X3 (non-informative),X3,0.12720266892113963,Definitive Screening Design,479,17
Random Normal,Random Normal,0.133428687150897,Definitive Screening Design,479,17
X1,X1,0.06609654863919055,Definitive Screening Design,480,17
X2,X2,0.6244543705260641,Definitive Screening Design,480,17
X3 (non-informative),X3,0.0821455304506045,Definitive Screening Design,480,17
Random Normal,Random Normal,0.22730355038414088,Definitive Screening Design,480,17
X1,X1,0.08217645573822467,Definitive Screening Design,481,17
X2,X2,0.6489084226028489,Definitive Screening Design,481,17
X3 (non-informative),X3,0.16704836759117378,Definitive Screening Design,481,17
Random Normal,Random Normal,0.10186675406775275,Definitive Screening Design,481,17
X1,X1,0.08980777951673057,Definitive Screening Design,482,17
X2,X2,0.5884262010450053,Definitive Screening Design,482,17
X3 (non-informative),X3,0.06587981956126995,Definitive Screening Design,482,17
Random Normal,Random Normal,0.2558861998769942,Definitive Screening Design,482,17
X1,X1,0.05930542316257418,Definitive Screening Design,483,17
X2,X2,0.5495075095265326,Definitive Screening Design,483,17
X3 (non-informative),X3,0.08546086080675226,Definitive Screening Design,483,17
Random Normal,Random Normal,0.30572620650414095,Definitive Screening Design,483,17
X1,X1,0.0767451673175451,Definitive Screening Design,484,17
X2,X2,0.6107852005264648,Definitive Screening Design,484,17
X3 (non-informative),X3,0.08360645219838342,Definitive Screening Design,484,17
Random Normal,Random Normal,0.22886317995760655,Definitive Screening Design,484,17
X1,X1,0.07554325838988585,Definitive Screening Design,485,17
X2,X2,0.6313765823309723,Definitive Screening Design,485,17
X3 (non-informative),X3,0.15283935584489988,Definitive Screening Design,485,17
Random Normal,Random Normal,0.14024080343424203,Definitive Screening Design,485,17
X1,X1,0.06302527245269501,Definitive Screening Design,486,17
X2,X2,0.5894450337994914,Definitive Screening Design,486,17
X3 (non-informative),X3,0.12289135553171122,Definitive Screening Design,486,17
Random Normal,Random Normal,0.22463833821610232,Definitive Screening Design,486,17
X1,X1,0.062232328488199665,Definitive Screening Design,487,17
X2,X2,0.5808362821873603,Definitive Screening Design,487,17
X3 (non-informative),X3,0.1712265746475211,Definitive Screening Design,487,17
Random Normal,Random Normal,0.18570481467691888,Definitive Screening Design,487,17
X1,X1,0.09515225206024576,Definitive Screening Design,488,17
X2,X2,0.6454759652212941,Definitive Screening Design,488,17
X3 (non-informative),X3,0.12311469760048308,Definitive Screening Design,488,17
Random Normal,Random Normal,0.136257085117977,Definitive Screening Design,488,17
X1,X1,0.056334372040300944,Definitive Screening Design,489,17
X2,X2,0.6351359722141156,Definitive Screening Design,489,17
X3 (non-informative),X3,0.10792378828572707,Definitive Screening Design,489,17
Random Normal,Random Normal,0.2006058674598564,Definitive Screening Design,489,17
X1,X1,0.07784012216276773,Definitive Screening Design,490,17
X2,X2,0.6377918536331626,Definitive Screening Design,490,17
X3 (non-informative),X3,0.13649929957216872,Definitive Screening Design,490,17
Random Normal,Random Normal,0.14786872463190096,Definitive Screening Design,490,17
X1,X1,0.07264227334791991,Definitive Screening Design,491,17
X2,X2,0.5653280479890141,Definitive Screening Design,491,17
X3 (non-informative),X3,0.13583370216844182,Definitive Screening Design,491,17
Random Normal,Random Normal,0.22619597649462425,Definitive Screening Design,491,17
X1,X1,0.055679102182426894,Definitive Screening Design,492,17
X2,X2,0.6499961002372039,Definitive Screening Design,492,17
X3 (non-informative),X3,0.08846997523887565,Definitive Screening Design,492,17
Random Normal,Random Normal,0.20585482234149358,Definitive Screening Design,492,17
X1,X1,0.0744126983813872,Definitive Screening Design,493,17
X2,X2,0.6544861235826469,Definitive Screening Design,493,17
X3 (non-informative),X3,0.12768202704070705,Definitive Screening Design,493,17
Random Normal,Random Normal,0.14341915099525884,Definitive Screening Design,493,17
X1,X1,0.06498422827164121,Definitive Screening Design,494,17
X2,X2,0.5790374001751891,Definitive Screening Design,494,17
X3 (non-informative),X3,0.19423782183399593,Definitive Screening Design,494,17
Random Normal,Random Normal,0.16174054971917357,Definitive Screening Design,494,17
X1,X1,0.0790053990121823,Definitive Screening Design,495,17
X2,X2,0.6440094990807793,Definitive Screening Design,495,17
X3 (non-informative),X3,0.1429869193879885,Definitive Screening Design,495,17
Random Normal,Random Normal,0.13399818251904988,Definitive Screening Design,495,17
X1,X1,0.06451053547076488,Definitive Screening Design,496,17
X2,X2,0.6418233379223824,Definitive Screening Design,496,17
X3 (non-informative),X3,0.1357880805651778,Definitive Screening Design,496,17
Random Normal,Random Normal,0.15787804604167488,Definitive Screening Design,496,17
X1,X1,0.07383421574915201,Definitive Screening Design,497,17
X2,X2,0.6332361483222958,Definitive Screening Design,497,17
X3 (non-informative),X3,0.10396278303426884,Definitive Screening Design,497,17
Random Normal,Random Normal,0.1889668528942834,Definitive Screening Design,497,17
X1,X1,0.0836100456555641,Definitive Screening Design,498,17
X2,X2,0.6458714850640752,Definitive Screening Design,498,17
X3 (non-informative),X3,0.16586908173660825,Definitive Screening Design,498,17
Random Normal,Random Normal,0.1046493875437524,Definitive Screening Design,498,17
X1,X1,0.07541425911117232,Definitive Screening Design,499,17
X2,X2,0.5992089116825547,Definitive Screening Design,499,17
X3 (non-informative),X3,0.11450653927957728,Definitive Screening Design,499,17
Random Normal,Random Normal,0.21087028992669574,Definitive Screening Design,499,17
X1,X1,0.06463232519848769,Definitive Screening Design,500,17
X2,X2,0.5807847141526913,Definitive Screening Design,500,17
X3 (non-informative),X3,0.10701377913932139,Definitive Screening Design,500,17
Random Normal,Random Normal,0.2475691815094997,Definitive Screening Design,500,17
X1,X1,0.05764896227609953,Definitive Screening Design,501,17
X2,X2,0.5723688546383227,Definitive Screening Design,501,17
X3 (non-informative),X3,0.08402769076095902,Definitive Screening Design,501,17
Random Normal,Random Normal,0.28595449232461884,Definitive Screening Design,501,17
X1,X1,0.07144863967941792,Definitive Screening Design,502,17
X2,X2,0.5504344386507479,Definitive Screening Design,502,17
X3 (non-informative),X3,0.1300428161684719,Definitive Screening Design,502,17
Random Normal,Random Normal,0.24807410550136222,Definitive Screening Design,502,17
X1,X1,0.06978540767166001,Definitive Screening Design,503,17
X2,X2,0.6515894525916955,Definitive Screening Design,503,17
X3 (non-informative),X3,0.0733225447056858,Definitive Screening Design,503,17
Random Normal,Random Normal,0.20530259503095857,Definitive Screening Design,503,17
X1,X1,0.045215702941576806,Definitive Screening Design,504,17
X2,X2,0.6070512727965623,Definitive Screening Design,504,17
X3 (non-informative),X3,0.06728498862204033,Definitive Screening Design,504,17
Random Normal,Random Normal,0.2804480356398206,Definitive Screening Design,504,17
X1,X1,0.08242709455633063,Definitive Screening Design,505,17
X2,X2,0.6630578167102735,Definitive Screening Design,505,17
X3 (non-informative),X3,0.13634756479061014,Definitive Screening Design,505,17
Random Normal,Random Normal,0.11816752394278582,Definitive Screening Design,505,17
X1,X1,0.07844292251589019,Definitive Screening Design,506,17
X2,X2,0.6601057461394686,Definitive Screening Design,506,17
X3 (non-informative),X3,0.16100358031624207,Definitive Screening Design,506,17
Random Normal,Random Normal,0.10044775102839928,Definitive Screening Design,506,17
X1,X1,0.0777391170524306,Definitive Screening Design,507,17
X2,X2,0.6297402135010982,Definitive Screening Design,507,17
X3 (non-informative),X3,0.15885712439039798,Definitive Screening Design,507,17
Random Normal,Random Normal,0.13366354505607328,Definitive Screening Design,507,17
X1,X1,0.09832501912091275,Definitive Screening Design,508,17
X2,X2,0.5982570274581961,Definitive Screening Design,508,17
X3 (non-informative),X3,0.15928841165101582,Definitive Screening Design,508,17
Random Normal,Random Normal,0.14412954176987536,Definitive Screening Design,508,17
X1,X1,0.0575922421179683,Definitive Screening Design,509,17
X2,X2,0.6324484652835702,Definitive Screening Design,509,17
X3 (non-informative),X3,0.14589007902774864,Definitive Screening Design,509,17
Random Normal,Random Normal,0.16406921357071264,Definitive Screening Design,509,17
X1,X1,0.010263061990932998,Definitive Screening Design,510,17
X2,X2,0.5852489082594682,Definitive Screening Design,510,17
X3 (non-informative),X3,0.2012118259470511,Definitive Screening Design,510,17
Random Normal,Random Normal,0.20327620380254766,Definitive Screening Design,510,17
X1,X1,0.055900610850750945,Definitive Screening Design,511,17
X2,X2,0.6329889357171311,Definitive Screening Design,511,17
X3 (non-informative),X3,0.13820557936457667,Definitive Screening Design,511,17
Random Normal,Random Normal,0.17290487406754107,Definitive Screening Design,511,17
X1,X1,0.07312345731256649,Definitive Screening Design,512,17
X2,X2,0.6105605961657669,Definitive Screening Design,512,17
X3 (non-informative),X3,0.14921849408483004,Definitive Screening Design,512,17
Random Normal,Random Normal,0.16709745243683657,Definitive Screening Design,512,17
X1,X1,0.08261338671850635,Definitive Screening Design,513,17
X2,X2,0.6286062721068537,Definitive Screening Design,513,17
X3 (non-informative),X3,0.09139849999503787,Definitive Screening Design,513,17
Random Normal,Random Normal,0.19738184117960209,Definitive Screening Design,513,17
X1,X1,0.07665828608493006,Definitive Screening Design,514,17
X2,X2,0.6415317295152401,Definitive Screening Design,514,17
X3 (non-informative),X3,0.18317356499842613,Definitive Screening Design,514,17
Random Normal,Random Normal,0.09863641940140373,Definitive Screening Design,514,17
X1,X1,0.04893617970024914,Definitive Screening Design,515,17
X2,X2,0.5176250352779806,Definitive Screening Design,515,17
X3 (non-informative),X3,0.047303224235223054,Definitive Screening Design,515,17
Random Normal,Random Normal,0.3861355607865471,Definitive Screening Design,515,17
X1,X1,0.04819026628736482,Definitive Screening Design,516,17
X2,X2,0.6504516657754937,Definitive Screening Design,516,17
X3 (non-informative),X3,0.11242708095315143,Definitive Screening Design,516,17
Random Normal,Random Normal,0.1889309869839901,Definitive Screening Design,516,17
X1,X1,0.06885391603267832,Definitive Screening Design,517,17
X2,X2,0.6636235931887273,Definitive Screening Design,517,17
X3 (non-informative),X3,0.13794290328580083,Definitive Screening Design,517,17
Random Normal,Random Normal,0.12957958749279347,Definitive Screening Design,517,17
X1,X1,0.054688685111827756,Definitive Screening Design,518,17
X2,X2,0.5110120283722324,Definitive Screening Design,518,17
X3 (non-informative),X3,0.1132101459963405,Definitive Screening Design,518,17
Random Normal,Random Normal,0.3210891405195993,Definitive Screening Design,518,17
X1,X1,0.0708134700052764,Definitive Screening Design,519,17
X2,X2,0.5728821331292142,Definitive Screening Design,519,17
X3 (non-informative),X3,0.17527894853661563,Definitive Screening Design,519,17
Random Normal,Random Normal,0.18102544832889375,Definitive Screening Design,519,17
X1,X1,0.06435776371835315,Definitive Screening Design,520,17
X2,X2,0.6211357061690099,Definitive Screening Design,520,17
X3 (non-informative),X3,0.13332588703873477,Definitive Screening Design,520,17
Random Normal,Random Normal,0.18118064307390208,Definitive Screening Design,520,17
X1,X1,0.090929707228369,Definitive Screening Design,521,17
X2,X2,0.6882630197478378,Definitive Screening Design,521,17
X3 (non-informative),X3,0.10785065696007534,Definitive Screening Design,521,17
Random Normal,Random Normal,0.11295661606371789,Definitive Screening Design,521,17
X1,X1,0.05590781977008728,Definitive Screening Design,522,17
X2,X2,0.6442356985858763,Definitive Screening Design,522,17
X3 (non-informative),X3,0.11557733178727213,Definitive Screening Design,522,17
Random Normal,Random Normal,0.1842791498567643,Definitive Screening Design,522,17
X1,X1,0.07931064235884669,Definitive Screening Design,523,17
X2,X2,0.6076564316758057,Definitive Screening Design,523,17
X3 (non-informative),X3,0.1179571965850545,Definitive Screening Design,523,17
Random Normal,Random Normal,0.19507572938029308,Definitive Screening Design,523,17
X1,X1,0.11350823583979519,Definitive Screening Design,524,17
X2,X2,0.5413401969577226,Definitive Screening Design,524,17
X3 (non-informative),X3,0.1614009704017461,Definitive Screening Design,524,17
Random Normal,Random Normal,0.18375059680073605,Definitive Screening Design,524,17
X1,X1,0.04057466950053517,Definitive Screening Design,525,17
X2,X2,0.5498687523716743,Definitive Screening Design,525,17
X3 (non-informative),X3,0.06564663886270386,Definitive Screening Design,525,17
Random Normal,Random Normal,0.3439099392650865,Definitive Screening Design,525,17
X1,X1,0.053497853015311604,Definitive Screening Design,526,17
X2,X2,0.5761176581731448,Definitive Screening Design,526,17
X3 (non-informative),X3,0.16205016386307308,Definitive Screening Design,526,17
Random Normal,Random Normal,0.2083343249484705,Definitive Screening Design,526,17
X1,X1,0.03765157484289027,Definitive Screening Design,527,17
X2,X2,0.6000833246504764,Definitive Screening Design,527,17
X3 (non-informative),X3,0.08637133686841657,Definitive Screening Design,527,17
Random Normal,Random Normal,0.27589376363821666,Definitive Screening Design,527,17
X1,X1,0.0747732017876945,Definitive Screening Design,528,17
X2,X2,0.6113737778171371,Definitive Screening Design,528,17
X3 (non-informative),X3,0.17240346375675128,Definitive Screening Design,528,17
Random Normal,Random Normal,0.14144955663841705,Definitive Screening Design,528,17
X1,X1,0.0838731799639234,Definitive Screening Design,529,17
X2,X2,0.6610269717134689,Definitive Screening Design,529,17
X3 (non-informative),X3,0.16879740297774154,Definitive Screening Design,529,17
Random Normal,Random Normal,0.08630244534486615,Definitive Screening Design,529,17
X1,X1,0.07716887898614859,Definitive Screening Design,530,17
X2,X2,0.6127489983887822,Definitive Screening Design,530,17
X3 (non-informative),X3,0.1767411864771738,Definitive Screening Design,530,17
Random Normal,Random Normal,0.1333409361478955,Definitive Screening Design,530,17
X1,X1,0.09111734745033181,Definitive Screening Design,531,17
X2,X2,0.6176627821707782,Definitive Screening Design,531,17
X3 (non-informative),X3,0.1546396506992408,Definitive Screening Design,531,17
Random Normal,Random Normal,0.13658021967964903,Definitive Screening Design,531,17
X1,X1,0.059870542899897516,Definitive Screening Design,532,17
X2,X2,0.62787674222217,Definitive Screening Design,532,17
X3 (non-informative),X3,0.11012288138640129,Definitive Screening Design,532,17
Random Normal,Random Normal,0.20212983349153124,Definitive Screening Design,532,17
X1,X1,0.05272678044592132,Definitive Screening Design,533,17
X2,X2,0.6124431025262139,Definitive Screening Design,533,17
X3 (non-informative),X3,0.13480464218890625,Definitive Screening Design,533,17
Random Normal,Random Normal,0.20002547483895836,Definitive Screening Design,533,17
X1,X1,0.058342734845178344,Definitive Screening Design,534,17
X2,X2,0.6603544485989136,Definitive Screening Design,534,17
X3 (non-informative),X3,0.09931417435921405,Definitive Screening Design,534,17
Random Normal,Random Normal,0.181988642196694,Definitive Screening Design,534,17
X1,X1,0.06183759197533324,Definitive Screening Design,535,17
X2,X2,0.6248814127360233,Definitive Screening Design,535,17
X3 (non-informative),X3,0.16715474582093529,Definitive Screening Design,535,17
Random Normal,Random Normal,0.14612624946770825,Definitive Screening Design,535,17
X1,X1,0.05177535145900333,Definitive Screening Design,536,17
X2,X2,0.5681472318593876,Definitive Screening Design,536,17
X3 (non-informative),X3,0.1816506282369636,Definitive Screening Design,536,17
Random Normal,Random Normal,0.19842678844464548,Definitive Screening Design,536,17
X1,X1,0.07091811884934947,Definitive Screening Design,537,17
X2,X2,0.6675222615588556,Definitive Screening Design,537,17
X3 (non-informative),X3,0.1390061922775711,Definitive Screening Design,537,17
Random Normal,Random Normal,0.12255342731422388,Definitive Screening Design,537,17
X1,X1,0.06131230983508942,Definitive Screening Design,538,17
X2,X2,0.6706166157213234,Definitive Screening Design,538,17
X3 (non-informative),X3,0.11150978551653082,Definitive Screening Design,538,17
Random Normal,Random Normal,0.1565612889270564,Definitive Screening Design,538,17
X1,X1,0.07078849322439591,Definitive Screening Design,539,17
X2,X2,0.6642505315671873,Definitive Screening Design,539,17
X3 (non-informative),X3,0.061300087434445996,Definitive Screening Design,539,17
Random Normal,Random Normal,0.20366088777397076,Definitive Screening Design,539,17
X1,X1,0.04739385466853614,Definitive Screening Design,540,17
X2,X2,0.5689016644355149,Definitive Screening Design,540,17
X3 (non-informative),X3,0.07986104564381934,Definitive Screening Design,540,17
Random Normal,Random Normal,0.30384343525212965,Definitive Screening Design,540,17
X1,X1,0.06845518892721207,Definitive Screening Design,541,17
X2,X2,0.6079832575772887,Definitive Screening Design,541,17
X3 (non-informative),X3,0.1189392469688185,Definitive Screening Design,541,17
Random Normal,Random Normal,0.20462230652668084,Definitive Screening Design,541,17
X1,X1,0.056306366305597114,Definitive Screening Design,542,17
X2,X2,0.5337308979403933,Definitive Screening Design,542,17
X3 (non-informative),X3,0.07837024764697481,Definitive Screening Design,542,17
Random Normal,Random Normal,0.3315924881070347,Definitive Screening Design,542,17
X1,X1,0.06408958753048823,Definitive Screening Design,543,17
X2,X2,0.6541613551461893,Definitive Screening Design,543,17
X3 (non-informative),X3,0.10836517064234276,Definitive Screening Design,543,17
Random Normal,Random Normal,0.17338388668097982,Definitive Screening Design,543,17
X1,X1,0.08973948695817681,Definitive Screening Design,544,17
X2,X2,0.6202897303818778,Definitive Screening Design,544,17
X3 (non-informative),X3,0.14097688372413283,Definitive Screening Design,544,17
Random Normal,Random Normal,0.1489938989358126,Definitive Screening Design,544,17
X1,X1,0.0536376304178696,Definitive Screening Design,545,17
X2,X2,0.6058578776574912,Definitive Screening Design,545,17
X3 (non-informative),X3,0.09853568478764499,Definitive Screening Design,545,17
Random Normal,Random Normal,0.24196880713699442,Definitive Screening Design,545,17
X1,X1,0.06591442177391964,Definitive Screening Design,546,17
X2,X2,0.6409867758261535,Definitive Screening Design,546,17
X3 (non-informative),X3,0.15947430070268925,Definitive Screening Design,546,17
Random Normal,Random Normal,0.13362450169723772,Definitive Screening Design,546,17
X1,X1,0.07288382314182192,Definitive Screening Design,547,17
X2,X2,0.6433152082005478,Definitive Screening Design,547,17
X3 (non-informative),X3,0.14137613959797318,Definitive Screening Design,547,17
Random Normal,Random Normal,0.14242482905965723,Definitive Screening Design,547,17
X1,X1,0.09163419142051525,Definitive Screening Design,548,17
X2,X2,0.61797613278666,Definitive Screening Design,548,17
X3 (non-informative),X3,0.08618619190588866,Definitive Screening Design,548,17
Random Normal,Random Normal,0.20420348388693613,Definitive Screening Design,548,17
X1,X1,0.06276768174435123,Definitive Screening Design,549,17
X2,X2,0.5975163824780543,Definitive Screening Design,549,17
X3 (non-informative),X3,0.0957223310111359,Definitive Screening Design,549,17
Random Normal,Random Normal,0.24399360476645868,Definitive Screening Design,549,17
X1,X1,0.07205133222414326,Definitive Screening Design,550,17
X2,X2,0.6446922191034622,Definitive Screening Design,550,17
X3 (non-informative),X3,0.10700617945597597,Definitive Screening Design,550,17
Random Normal,Random Normal,0.1762502692164186,Definitive Screening Design,550,17
X1,X1,0.06518256582986921,Definitive Screening Design,551,17
X2,X2,0.6448114881464718,Definitive Screening Design,551,17
X3 (non-informative),X3,0.11976224494591341,Definitive Screening Design,551,17
Random Normal,Random Normal,0.1702437010777457,Definitive Screening Design,551,17
X1,X1,0.08105287391312255,Definitive Screening Design,552,17
X2,X2,0.61477767007052,Definitive Screening Design,552,17
X3 (non-informative),X3,0.1563188304652323,Definitive Screening Design,552,17
Random Normal,Random Normal,0.1478506255511253,Definitive Screening Design,552,17
X1,X1,0.0630703322859395,Definitive Screening Design,553,17
X2,X2,0.6156099437575581,Definitive Screening Design,553,17
X3 (non-informative),X3,0.11413910859954672,Definitive Screening Design,553,17
Random Normal,Random Normal,0.20718061535695573,Definitive Screening Design,553,17
X1,X1,0.10427247958035189,Definitive Screening Design,554,17
X2,X2,0.6196288456393554,Definitive Screening Design,554,17
X3 (non-informative),X3,0.1433189648395062,Definitive Screening Design,554,17
Random Normal,Random Normal,0.1327797099407864,Definitive Screening Design,554,17
X1,X1,0.09726648972168271,Definitive Screening Design,555,17
X2,X2,0.615479352070746,Definitive Screening Design,555,17
X3 (non-informative),X3,0.17593623699528957,Definitive Screening Design,555,17
Random Normal,Random Normal,0.11131792121228157,Definitive Screening Design,555,17
X1,X1,0.07779136065515542,Definitive Screening Design,556,17
X2,X2,0.6320036731417711,Definitive Screening Design,556,17
X3 (non-informative),X3,0.1510470828097606,Definitive Screening Design,556,17
Random Normal,Random Normal,0.13915788339331292,Definitive Screening Design,556,17
X1,X1,0.05650704029666973,Definitive Screening Design,557,17
X2,X2,0.6018733751163916,Definitive Screening Design,557,17
X3 (non-informative),X3,0.06420287197872744,Definitive Screening Design,557,17
Random Normal,Random Normal,0.27741671260821116,Definitive Screening Design,557,17
X1,X1,0.10772397469106663,Definitive Screening Design,558,17
X2,X2,0.5572792632364288,Definitive Screening Design,558,17
X3 (non-informative),X3,0.12503163484314953,Definitive Screening Design,558,17
Random Normal,Random Normal,0.2099651272293552,Definitive Screening Design,558,17
X1,X1,0.05915372815635452,Definitive Screening Design,559,17
X2,X2,0.6269206277133685,Definitive Screening Design,559,17
X3 (non-informative),X3,0.07513393165088278,Definitive Screening Design,559,17
Random Normal,Random Normal,0.23879171247939399,Definitive Screening Design,559,17
X1,X1,0.0781667463028786,Definitive Screening Design,560,17
X2,X2,0.6133814473253019,Definitive Screening Design,560,17
X3 (non-informative),X3,0.09884785030102305,Definitive Screening Design,560,17
Random Normal,Random Normal,0.20960395607079646,Definitive Screening Design,560,17
X1,X1,0.07771556823288447,Definitive Screening Design,561,17
X2,X2,0.587604981836976,Definitive Screening Design,561,17
X3 (non-informative),X3,0.10338570508574023,Definitive Screening Design,561,17
Random Normal,Random Normal,0.2312937448443993,Definitive Screening Design,561,17
X1,X1,0.04497479170623449,Definitive Screening Design,562,17
X2,X2,0.5415797549401952,Definitive Screening Design,562,17
X3 (non-informative),X3,0.14747483824444438,Definitive Screening Design,562,17
Random Normal,Random Normal,0.26597061510912595,Definitive Screening Design,562,17
X1,X1,0.045671234398678665,Definitive Screening Design,563,17
X2,X2,0.6525027748557094,Definitive Screening Design,563,17
X3 (non-informative),X3,0.10427898448120797,Definitive Screening Design,563,17
Random Normal,Random Normal,0.1975470062644039,Definitive Screening Design,563,17
X1,X1,0.044004977794973435,Definitive Screening Design,564,17
X2,X2,0.5981186685839122,Definitive Screening Design,564,17
X3 (non-informative),X3,0.09409001757741985,Definitive Screening Design,564,17
Random Normal,Random Normal,0.2637863360436946,Definitive Screening Design,564,17
X1,X1,0.08333676720042184,Definitive Screening Design,565,17
X2,X2,0.5987839751263752,Definitive Screening Design,565,17
X3 (non-informative),X3,0.11816140126102656,Definitive Screening Design,565,17
Random Normal,Random Normal,0.19971785641217651,Definitive Screening Design,565,17
X1,X1,0.047858456324861416,Definitive Screening Design,566,17
X2,X2,0.6144569853919364,Definitive Screening Design,566,17
X3 (non-informative),X3,0.2008333417994255,Definitive Screening Design,566,17
Random Normal,Random Normal,0.13685121648377668,Definitive Screening Design,566,17
X1,X1,0.06303605160573747,Definitive Screening Design,567,17
X2,X2,0.612693895641032,Definitive Screening Design,567,17
X3 (non-informative),X3,0.1393026667423846,Definitive Screening Design,567,17
Random Normal,Random Normal,0.18496738601084597,Definitive Screening Design,567,17
X1,X1,0.07018398205413144,Definitive Screening Design,568,17
X2,X2,0.6625084399918638,Definitive Screening Design,568,17
X3 (non-informative),X3,0.13785209511937116,Definitive Screening Design,568,17
Random Normal,Random Normal,0.12945548283463354,Definitive Screening Design,568,17
X1,X1,0.06252159665784122,Definitive Screening Design,569,17
X2,X2,0.694091587495374,Definitive Screening Design,569,17
X3 (non-informative),X3,0.11975037168739286,Definitive Screening Design,569,17
Random Normal,Random Normal,0.12363644415939189,Definitive Screening Design,569,17
X1,X1,0.05078095136868464,Definitive Screening Design,570,17
X2,X2,0.6746367082575879,Definitive Screening Design,570,17
X3 (non-informative),X3,0.10545525348345444,Definitive Screening Design,570,17
Random Normal,Random Normal,0.16912708689027295,Definitive Screening Design,570,17
X1,X1,0.04138021645115257,Definitive Screening Design,571,17
X2,X2,0.6400884193844085,Definitive Screening Design,571,17
X3 (non-informative),X3,0.07135116825842779,Definitive Screening Design,571,17
Random Normal,Random Normal,0.24718019590601112,Definitive Screening Design,571,17
X1,X1,0.06729161323341178,Definitive Screening Design,572,17
X2,X2,0.583052168983347,Definitive Screening Design,572,17
X3 (non-informative),X3,0.13414406103126963,Definitive Screening Design,572,17
Random Normal,Random Normal,0.21551215675197175,Definitive Screening Design,572,17
X1,X1,0.08632598507876148,Definitive Screening Design,573,17
X2,X2,0.6061959625107703,Definitive Screening Design,573,17
X3 (non-informative),X3,0.1404043629303614,Definitive Screening Design,573,17
Random Normal,Random Normal,0.1670736894801069,Definitive Screening Design,573,17
X1,X1,0.04381540253901459,Definitive Screening Design,574,17
X2,X2,0.6941270882607591,Definitive Screening Design,574,17
X3 (non-informative),X3,0.11188065517673319,Definitive Screening Design,574,17
Random Normal,Random Normal,0.15017685402349304,Definitive Screening Design,574,17
X1,X1,0.05988342218931904,Definitive Screening Design,575,17
X2,X2,0.5254899528809392,Definitive Screening Design,575,17
X3 (non-informative),X3,0.11222907840822186,Definitive Screening Design,575,17
Random Normal,Random Normal,0.3023975465215198,Definitive Screening Design,575,17
X1,X1,0.06922923249074417,Definitive Screening Design,576,17
X2,X2,0.6003562986133868,Definitive Screening Design,576,17
X3 (non-informative),X3,0.06967921609700714,Definitive Screening Design,576,17
Random Normal,Random Normal,0.2607352527988619,Definitive Screening Design,576,17
X1,X1,0.04880350651772873,Definitive Screening Design,577,17
X2,X2,0.4861288714994467,Definitive Screening Design,577,17
X3 (non-informative),X3,0.04963398654207074,Definitive Screening Design,577,17
Random Normal,Random Normal,0.41543363544075373,Definitive Screening Design,577,17
X1,X1,0.09321476840775177,Definitive Screening Design,578,17
X2,X2,0.6164660147156715,Definitive Screening Design,578,17
X3 (non-informative),X3,0.12254638384721454,Definitive Screening Design,578,17
Random Normal,Random Normal,0.16777283302936213,Definitive Screening Design,578,17
X1,X1,0.06953954052246368,Definitive Screening Design,579,17
X2,X2,0.6476132166417874,Definitive Screening Design,579,17
X3 (non-informative),X3,0.09820907039129773,Definitive Screening Design,579,17
Random Normal,Random Normal,0.18463817244445116,Definitive Screening Design,579,17
X1,X1,0.055995813326963996,Definitive Screening Design,580,17
X2,X2,0.6067159167804476,Definitive Screening Design,580,17
X3 (non-informative),X3,0.07873546734098806,Definitive Screening Design,580,17
Random Normal,Random Normal,0.2585528025516004,Definitive Screening Design,580,17
X1,X1,0.07900535526551934,Definitive Screening Design,581,17
X2,X2,0.6875109849631311,Definitive Screening Design,581,17
X3 (non-informative),X3,0.15593804711366188,Definitive Screening Design,581,17
Random Normal,Random Normal,0.07754561265768782,Definitive Screening Design,581,17
X1,X1,0.0752910233373738,Definitive Screening Design,582,17
X2,X2,0.6613532442610272,Definitive Screening Design,582,17
X3 (non-informative),X3,0.109178830709688,Definitive Screening Design,582,17
Random Normal,Random Normal,0.154176901691911,Definitive Screening Design,582,17
X1,X1,0.07386538471476113,Definitive Screening Design,583,17
X2,X2,0.5489440057018397,Definitive Screening Design,583,17
X3 (non-informative),X3,0.10809212499028491,Definitive Screening Design,583,17
Random Normal,Random Normal,0.2690984845931144,Definitive Screening Design,583,17
X1,X1,0.09148433497869703,Definitive Screening Design,584,17
X2,X2,0.6819771567890622,Definitive Screening Design,584,17
X3 (non-informative),X3,0.14552325139189054,Definitive Screening Design,584,17
Random Normal,Random Normal,0.08101525684035035,Definitive Screening Design,584,17
X1,X1,0.09974386714463392,Definitive Screening Design,585,17
X2,X2,0.5858349176718258,Definitive Screening Design,585,17
X3 (non-informative),X3,0.12660926970343048,Definitive Screening Design,585,17
Random Normal,Random Normal,0.18781194548010985,Definitive Screening Design,585,17
X1,X1,0.07709352902567485,Definitive Screening Design,586,17
X2,X2,0.6746517601002425,Definitive Screening Design,586,17
X3 (non-informative),X3,0.15064333469357363,Definitive Screening Design,586,17
Random Normal,Random Normal,0.09761137618050889,Definitive Screening Design,586,17
X1,X1,0.0800502037998434,Definitive Screening Design,587,17
X2,X2,0.625258537979876,Definitive Screening Design,587,17
X3 (non-informative),X3,0.12556027749066181,Definitive Screening Design,587,17
Random Normal,Random Normal,0.16913098072961877,Definitive Screening Design,587,17
X1,X1,0.06815712881659221,Definitive Screening Design,588,17
X2,X2,0.6024974297403022,Definitive Screening Design,588,17
X3 (non-informative),X3,0.1260801409491558,Definitive Screening Design,588,17
Random Normal,Random Normal,0.20326530049394997,Definitive Screening Design,588,17
X1,X1,0.07435943704176366,Definitive Screening Design,589,17
X2,X2,0.6732841653508004,Definitive Screening Design,589,17
X3 (non-informative),X3,0.16927923053285723,Definitive Screening Design,589,17
Random Normal,Random Normal,0.08307716707457889,Definitive Screening Design,589,17
X1,X1,0.050874220517936955,Definitive Screening Design,590,17
X2,X2,0.6677321995700426,Definitive Screening Design,590,17
X3 (non-informative),X3,0.06481509717664112,Definitive Screening Design,590,17
Random Normal,Random Normal,0.21657848273537936,Definitive Screening Design,590,17
X1,X1,0.09977724971041747,Definitive Screening Design,591,17
X2,X2,0.6321156946718153,Definitive Screening Design,591,17
X3 (non-informative),X3,0.1209251748808919,Definitive Screening Design,591,17
Random Normal,Random Normal,0.1471818807368753,Definitive Screening Design,591,17
X1,X1,0.09192525374583438,Definitive Screening Design,592,17
X2,X2,0.6284190251498966,Definitive Screening Design,592,17
X3 (non-informative),X3,0.1371774114914857,Definitive Screening Design,592,17
Random Normal,Random Normal,0.14247830961278335,Definitive Screening Design,592,17
X1,X1,0.07295132727769126,Definitive Screening Design,593,17
X2,X2,0.6582649079767502,Definitive Screening Design,593,17
X3 (non-informative),X3,0.16867793689437263,Definitive Screening Design,593,17
Random Normal,Random Normal,0.10010582785118598,Definitive Screening Design,593,17
X1,X1,0.058638347225893145,Definitive Screening Design,594,17
X2,X2,0.6260135277082399,Definitive Screening Design,594,17
X3 (non-informative),X3,0.15863691460487184,Definitive Screening Design,594,17
Random Normal,Random Normal,0.15671121046099515,Definitive Screening Design,594,17
X1,X1,0.07276796314516507,Definitive Screening Design,595,17
X2,X2,0.605771089937548,Definitive Screening Design,595,17
X3 (non-informative),X3,0.17596691954311977,Definitive Screening Design,595,17
Random Normal,Random Normal,0.14549402737416722,Definitive Screening Design,595,17
X1,X1,0.07372073185991576,Definitive Screening Design,596,17
X2,X2,0.6801266762562143,Definitive Screening Design,596,17
X3 (non-informative),X3,0.18194829928505368,Definitive Screening Design,596,17
Random Normal,Random Normal,0.06420429259881635,Definitive Screening Design,596,17
X1,X1,0.061232627765450166,Definitive Screening Design,597,17
X2,X2,0.6427723945446668,Definitive Screening Design,597,17
X3 (non-informative),X3,0.07039850117236923,Definitive Screening Design,597,17
Random Normal,Random Normal,0.22559647651751388,Definitive Screening Design,597,17
X1,X1,0.05059913049744751,Definitive Screening Design,598,17
X2,X2,0.5780244535150321,Definitive Screening Design,598,17
X3 (non-informative),X3,0.08978845923441738,Definitive Screening Design,598,17
Random Normal,Random Normal,0.2815879567531031,Definitive Screening Design,598,17
X1,X1,0.0683728068305092,Definitive Screening Design,599,17
X2,X2,0.6792253431166552,Definitive Screening Design,599,17
X3 (non-informative),X3,0.1018323717189026,Definitive Screening Design,599,17
Random Normal,Random Normal,0.1505694783339331,Definitive Screening Design,599,17
X1,X1,0.08169450215726455,Definitive Screening Design,600,17
X2,X2,0.6730834374083524,Definitive Screening Design,600,17
X3 (non-informative),X3,0.10223996258322114,Definitive Screening Design,600,17
Random Normal,Random Normal,0.1429820978511618,Definitive Screening Design,600,17
X1,X1,0.07087387469533096,Definitive Screening Design,601,17
X2,X2,0.6228206240344709,Definitive Screening Design,601,17
X3 (non-informative),X3,0.11880756653843336,Definitive Screening Design,601,17
Random Normal,Random Normal,0.18749793473176485,Definitive Screening Design,601,17
X1,X1,0.07802178943371495,Definitive Screening Design,602,17
X2,X2,0.6515915509365868,Definitive Screening Design,602,17
X3 (non-informative),X3,0.1510161783788025,Definitive Screening Design,602,17
Random Normal,Random Normal,0.11937048125089578,Definitive Screening Design,602,17
X1,X1,0.07679721753784449,Definitive Screening Design,603,17
X2,X2,0.6615706498207349,Definitive Screening Design,603,17
X3 (non-informative),X3,0.13574202522384737,Definitive Screening Design,603,17
Random Normal,Random Normal,0.12589010741757314,Definitive Screening Design,603,17
X1,X1,0.049964876984247814,Definitive Screening Design,604,17
X2,X2,0.6111197794890674,Definitive Screening Design,604,17
X3 (non-informative),X3,0.10420109535038904,Definitive Screening Design,604,17
Random Normal,Random Normal,0.2347142481762959,Definitive Screening Design,604,17
X1,X1,0.04878876328096378,Definitive Screening Design,605,17
X2,X2,0.6452340900685806,Definitive Screening Design,605,17
X3 (non-informative),X3,0.1458533998753087,Definitive Screening Design,605,17
Random Normal,Random Normal,0.16012374677514693,Definitive Screening Design,605,17
X1,X1,0.05361648856748056,Definitive Screening Design,606,17
X2,X2,0.5713237352668713,Definitive Screening Design,606,17
X3 (non-informative),X3,0.059031419406568926,Definitive Screening Design,606,17
Random Normal,Random Normal,0.31602835675907925,Definitive Screening Design,606,17
X1,X1,0.05388599767687332,Definitive Screening Design,607,17
X2,X2,0.5909141876197865,Definitive Screening Design,607,17
X3 (non-informative),X3,0.12085233858327464,Definitive Screening Design,607,17
Random Normal,Random Normal,0.23434747612006565,Definitive Screening Design,607,17
X1,X1,0.06325222252031337,Definitive Screening Design,608,17
X2,X2,0.6667412810154546,Definitive Screening Design,608,17
X3 (non-informative),X3,0.08831793924426404,Definitive Screening Design,608,17
Random Normal,Random Normal,0.18168855721996813,Definitive Screening Design,608,17
X1,X1,0.06906952539303471,Definitive Screening Design,609,17
X2,X2,0.585464355585441,Definitive Screening Design,609,17
X3 (non-informative),X3,0.1376483025636077,Definitive Screening Design,609,17
Random Normal,Random Normal,0.20781781645791653,Definitive Screening Design,609,17
X1,X1,0.07874026045601719,Definitive Screening Design,610,17
X2,X2,0.6513500037605969,Definitive Screening Design,610,17
X3 (non-informative),X3,0.11254481993287017,Definitive Screening Design,610,17
Random Normal,Random Normal,0.15736491585051587,Definitive Screening Design,610,17
X1,X1,0.07632950542081833,Definitive Screening Design,611,17
X2,X2,0.6471129128687538,Definitive Screening Design,611,17
X3 (non-informative),X3,0.1408518878035464,Definitive Screening Design,611,17
Random Normal,Random Normal,0.13570569390688153,Definitive Screening Design,611,17
X1,X1,0.06995515941212666,Definitive Screening Design,612,17
X2,X2,0.6445437726189234,Definitive Screening Design,612,17
X3 (non-informative),X3,0.11233044057071993,Definitive Screening Design,612,17
Random Normal,Random Normal,0.17317062739823003,Definitive Screening Design,612,17
X1,X1,0.07078766231075725,Definitive Screening Design,613,17
X2,X2,0.6495526398877955,Definitive Screening Design,613,17
X3 (non-informative),X3,0.12892273799934342,Definitive Screening Design,613,17
Random Normal,Random Normal,0.15073695980210378,Definitive Screening Design,613,17
X1,X1,0.07369629793375547,Definitive Screening Design,614,17
X2,X2,0.5357832777076257,Definitive Screening Design,614,17
X3 (non-informative),X3,0.17295762595079056,Definitive Screening Design,614,17
Random Normal,Random Normal,0.2175627984078282,Definitive Screening Design,614,17
X1,X1,0.08355190312176823,Definitive Screening Design,615,17
X2,X2,0.6306849138845796,Definitive Screening Design,615,17
X3 (non-informative),X3,0.12038473285216975,Definitive Screening Design,615,17
Random Normal,Random Normal,0.16537845014148242,Definitive Screening Design,615,17
X1,X1,0.06837599167958851,Definitive Screening Design,616,17
X2,X2,0.6311627643878387,Definitive Screening Design,616,17
X3 (non-informative),X3,0.16352096138492742,Definitive Screening Design,616,17
Random Normal,Random Normal,0.13694028254764534,Definitive Screening Design,616,17
X1,X1,0.0900079952504149,Definitive Screening Design,617,17
X2,X2,0.5738375381475901,Definitive Screening Design,617,17
X3 (non-informative),X3,0.187018918637639,Definitive Screening Design,617,17
Random Normal,Random Normal,0.149135547964356,Definitive Screening Design,617,17
X1,X1,0.08811092232655396,Definitive Screening Design,618,17
X2,X2,0.6368994750286147,Definitive Screening Design,618,17
X3 (non-informative),X3,0.161138422074991,Definitive Screening Design,618,17
Random Normal,Random Normal,0.11385118056984035,Definitive Screening Design,618,17
X1,X1,0.02623575261908366,Definitive Screening Design,619,17
X2,X2,0.4732521941298395,Definitive Screening Design,619,17
X3 (non-informative),X3,0.07015208281767822,Definitive Screening Design,619,17
Random Normal,Random Normal,0.43035997043339874,Definitive Screening Design,619,17
X1,X1,0.04711255046788077,Definitive Screening Design,620,17
X2,X2,0.5254856393738405,Definitive Screening Design,620,17
X3 (non-informative),X3,0.05382838301154819,Definitive Screening Design,620,17
Random Normal,Random Normal,0.37357342714673053,Definitive Screening Design,620,17
X1,X1,0.05393337305144604,Definitive Screening Design,621,17
X2,X2,0.5416519144967087,Definitive Screening Design,621,17
X3 (non-informative),X3,0.10290271814367125,Definitive Screening Design,621,17
Random Normal,Random Normal,0.301511994308174,Definitive Screening Design,621,17
X1,X1,0.04080245184702166,Definitive Screening Design,622,17
X2,X2,0.5747496295064033,Definitive Screening Design,622,17
X3 (non-informative),X3,0.06853153390194996,Definitive Screening Design,622,17
Random Normal,Random Normal,0.315916384744625,Definitive Screening Design,622,17
X1,X1,0.0642477331350837,Definitive Screening Design,623,17
X2,X2,0.6170973764987303,Definitive Screening Design,623,17
X3 (non-informative),X3,0.17647423920413585,Definitive Screening Design,623,17
Random Normal,Random Normal,0.1421806511620502,Definitive Screening Design,623,17
X1,X1,0.10962300517089796,Definitive Screening Design,624,17
X2,X2,0.5965884149822576,Definitive Screening Design,624,17
X3 (non-informative),X3,0.12331205514641774,Definitive Screening Design,624,17
Random Normal,Random Normal,0.1704765247004267,Definitive Screening Design,624,17
X1,X1,0.07777290293146986,Definitive Screening Design,625,17
X2,X2,0.5967933626909518,Definitive Screening Design,625,17
X3 (non-informative),X3,0.1336822123386141,Definitive Screening Design,625,17
Random Normal,Random Normal,0.19175152203896412,Definitive Screening Design,625,17
X1,X1,0.08102093781680716,Definitive Screening Design,626,17
X2,X2,0.6486254251449364,Definitive Screening Design,626,17
X3 (non-informative),X3,0.11863866810014122,Definitive Screening Design,626,17
Random Normal,Random Normal,0.15171496893811523,Definitive Screening Design,626,17
X1,X1,0.058864233643836014,Definitive Screening Design,627,17
X2,X2,0.6258003608151933,Definitive Screening Design,627,17
X3 (non-informative),X3,0.13979208482811487,Definitive Screening Design,627,17
Random Normal,Random Normal,0.1755433207128557,Definitive Screening Design,627,17
X1,X1,0.10625096285370819,Definitive Screening Design,628,17
X2,X2,0.6349192047269588,Definitive Screening Design,628,17
X3 (non-informative),X3,0.12072772974317729,Definitive Screening Design,628,17
Random Normal,Random Normal,0.13810210267615564,Definitive Screening Design,628,17
X1,X1,0.041704519136993544,Definitive Screening Design,629,17
X2,X2,0.6715699741819665,Definitive Screening Design,629,17
X3 (non-informative),X3,0.11953657964068255,Definitive Screening Design,629,17
Random Normal,Random Normal,0.1671889270403574,Definitive Screening Design,629,17
X1,X1,0.06724232819253483,Definitive Screening Design,630,17
X2,X2,0.6073418375874318,Definitive Screening Design,630,17
X3 (non-informative),X3,0.140803039809278,Definitive Screening Design,630,17
Random Normal,Random Normal,0.18461279441075543,Definitive Screening Design,630,17
X1,X1,0.07601886089375945,Definitive Screening Design,631,17
X2,X2,0.6686395092522075,Definitive Screening Design,631,17
X3 (non-informative),X3,0.15400490065806102,Definitive Screening Design,631,17
Random Normal,Random Normal,0.10133672919597217,Definitive Screening Design,631,17
X1,X1,0.0846827987070494,Definitive Screening Design,632,17
X2,X2,0.6676744193270081,Definitive Screening Design,632,17
X3 (non-informative),X3,0.13342355876515072,Definitive Screening Design,632,17
Random Normal,Random Normal,0.11421922320079188,Definitive Screening Design,632,17
X1,X1,0.05865273107545869,Definitive Screening Design,633,17
X2,X2,0.6046387485680093,Definitive Screening Design,633,17
X3 (non-informative),X3,0.09315442965476421,Definitive Screening Design,633,17
Random Normal,Random Normal,0.24355409070176778,Definitive Screening Design,633,17
X1,X1,0.09419807356935436,Definitive Screening Design,634,17
X2,X2,0.6394810500034931,Definitive Screening Design,634,17
X3 (non-informative),X3,0.13791525081710748,Definitive Screening Design,634,17
Random Normal,Random Normal,0.12840562561004515,Definitive Screening Design,634,17
X1,X1,0.058255721354087395,Definitive Screening Design,635,17
X2,X2,0.6776148348038532,Definitive Screening Design,635,17
X3 (non-informative),X3,0.1329567878045118,Definitive Screening Design,635,17
Random Normal,Random Normal,0.13117265603754757,Definitive Screening Design,635,17
X1,X1,0.08799523800517114,Definitive Screening Design,636,17
X2,X2,0.612974871753874,Definitive Screening Design,636,17
X3 (non-informative),X3,0.12551070276476958,Definitive Screening Design,636,17
Random Normal,Random Normal,0.17351918747618536,Definitive Screening Design,636,17
X1,X1,0.09816439762724359,Definitive Screening Design,637,17
X2,X2,0.625182768950774,Definitive Screening Design,637,17
X3 (non-informative),X3,0.13564826982811712,Definitive Screening Design,637,17
Random Normal,Random Normal,0.14100456359386546,Definitive Screening Design,637,17
X1,X1,0.05461711214946449,Definitive Screening Design,638,17
X2,X2,0.5041133903166783,Definitive Screening Design,638,17
X3 (non-informative),X3,0.06407854791502524,Definitive Screening Design,638,17
Random Normal,Random Normal,0.37719094961883187,Definitive Screening Design,638,17
X1,X1,0.07979181412619066,Definitive Screening Design,639,17
X2,X2,0.6235676000069553,Definitive Screening Design,639,17
X3 (non-informative),X3,0.09466595418307772,Definitive Screening Design,639,17
Random Normal,Random Normal,0.20197463168377638,Definitive Screening Design,639,17
X1,X1,0.06734109243502125,Definitive Screening Design,640,17
X2,X2,0.6232964134595834,Definitive Screening Design,640,17
X3 (non-informative),X3,0.15839492128814128,Definitive Screening Design,640,17
Random Normal,Random Normal,0.15096757281725395,Definitive Screening Design,640,17
X1,X1,0.06401123547146645,Definitive Screening Design,641,17
X2,X2,0.6489470628521471,Definitive Screening Design,641,17
X3 (non-informative),X3,0.10922030626834969,Definitive Screening Design,641,17
Random Normal,Random Normal,0.1778213954080368,Definitive Screening Design,641,17
X1,X1,0.06512177321179519,Definitive Screening Design,642,17
X2,X2,0.6870697702405886,Definitive Screening Design,642,17
X3 (non-informative),X3,0.12453130897494533,Definitive Screening Design,642,17
Random Normal,Random Normal,0.12327714757267091,Definitive Screening Design,642,17
X1,X1,0.05223419837239959,Definitive Screening Design,643,17
X2,X2,0.5971657184671478,Definitive Screening Design,643,17
X3 (non-informative),X3,0.07546529236685938,Definitive Screening Design,643,17
Random Normal,Random Normal,0.2751347907935932,Definitive Screening Design,643,17
X1,X1,0.039882584086693984,Definitive Screening Design,644,17
X2,X2,0.6219373079860743,Definitive Screening Design,644,17
X3 (non-informative),X3,0.10602477689297267,Definitive Screening Design,644,17
Random Normal,Random Normal,0.23215533103425903,Definitive Screening Design,644,17
X1,X1,0.04820809168560724,Definitive Screening Design,645,17
X2,X2,0.6510112659744088,Definitive Screening Design,645,17
X3 (non-informative),X3,0.08814982693168404,Definitive Screening Design,645,17
Random Normal,Random Normal,0.21263081540829973,Definitive Screening Design,645,17
X1,X1,0.04821064573681293,Definitive Screening Design,646,17
X2,X2,0.6964052739349914,Definitive Screening Design,646,17
X3 (non-informative),X3,0.11749644986696245,Definitive Screening Design,646,17
Random Normal,Random Normal,0.13788763046123312,Definitive Screening Design,646,17
X1,X1,0.04632391506283961,Definitive Screening Design,647,17
X2,X2,0.6315176482483525,Definitive Screening Design,647,17
X3 (non-informative),X3,0.14762845423458046,Definitive Screening Design,647,17
Random Normal,Random Normal,0.1745299824542275,Definitive Screening Design,647,17
X1,X1,0.08810973706052493,Definitive Screening Design,648,17
X2,X2,0.611622156495874,Definitive Screening Design,648,17
X3 (non-informative),X3,0.12814713863286428,Definitive Screening Design,648,17
Random Normal,Random Normal,0.17212096781073682,Definitive Screening Design,648,17
X1,X1,0.06790848556323253,Definitive Screening Design,649,17
X2,X2,0.596747872759201,Definitive Screening Design,649,17
X3 (non-informative),X3,0.14576469661824862,Definitive Screening Design,649,17
Random Normal,Random Normal,0.18957894505931802,Definitive Screening Design,649,17
X1,X1,0.039644095752398384,Definitive Screening Design,650,17
X2,X2,0.5057700867496147,Definitive Screening Design,650,17
X3 (non-informative),X3,0.05857656480759807,Definitive Screening Design,650,17
Random Normal,Random Normal,0.39600925269038884,Definitive Screening Design,650,17
X1,X1,0.06177092354663165,Definitive Screening Design,651,17
X2,X2,0.6225026399172279,Definitive Screening Design,651,17
X3 (non-informative),X3,0.11759329894597109,Definitive Screening Design,651,17
Random Normal,Random Normal,0.1981331375901693,Definitive Screening Design,651,17
X1,X1,0.07107248714408174,Definitive Screening Design,652,17
X2,X2,0.5976657280359018,Definitive Screening Design,652,17
X3 (non-informative),X3,0.16078931398860138,Definitive Screening Design,652,17
Random Normal,Random Normal,0.17047247083141503,Definitive Screening Design,652,17
X1,X1,0.0638976568430775,Definitive Screening Design,653,17
X2,X2,0.6070950046282934,Definitive Screening Design,653,17
X3 (non-informative),X3,0.1182689601802991,Definitive Screening Design,653,17
Random Normal,Random Normal,0.21073837834832992,Definitive Screening Design,653,17
X1,X1,0.0404574417249541,Definitive Screening Design,654,17
X2,X2,0.5804993972468795,Definitive Screening Design,654,17
X3 (non-informative),X3,0.09843242343360592,Definitive Screening Design,654,17
Random Normal,Random Normal,0.2806107375945604,Definitive Screening Design,654,17
X1,X1,0.06519106948596091,Definitive Screening Design,655,17
X2,X2,0.6086915369791294,Definitive Screening Design,655,17
X3 (non-informative),X3,0.1195278670993278,Definitive Screening Design,655,17
Random Normal,Random Normal,0.20658952643558182,Definitive Screening Design,655,17
X1,X1,0.05226332578553822,Definitive Screening Design,656,17
X2,X2,0.592622003256486,Definitive Screening Design,656,17
X3 (non-informative),X3,0.09461118908287341,Definitive Screening Design,656,17
Random Normal,Random Normal,0.26050348187510225,Definitive Screening Design,656,17
X1,X1,0.07722716132855768,Definitive Screening Design,657,17
X2,X2,0.6432324158038648,Definitive Screening Design,657,17
X3 (non-informative),X3,0.187173650592587,Definitive Screening Design,657,17
Random Normal,Random Normal,0.09236677227499064,Definitive Screening Design,657,17
X1,X1,0.07633328489530447,Definitive Screening Design,658,17
X2,X2,0.5883778806181704,Definitive Screening Design,658,17
X3 (non-informative),X3,0.1666655259814405,Definitive Screening Design,658,17
Random Normal,Random Normal,0.16862330850508458,Definitive Screening Design,658,17
X1,X1,0.04490001487834436,Definitive Screening Design,659,17
X2,X2,0.6613455108855365,Definitive Screening Design,659,17
X3 (non-informative),X3,0.10788948780283998,Definitive Screening Design,659,17
Random Normal,Random Normal,0.18586498643327917,Definitive Screening Design,659,17
X1,X1,0.08105715053047881,Definitive Screening Design,660,17
X2,X2,0.6283145200307435,Definitive Screening Design,660,17
X3 (non-informative),X3,0.10125346117335486,Definitive Screening Design,660,17
Random Normal,Random Normal,0.18937486826542269,Definitive Screening Design,660,17
X1,X1,0.08461434463792575,Definitive Screening Design,661,17
X2,X2,0.6406691903312237,Definitive Screening Design,661,17
X3 (non-informative),X3,0.10727074178433242,Definitive Screening Design,661,17
Random Normal,Random Normal,0.1674457232465183,Definitive Screening Design,661,17
X1,X1,0.03608253600378506,Definitive Screening Design,662,17
X2,X2,0.5836553887366087,Definitive Screening Design,662,17
X3 (non-informative),X3,0.1771996425182429,Definitive Screening Design,662,17
Random Normal,Random Normal,0.20306243274136318,Definitive Screening Design,662,17
X1,X1,0.08446416208707291,Definitive Screening Design,663,17
X2,X2,0.6128189802619374,Definitive Screening Design,663,17
X3 (non-informative),X3,0.13727544226780528,Definitive Screening Design,663,17
Random Normal,Random Normal,0.16544141538318446,Definitive Screening Design,663,17
X1,X1,0.06775049463115107,Definitive Screening Design,664,17
X2,X2,0.6318483343899896,Definitive Screening Design,664,17
X3 (non-informative),X3,0.11388719221709663,Definitive Screening Design,664,17
Random Normal,Random Normal,0.18651397876176268,Definitive Screening Design,664,17
X1,X1,0.03890196574290342,Definitive Screening Design,665,17
X2,X2,0.6646618085332908,Definitive Screening Design,665,17
X3 (non-informative),X3,0.11127146729806872,Definitive Screening Design,665,17
Random Normal,Random Normal,0.185164758425737,Definitive Screening Design,665,17
X1,X1,0.041170935326671904,Definitive Screening Design,666,17
X2,X2,0.5915239383923763,Definitive Screening Design,666,17
X3 (non-informative),X3,0.07716892332955377,Definitive Screening Design,666,17
Random Normal,Random Normal,0.290136202951398,Definitive Screening Design,666,17
X1,X1,0.032382019671469045,Definitive Screening Design,667,17
X2,X2,0.6401500252160289,Definitive Screening Design,667,17
X3 (non-informative),X3,0.11761744535404138,Definitive Screening Design,667,17
Random Normal,Random Normal,0.20985050975846065,Definitive Screening Design,667,17
X1,X1,0.10600418253439338,Definitive Screening Design,668,17
X2,X2,0.6173761171258413,Definitive Screening Design,668,17
X3 (non-informative),X3,0.13803808347268604,Definitive Screening Design,668,17
Random Normal,Random Normal,0.13858161686707943,Definitive Screening Design,668,17
X1,X1,0.06682424108746625,Definitive Screening Design,669,17
X2,X2,0.6471552789552086,Definitive Screening Design,669,17
X3 (non-informative),X3,0.15253902622972626,Definitive Screening Design,669,17
Random Normal,Random Normal,0.13348145372759898,Definitive Screening Design,669,17
X1,X1,0.08043097119916322,Definitive Screening Design,670,17
X2,X2,0.5984325329808646,Definitive Screening Design,670,17
X3 (non-informative),X3,0.10876569296065365,Definitive Screening Design,670,17
Random Normal,Random Normal,0.21237080285931853,Definitive Screening Design,670,17
X1,X1,0.06648775260968791,Definitive Screening Design,671,17
X2,X2,0.592584766368664,Definitive Screening Design,671,17
X3 (non-informative),X3,0.16317276980596146,Definitive Screening Design,671,17
Random Normal,Random Normal,0.17775471121568662,Definitive Screening Design,671,17
X1,X1,0.06185031500014952,Definitive Screening Design,672,17
X2,X2,0.6546559433585569,Definitive Screening Design,672,17
X3 (non-informative),X3,0.10746192594609712,Definitive Screening Design,672,17
Random Normal,Random Normal,0.17603181569519638,Definitive Screening Design,672,17
X1,X1,0.07657055892345405,Definitive Screening Design,673,17
X2,X2,0.6057529282395735,Definitive Screening Design,673,17
X3 (non-informative),X3,0.11328665927510602,Definitive Screening Design,673,17
Random Normal,Random Normal,0.20438985356186648,Definitive Screening Design,673,17
X1,X1,0.04910867034877454,Definitive Screening Design,674,17
X2,X2,0.6322321644237919,Definitive Screening Design,674,17
X3 (non-informative),X3,0.07576735325857721,Definitive Screening Design,674,17
Random Normal,Random Normal,0.2428918119688563,Definitive Screening Design,674,17
X1,X1,0.090214930500974,Definitive Screening Design,675,17
X2,X2,0.6361246054198314,Definitive Screening Design,675,17
X3 (non-informative),X3,0.14573795586308066,Definitive Screening Design,675,17
Random Normal,Random Normal,0.12792250821611398,Definitive Screening Design,675,17
X1,X1,0.06637158741874406,Definitive Screening Design,676,17
X2,X2,0.6400848478585441,Definitive Screening Design,676,17
X3 (non-informative),X3,0.17195346824175745,Definitive Screening Design,676,17
Random Normal,Random Normal,0.12159009648095427,Definitive Screening Design,676,17
X1,X1,0.03783257738384723,Definitive Screening Design,677,17
X2,X2,0.5099548604187263,Definitive Screening Design,677,17
X3 (non-informative),X3,0.06549655521761903,Definitive Screening Design,677,17
Random Normal,Random Normal,0.3867160069798074,Definitive Screening Design,677,17
X1,X1,0.08064768781368646,Definitive Screening Design,678,17
X2,X2,0.6222562353886683,Definitive Screening Design,678,17
X3 (non-informative),X3,0.10953191751702293,Definitive Screening Design,678,17
Random Normal,Random Normal,0.18756415928062237,Definitive Screening Design,678,17
X1,X1,0.07991970099837775,Definitive Screening Design,679,17
X2,X2,0.6444246161843468,Definitive Screening Design,679,17
X3 (non-informative),X3,0.09746429124765355,Definitive Screening Design,679,17
Random Normal,Random Normal,0.178191391569622,Definitive Screening Design,679,17
X1,X1,0.04177168641686414,Definitive Screening Design,680,17
X2,X2,0.6216077284510648,Definitive Screening Design,680,17
X3 (non-informative),X3,0.10348665381218028,Definitive Screening Design,680,17
Random Normal,Random Normal,0.2331339313198909,Definitive Screening Design,680,17
X1,X1,0.061535905923256605,Definitive Screening Design,681,17
X2,X2,0.6217813120566641,Definitive Screening Design,681,17
X3 (non-informative),X3,0.11811526733005681,Definitive Screening Design,681,17
Random Normal,Random Normal,0.19856751469002237,Definitive Screening Design,681,17
X1,X1,0.06549274666661282,Definitive Screening Design,682,17
X2,X2,0.6640773283413556,Definitive Screening Design,682,17
X3 (non-informative),X3,0.14140676891630052,Definitive Screening Design,682,17
Random Normal,Random Normal,0.12902315607573112,Definitive Screening Design,682,17
X1,X1,0.09783459762529526,Definitive Screening Design,683,17
X2,X2,0.6413387272521993,Definitive Screening Design,683,17
X3 (non-informative),X3,0.14156770366612068,Definitive Screening Design,683,17
Random Normal,Random Normal,0.11925897145638466,Definitive Screening Design,683,17
X1,X1,0.051049529023699344,Definitive Screening Design,684,17
X2,X2,0.653177809941067,Definitive Screening Design,684,17
X3 (non-informative),X3,0.09844578437450073,Definitive Screening Design,684,17
Random Normal,Random Normal,0.1973268766607329,Definitive Screening Design,684,17
X1,X1,0.07994203643239647,Definitive Screening Design,685,17
X2,X2,0.6929774965431108,Definitive Screening Design,685,17
X3 (non-informative),X3,0.1378939163994009,Definitive Screening Design,685,17
Random Normal,Random Normal,0.08918655062509176,Definitive Screening Design,685,17
X1,X1,0.04859990945994094,Definitive Screening Design,686,17
X2,X2,0.6623851833815653,Definitive Screening Design,686,17
X3 (non-informative),X3,0.10892524291240058,Definitive Screening Design,686,17
Random Normal,Random Normal,0.1800896642460933,Definitive Screening Design,686,17
X1,X1,0.0594010144201059,Definitive Screening Design,687,17
X2,X2,0.5655438662600686,Definitive Screening Design,687,17
X3 (non-informative),X3,0.10718153843955781,Definitive Screening Design,687,17
Random Normal,Random Normal,0.2678735808802678,Definitive Screening Design,687,17
X1,X1,0.05802274789967334,Definitive Screening Design,688,17
X2,X2,0.601246424052183,Definitive Screening Design,688,17
X3 (non-informative),X3,0.08112485424502297,Definitive Screening Design,688,17
Random Normal,Random Normal,0.2596059738031208,Definitive Screening Design,688,17
X1,X1,0.0866479977051322,Definitive Screening Design,689,17
X2,X2,0.6576092727778922,Definitive Screening Design,689,17
X3 (non-informative),X3,0.11597933855981547,Definitive Screening Design,689,17
Random Normal,Random Normal,0.13976339095716026,Definitive Screening Design,689,17
X1,X1,0.064896494492905,Definitive Screening Design,690,17
X2,X2,0.6445355740967416,Definitive Screening Design,690,17
X3 (non-informative),X3,0.13336869293713122,Definitive Screening Design,690,17
Random Normal,Random Normal,0.15719923847322226,Definitive Screening Design,690,17
X1,X1,0.06884582153432188,Definitive Screening Design,691,17
X2,X2,0.5990778122881196,Definitive Screening Design,691,17
X3 (non-informative),X3,0.11702450237202855,Definitive Screening Design,691,17
Random Normal,Random Normal,0.2150518638055298,Definitive Screening Design,691,17
X1,X1,0.06910755511537758,Definitive Screening Design,692,17
X2,X2,0.6450212276928732,Definitive Screening Design,692,17
X3 (non-informative),X3,0.1725827118017557,Definitive Screening Design,692,17
Random Normal,Random Normal,0.11328850538999344,Definitive Screening Design,692,17
X1,X1,0.04619770835064521,Definitive Screening Design,693,17
X2,X2,0.567455901812759,Definitive Screening Design,693,17
X3 (non-informative),X3,0.12020372012826121,Definitive Screening Design,693,17
Random Normal,Random Normal,0.26614266970833467,Definitive Screening Design,693,17
X1,X1,0.06522016090854715,Definitive Screening Design,694,17
X2,X2,0.6282253674383067,Definitive Screening Design,694,17
X3 (non-informative),X3,0.16569913568038275,Definitive Screening Design,694,17
Random Normal,Random Normal,0.14085533597276342,Definitive Screening Design,694,17
X1,X1,0.08161859280328299,Definitive Screening Design,695,17
X2,X2,0.5149499229286558,Definitive Screening Design,695,17
X3 (non-informative),X3,0.18987136889918022,Definitive Screening Design,695,17
Random Normal,Random Normal,0.21356011536888092,Definitive Screening Design,695,17
X1,X1,0.06649101389699179,Definitive Screening Design,696,17
X2,X2,0.6716610892573108,Definitive Screening Design,696,17
X3 (non-informative),X3,0.1491474451315366,Definitive Screening Design,696,17
Random Normal,Random Normal,0.1127004517141609,Definitive Screening Design,696,17
X1,X1,0.042023857320301214,Definitive Screening Design,697,17
X2,X2,0.5955553893022355,Definitive Screening Design,697,17
X3 (non-informative),X3,0.08085090838721477,Definitive Screening Design,697,17
Random Normal,Random Normal,0.28156984499024845,Definitive Screening Design,697,17
X1,X1,0.09064025712814947,Definitive Screening Design,698,17
X2,X2,0.6040378106841814,Definitive Screening Design,698,17
X3 (non-informative),X3,0.11445374092222549,Definitive Screening Design,698,17
Random Normal,Random Normal,0.19086819126544372,Definitive Screening Design,698,17
X1,X1,0.06198103220925964,Definitive Screening Design,699,17
X2,X2,0.6878290450238296,Definitive Screening Design,699,17
X3 (non-informative),X3,0.10564628520722501,Definitive Screening Design,699,17
Random Normal,Random Normal,0.14454363755968572,Definitive Screening Design,699,17
X1,X1,0.0541189377036453,Definitive Screening Design,700,17
X2,X2,0.6400570559980947,Definitive Screening Design,700,17
X3 (non-informative),X3,0.1427691124131779,Definitive Screening Design,700,17
Random Normal,Random Normal,0.16305489388508213,Definitive Screening Design,700,17
X1,X1,0.06987425947970448,Definitive Screening Design,701,17
X2,X2,0.6123467731551836,Definitive Screening Design,701,17
X3 (non-informative),X3,0.1458890071891737,Definitive Screening Design,701,17
Random Normal,Random Normal,0.1718899601759382,Definitive Screening Design,701,17
X1,X1,0.07185908881216863,Definitive Screening Design,702,17
X2,X2,0.6158035083709303,Definitive Screening Design,702,17
X3 (non-informative),X3,0.10353555864897812,Definitive Screening Design,702,17
Random Normal,Random Normal,0.20880184416792288,Definitive Screening Design,702,17
X1,X1,0.04454475493616782,Definitive Screening Design,703,17
X2,X2,0.6284293587775809,Definitive Screening Design,703,17
X3 (non-informative),X3,0.11177982099276365,Definitive Screening Design,703,17
Random Normal,Random Normal,0.21524606529348753,Definitive Screening Design,703,17
X1,X1,0.07601036836980274,Definitive Screening Design,704,17
X2,X2,0.7045901177493761,Definitive Screening Design,704,17
X3 (non-informative),X3,0.11174364026499169,Definitive Screening Design,704,17
Random Normal,Random Normal,0.10765587361582953,Definitive Screening Design,704,17
X1,X1,0.09439933160824548,Definitive Screening Design,705,17
X2,X2,0.6354916980872269,Definitive Screening Design,705,17
X3 (non-informative),X3,0.14593017688585244,Definitive Screening Design,705,17
Random Normal,Random Normal,0.12417879341867517,Definitive Screening Design,705,17
X1,X1,0.03678412910125865,Definitive Screening Design,706,17
X2,X2,0.4641634948136116,Definitive Screening Design,706,17
X3 (non-informative),X3,0.08159289140082612,Definitive Screening Design,706,17
Random Normal,Random Normal,0.41745948468430366,Definitive Screening Design,706,17
X1,X1,0.038571260496879214,Definitive Screening Design,707,17
X2,X2,0.6446720719359723,Definitive Screening Design,707,17
X3 (non-informative),X3,0.13833988444995354,Definitive Screening Design,707,17
Random Normal,Random Normal,0.178416783117195,Definitive Screening Design,707,17
X1,X1,0.07249918859468762,Definitive Screening Design,708,17
X2,X2,0.5923255072283302,Definitive Screening Design,708,17
X3 (non-informative),X3,0.09715959895102934,Definitive Screening Design,708,17
Random Normal,Random Normal,0.2380157052259528,Definitive Screening Design,708,17
X1,X1,0.07355406521254361,Definitive Screening Design,709,17
X2,X2,0.6345801242946165,Definitive Screening Design,709,17
X3 (non-informative),X3,0.13006803415509033,Definitive Screening Design,709,17
Random Normal,Random Normal,0.16179777633774942,Definitive Screening Design,709,17
X1,X1,0.03325110406787326,Definitive Screening Design,710,17
X2,X2,0.6171592075174798,Definitive Screening Design,710,17
X3 (non-informative),X3,0.08755056164599609,Definitive Screening Design,710,17
Random Normal,Random Normal,0.2620391267686508,Definitive Screening Design,710,17
X1,X1,0.04221320734425706,Definitive Screening Design,711,17
X2,X2,0.6206872525204525,Definitive Screening Design,711,17
X3 (non-informative),X3,0.08991872773315526,Definitive Screening Design,711,17
Random Normal,Random Normal,0.24718081240213505,Definitive Screening Design,711,17
X1,X1,0.05677357320094234,Definitive Screening Design,712,17
X2,X2,0.6694555925543937,Definitive Screening Design,712,17
X3 (non-informative),X3,0.08956533695525044,Definitive Screening Design,712,17
Random Normal,Random Normal,0.1842054972894136,Definitive Screening Design,712,17
X1,X1,0.052394959754177114,Definitive Screening Design,713,17
X2,X2,0.6109461826377101,Definitive Screening Design,713,17
X3 (non-informative),X3,0.10802590501699282,Definitive Screening Design,713,17
Random Normal,Random Normal,0.2286329525911199,Definitive Screening Design,713,17
X1,X1,0.08989631297267524,Definitive Screening Design,714,17
X2,X2,0.6306246625102081,Definitive Screening Design,714,17
X3 (non-informative),X3,0.14593523988141135,Definitive Screening Design,714,17
Random Normal,Random Normal,0.13354378463570532,Definitive Screening Design,714,17
X1,X1,0.05327801425437672,Definitive Screening Design,715,17
X2,X2,0.6230724571970779,Definitive Screening Design,715,17
X3 (non-informative),X3,0.13379103319082403,Definitive Screening Design,715,17
Random Normal,Random Normal,0.18985849535772117,Definitive Screening Design,715,17
X1,X1,0.08465587613810018,Definitive Screening Design,716,17
X2,X2,0.6182922109662745,Definitive Screening Design,716,17
X3 (non-informative),X3,0.14245581856936995,Definitive Screening Design,716,17
Random Normal,Random Normal,0.15459609432625515,Definitive Screening Design,716,17
X1,X1,0.10057669713986811,Definitive Screening Design,717,17
X2,X2,0.61282908374978,Definitive Screening Design,717,17
X3 (non-informative),X3,0.17681291103591,Definitive Screening Design,717,17
Random Normal,Random Normal,0.1097813080744419,Definitive Screening Design,717,17
X1,X1,0.07410486724758997,Definitive Screening Design,718,17
X2,X2,0.5932562623183847,Definitive Screening Design,718,17
X3 (non-informative),X3,0.10127821023442074,Definitive Screening Design,718,17
Random Normal,Random Normal,0.23136066019960458,Definitive Screening Design,718,17
X1,X1,0.06526990869109399,Definitive Screening Design,719,17
X2,X2,0.6581662018168858,Definitive Screening Design,719,17
X3 (non-informative),X3,0.11638600534413895,Definitive Screening Design,719,17
Random Normal,Random Normal,0.1601778841478814,Definitive Screening Design,719,17
X1,X1,0.05938882904003961,Definitive Screening Design,720,17
X2,X2,0.6755731314115123,Definitive Screening Design,720,17
X3 (non-informative),X3,0.13408736759853915,Definitive Screening Design,720,17
Random Normal,Random Normal,0.13095067194990892,Definitive Screening Design,720,17
X1,X1,0.07277454246130133,Definitive Screening Design,721,17
X2,X2,0.6161941636088842,Definitive Screening Design,721,17
X3 (non-informative),X3,0.182985405076513,Definitive Screening Design,721,17
Random Normal,Random Normal,0.12804588885330145,Definitive Screening Design,721,17
X1,X1,0.04549534186473695,Definitive Screening Design,722,17
X2,X2,0.6849437403468116,Definitive Screening Design,722,17
X3 (non-informative),X3,0.10075106025566019,Definitive Screening Design,722,17
Random Normal,Random Normal,0.1688098575327914,Definitive Screening Design,722,17
X1,X1,0.0971283348480939,Definitive Screening Design,723,17
X2,X2,0.6045567736131324,Definitive Screening Design,723,17
X3 (non-informative),X3,0.16884425080863813,Definitive Screening Design,723,17
Random Normal,Random Normal,0.1294706407301355,Definitive Screening Design,723,17
X1,X1,0.04475642475224336,Definitive Screening Design,724,17
X2,X2,0.6697555951586994,Definitive Screening Design,724,17
X3 (non-informative),X3,0.09053577787341872,Definitive Screening Design,724,17
Random Normal,Random Normal,0.19495220221563858,Definitive Screening Design,724,17
X1,X1,0.04049177080084881,Definitive Screening Design,725,17
X2,X2,0.6610710077161237,Definitive Screening Design,725,17
X3 (non-informative),X3,0.09033150405000895,Definitive Screening Design,725,17
Random Normal,Random Normal,0.20810571743301862,Definitive Screening Design,725,17
X1,X1,0.08517453267779332,Definitive Screening Design,726,17
X2,X2,0.6493708623578885,Definitive Screening Design,726,17
X3 (non-informative),X3,0.13307711589560217,Definitive Screening Design,726,17
Random Normal,Random Normal,0.13237748906871596,Definitive Screening Design,726,17
X1,X1,0.06971455559469635,Definitive Screening Design,727,17
X2,X2,0.62036269370551,Definitive Screening Design,727,17
X3 (non-informative),X3,0.12384252037228854,Definitive Screening Design,727,17
Random Normal,Random Normal,0.1860802303275051,Definitive Screening Design,727,17
X1,X1,0.06473595869083563,Definitive Screening Design,728,17
X2,X2,0.6221135425102152,Definitive Screening Design,728,17
X3 (non-informative),X3,0.14193707530211017,Definitive Screening Design,728,17
Random Normal,Random Normal,0.17121342349683888,Definitive Screening Design,728,17
X1,X1,0.0613270392240002,Definitive Screening Design,729,17
X2,X2,0.6376773805445181,Definitive Screening Design,729,17
X3 (non-informative),X3,0.0999907257284137,Definitive Screening Design,729,17
Random Normal,Random Normal,0.2010048545030682,Definitive Screening Design,729,17
X1,X1,0.05940165122927752,Definitive Screening Design,730,17
X2,X2,0.6608206455240786,Definitive Screening Design,730,17
X3 (non-informative),X3,0.09569930513185419,Definitive Screening Design,730,17
Random Normal,Random Normal,0.1840783981147897,Definitive Screening Design,730,17
X1,X1,0.07976979448744441,Definitive Screening Design,731,17
X2,X2,0.5831023690445942,Definitive Screening Design,731,17
X3 (non-informative),X3,0.1544798066368841,Definitive Screening Design,731,17
Random Normal,Random Normal,0.18264802983107717,Definitive Screening Design,731,17
X1,X1,0.07266761472492324,Definitive Screening Design,732,17
X2,X2,0.6183132379261121,Definitive Screening Design,732,17
X3 (non-informative),X3,0.14075113310208265,Definitive Screening Design,732,17
Random Normal,Random Normal,0.16826801424688215,Definitive Screening Design,732,17
X1,X1,0.02397482687186503,Definitive Screening Design,733,17
X2,X2,0.6024504334529291,Definitive Screening Design,733,17
X3 (non-informative),X3,0.0957045418479149,Definitive Screening Design,733,17
Random Normal,Random Normal,0.27787019782729083,Definitive Screening Design,733,17
X1,X1,0.1390124464550216,Definitive Screening Design,734,17
X2,X2,0.594709368467742,Definitive Screening Design,734,17
X3 (non-informative),X3,0.08901937320267862,Definitive Screening Design,734,17
Random Normal,Random Normal,0.17725881187455766,Definitive Screening Design,734,17
X1,X1,0.04954495647581774,Definitive Screening Design,735,17
X2,X2,0.6629508594970502,Definitive Screening Design,735,17
X3 (non-informative),X3,0.1013756081229101,Definitive Screening Design,735,17
Random Normal,Random Normal,0.1861285759042219,Definitive Screening Design,735,17
X1,X1,0.0670415427129654,Definitive Screening Design,736,17
X2,X2,0.5889568749919329,Definitive Screening Design,736,17
X3 (non-informative),X3,0.17696503982278103,Definitive Screening Design,736,17
Random Normal,Random Normal,0.16703654247232072,Definitive Screening Design,736,17
X1,X1,0.08906744148223485,Definitive Screening Design,737,17
X2,X2,0.6445442203206584,Definitive Screening Design,737,17
X3 (non-informative),X3,0.14192663020607332,Definitive Screening Design,737,17
Random Normal,Random Normal,0.12446170799103337,Definitive Screening Design,737,17
X1,X1,0.05543179566842591,Definitive Screening Design,738,17
X2,X2,0.6307369241184158,Definitive Screening Design,738,17
X3 (non-informative),X3,0.12277845384365317,Definitive Screening Design,738,17
Random Normal,Random Normal,0.19105282636950524,Definitive Screening Design,738,17
X1,X1,0.07762647397205547,Definitive Screening Design,739,17
X2,X2,0.6512555733473336,Definitive Screening Design,739,17
X3 (non-informative),X3,0.15090904091990612,Definitive Screening Design,739,17
Random Normal,Random Normal,0.12020891176070468,Definitive Screening Design,739,17
X1,X1,0.057467613781393076,Definitive Screening Design,740,17
X2,X2,0.6162431454589957,Definitive Screening Design,740,17
X3 (non-informative),X3,0.1411258543898464,Definitive Screening Design,740,17
Random Normal,Random Normal,0.18516338636976487,Definitive Screening Design,740,17
X1,X1,0.08152739228317882,Definitive Screening Design,741,17
X2,X2,0.6446535149548971,Definitive Screening Design,741,17
X3 (non-informative),X3,0.14268928117790364,Definitive Screening Design,741,17
Random Normal,Random Normal,0.13112981158402048,Definitive Screening Design,741,17
X1,X1,0.07446739696657977,Definitive Screening Design,742,17
X2,X2,0.598725926447374,Definitive Screening Design,742,17
X3 (non-informative),X3,0.10847027607185725,Definitive Screening Design,742,17
Random Normal,Random Normal,0.2183364005141889,Definitive Screening Design,742,17
X1,X1,0.05994471913655072,Definitive Screening Design,743,17
X2,X2,0.6210912370202122,Definitive Screening Design,743,17
X3 (non-informative),X3,0.08987011349511634,Definitive Screening Design,743,17
Random Normal,Random Normal,0.2290939303481208,Definitive Screening Design,743,17
X1,X1,0.05119259297470346,Definitive Screening Design,744,17
X2,X2,0.6315249907338891,Definitive Screening Design,744,17
X3 (non-informative),X3,0.11163121245057382,Definitive Screening Design,744,17
Random Normal,Random Normal,0.20565120384083352,Definitive Screening Design,744,17
X1,X1,0.04996855663854183,Definitive Screening Design,745,17
X2,X2,0.6389663351452712,Definitive Screening Design,745,17
X3 (non-informative),X3,0.11044277149845086,Definitive Screening Design,745,17
Random Normal,Random Normal,0.20062233671773608,Definitive Screening Design,745,17
X1,X1,0.10954544085779064,Definitive Screening Design,746,17
X2,X2,0.5454773720097281,Definitive Screening Design,746,17
X3 (non-informative),X3,0.20761985341627445,Definitive Screening Design,746,17
Random Normal,Random Normal,0.13735733371620673,Definitive Screening Design,746,17
X1,X1,0.0973379623705683,Definitive Screening Design,747,17
X2,X2,0.5978231429555054,Definitive Screening Design,747,17
X3 (non-informative),X3,0.12402307311522635,Definitive Screening Design,747,17
Random Normal,Random Normal,0.18081582155869994,Definitive Screening Design,747,17
X1,X1,0.06924034728270462,Definitive Screening Design,748,17
X2,X2,0.6321926870578366,Definitive Screening Design,748,17
X3 (non-informative),X3,0.12626423911736426,Definitive Screening Design,748,17
Random Normal,Random Normal,0.1723027265420944,Definitive Screening Design,748,17
X1,X1,0.08865883221890908,Definitive Screening Design,749,17
X2,X2,0.6123390368559458,Definitive Screening Design,749,17
X3 (non-informative),X3,0.14061923231318307,Definitive Screening Design,749,17
Random Normal,Random Normal,0.15838289861196211,Definitive Screening Design,749,17
X1,X1,0.09235380252668128,Definitive Screening Design,750,17
X2,X2,0.6029437525448891,Definitive Screening Design,750,17
X3 (non-informative),X3,0.1631032597455681,Definitive Screening Design,750,17
Random Normal,Random Normal,0.1415991851828614,Definitive Screening Design,750,17
X1,X1,0.046020099744085684,Definitive Screening Design,751,17
X2,X2,0.6982219598030869,Definitive Screening Design,751,17
X3 (non-informative),X3,0.0892351613277421,Definitive Screening Design,751,17
Random Normal,Random Normal,0.16652277912508526,Definitive Screening Design,751,17
X1,X1,0.10294233631919733,Definitive Screening Design,752,17
X2,X2,0.5299161879416227,Definitive Screening Design,752,17
X3 (non-informative),X3,0.06302177564062492,Definitive Screening Design,752,17
Random Normal,Random Normal,0.30411970009855505,Definitive Screening Design,752,17
X1,X1,0.08436282054160188,Definitive Screening Design,753,17
X2,X2,0.6687058645296993,Definitive Screening Design,753,17
X3 (non-informative),X3,0.1530292459630111,Definitive Screening Design,753,17
Random Normal,Random Normal,0.09390206896568769,Definitive Screening Design,753,17
X1,X1,0.04902308476279969,Definitive Screening Design,754,17
X2,X2,0.693797981090777,Definitive Screening Design,754,17
X3 (non-informative),X3,0.07027113149449751,Definitive Screening Design,754,17
Random Normal,Random Normal,0.1869078026519259,Definitive Screening Design,754,17
X1,X1,0.1073817824700802,Definitive Screening Design,755,17
X2,X2,0.6371623914727822,Definitive Screening Design,755,17
X3 (non-informative),X3,0.131086514907511,Definitive Screening Design,755,17
Random Normal,Random Normal,0.12436931114962653,Definitive Screening Design,755,17
X1,X1,0.07494154323086541,Definitive Screening Design,756,17
X2,X2,0.6440381897810978,Definitive Screening Design,756,17
X3 (non-informative),X3,0.1309212725668019,Definitive Screening Design,756,17
Random Normal,Random Normal,0.15009899442123475,Definitive Screening Design,756,17
X1,X1,0.0625517010172059,Definitive Screening Design,757,17
X2,X2,0.6156143788514767,Definitive Screening Design,757,17
X3 (non-informative),X3,0.14015532355545468,Definitive Screening Design,757,17
Random Normal,Random Normal,0.1816785965758627,Definitive Screening Design,757,17
X1,X1,0.07413330415717824,Definitive Screening Design,758,17
X2,X2,0.6878514486590104,Definitive Screening Design,758,17
X3 (non-informative),X3,0.1566808540712338,Definitive Screening Design,758,17
Random Normal,Random Normal,0.08133439311257762,Definitive Screening Design,758,17
X1,X1,0.07024791985817687,Definitive Screening Design,759,17
X2,X2,0.663002590325233,Definitive Screening Design,759,17
X3 (non-informative),X3,0.13809999361174585,Definitive Screening Design,759,17
Random Normal,Random Normal,0.12864949620484425,Definitive Screening Design,759,17
X1,X1,0.06755828858890409,Definitive Screening Design,760,17
X2,X2,0.6575356931578845,Definitive Screening Design,760,17
X3 (non-informative),X3,0.14555881994801284,Definitive Screening Design,760,17
Random Normal,Random Normal,0.1293471983051986,Definitive Screening Design,760,17
X1,X1,0.09726895190382777,Definitive Screening Design,761,17
X2,X2,0.561253353609875,Definitive Screening Design,761,17
X3 (non-informative),X3,0.1906548788162203,Definitive Screening Design,761,17
Random Normal,Random Normal,0.15082281567007688,Definitive Screening Design,761,17
X1,X1,0.012954940918739884,Definitive Screening Design,762,17
X2,X2,0.6776380855402206,Definitive Screening Design,762,17
X3 (non-informative),X3,0.10722735323219265,Definitive Screening Design,762,17
Random Normal,Random Normal,0.20217962030884687,Definitive Screening Design,762,17
X1,X1,0.04552453746102646,Definitive Screening Design,763,17
X2,X2,0.5938728449935605,Definitive Screening Design,763,17
X3 (non-informative),X3,0.12127363230524403,Definitive Screening Design,763,17
Random Normal,Random Normal,0.23932898524016907,Definitive Screening Design,763,17
X1,X1,0.051413276003765565,Definitive Screening Design,764,17
X2,X2,0.6416625164738278,Definitive Screening Design,764,17
X3 (non-informative),X3,0.16351549931911533,Definitive Screening Design,764,17
Random Normal,Random Normal,0.14340870820329127,Definitive Screening Design,764,17
X1,X1,0.07965251092504833,Definitive Screening Design,765,17
X2,X2,0.6442822981970433,Definitive Screening Design,765,17
X3 (non-informative),X3,0.14884109787287636,Definitive Screening Design,765,17
Random Normal,Random Normal,0.12722409300503199,Definitive Screening Design,765,17
X1,X1,0.0830750378759561,Definitive Screening Design,766,17
X2,X2,0.540451213300745,Definitive Screening Design,766,17
X3 (non-informative),X3,0.14645654978942707,Definitive Screening Design,766,17
Random Normal,Random Normal,0.23001719903387188,Definitive Screening Design,766,17
X1,X1,0.06890676340414571,Definitive Screening Design,767,17
X2,X2,0.6380155305568352,Definitive Screening Design,767,17
X3 (non-informative),X3,0.11282802410478879,Definitive Screening Design,767,17
Random Normal,Random Normal,0.1802496819342302,Definitive Screening Design,767,17
X1,X1,0.08513549572882304,Definitive Screening Design,768,17
X2,X2,0.6241091746782449,Definitive Screening Design,768,17
X3 (non-informative),X3,0.14742653884053825,Definitive Screening Design,768,17
Random Normal,Random Normal,0.14332879075239383,Definitive Screening Design,768,17
X1,X1,0.07522364763416842,Definitive Screening Design,769,17
X2,X2,0.6478572732478788,Definitive Screening Design,769,17
X3 (non-informative),X3,0.1326174182421314,Definitive Screening Design,769,17
Random Normal,Random Normal,0.14430166087582136,Definitive Screening Design,769,17
X1,X1,0.06263445041373984,Definitive Screening Design,770,17
X2,X2,0.6081760151741777,Definitive Screening Design,770,17
X3 (non-informative),X3,0.12251343482643749,Definitive Screening Design,770,17
Random Normal,Random Normal,0.20667609958564495,Definitive Screening Design,770,17
X1,X1,0.06402299619856898,Definitive Screening Design,771,17
X2,X2,0.5610182637268387,Definitive Screening Design,771,17
X3 (non-informative),X3,0.0899596146041922,Definitive Screening Design,771,17
Random Normal,Random Normal,0.2849991254704002,Definitive Screening Design,771,17
X1,X1,0.07102431827499704,Definitive Screening Design,772,17
X2,X2,0.6094466508180634,Definitive Screening Design,772,17
X3 (non-informative),X3,0.13232318185380929,Definitive Screening Design,772,17
Random Normal,Random Normal,0.1872058490531304,Definitive Screening Design,772,17
X1,X1,0.05956612723185047,Definitive Screening Design,773,17
X2,X2,0.7034605998005692,Definitive Screening Design,773,17
X3 (non-informative),X3,0.11783216605990407,Definitive Screening Design,773,17
Random Normal,Random Normal,0.1191411069076762,Definitive Screening Design,773,17
X1,X1,0.05258920725034442,Definitive Screening Design,774,17
X2,X2,0.6738364110038079,Definitive Screening Design,774,17
X3 (non-informative),X3,0.14121910269726234,Definitive Screening Design,774,17
Random Normal,Random Normal,0.13235527904858535,Definitive Screening Design,774,17
X1,X1,0.04316999556743075,Definitive Screening Design,775,17
X2,X2,0.6732677068374002,Definitive Screening Design,775,17
X3 (non-informative),X3,0.06622538002793772,Definitive Screening Design,775,17
Random Normal,Random Normal,0.21733691756723128,Definitive Screening Design,775,17
X1,X1,0.08229625508890596,Definitive Screening Design,776,17
X2,X2,0.6043909199841171,Definitive Screening Design,776,17
X3 (non-informative),X3,0.10303146774359531,Definitive Screening Design,776,17
Random Normal,Random Normal,0.21028135718338165,Definitive Screening Design,776,17
X1,X1,0.0311523639107149,Definitive Screening Design,777,17
X2,X2,0.6787490805339648,Definitive Screening Design,777,17
X3 (non-informative),X3,0.14270027570948451,Definitive Screening Design,777,17
Random Normal,Random Normal,0.14739827984583576,Definitive Screening Design,777,17
X1,X1,0.0663067843620715,Definitive Screening Design,778,17
X2,X2,0.6361971175526026,Definitive Screening Design,778,17
X3 (non-informative),X3,0.06739796451999858,Definitive Screening Design,778,17
Random Normal,Random Normal,0.2300981335653274,Definitive Screening Design,778,17
X1,X1,0.06379517319879591,Definitive Screening Design,779,17
X2,X2,0.6937124814709301,Definitive Screening Design,779,17
X3 (non-informative),X3,0.14540064451652737,Definitive Screening Design,779,17
Random Normal,Random Normal,0.09709170081374671,Definitive Screening Design,779,17
X1,X1,0.08321612191066359,Definitive Screening Design,780,17
X2,X2,0.690304672403276,Definitive Screening Design,780,17
X3 (non-informative),X3,0.11200353041835638,Definitive Screening Design,780,17
Random Normal,Random Normal,0.11447567526770412,Definitive Screening Design,780,17
X1,X1,0.04545940749096514,Definitive Screening Design,781,17
X2,X2,0.4992294417975461,Definitive Screening Design,781,17
X3 (non-informative),X3,0.08118537097627061,Definitive Screening Design,781,17
Random Normal,Random Normal,0.37412577973521816,Definitive Screening Design,781,17
X1,X1,0.06526104346114109,Definitive Screening Design,782,17
X2,X2,0.6208083952622363,Definitive Screening Design,782,17
X3 (non-informative),X3,0.15590876972998055,Definitive Screening Design,782,17
Random Normal,Random Normal,0.15802179154664214,Definitive Screening Design,782,17
X1,X1,0.08893438631440014,Definitive Screening Design,783,17
X2,X2,0.6374642631110353,Definitive Screening Design,783,17
X3 (non-informative),X3,0.152027071008251,Definitive Screening Design,783,17
Random Normal,Random Normal,0.12157427956631364,Definitive Screening Design,783,17
X1,X1,0.11423872348390629,Definitive Screening Design,784,17
X2,X2,0.5939379528556643,Definitive Screening Design,784,17
X3 (non-informative),X3,0.14187361748893604,Definitive Screening Design,784,17
Random Normal,Random Normal,0.14994970617149325,Definitive Screening Design,784,17
X1,X1,0.05628834761420338,Definitive Screening Design,785,17
X2,X2,0.6025032431473084,Definitive Screening Design,785,17
X3 (non-informative),X3,0.10746989514290313,Definitive Screening Design,785,17
Random Normal,Random Normal,0.2337385140955851,Definitive Screening Design,785,17
X1,X1,0.07249964017615496,Definitive Screening Design,786,17
X2,X2,0.6456999848119955,Definitive Screening Design,786,17
X3 (non-informative),X3,0.1132776242190348,Definitive Screening Design,786,17
Random Normal,Random Normal,0.1685227507928147,Definitive Screening Design,786,17
X1,X1,0.043189383460510614,Definitive Screening Design,787,17
X2,X2,0.5944566363371858,Definitive Screening Design,787,17
X3 (non-informative),X3,0.141756853553274,Definitive Screening Design,787,17
Random Normal,Random Normal,0.22059712664902953,Definitive Screening Design,787,17
X1,X1,0.05033211287772065,Definitive Screening Design,788,17
X2,X2,0.5676392754146906,Definitive Screening Design,788,17
X3 (non-informative),X3,0.07195167294049515,Definitive Screening Design,788,17
Random Normal,Random Normal,0.3100769387670936,Definitive Screening Design,788,17
X1,X1,0.07237586202806201,Definitive Screening Design,789,17
X2,X2,0.645161086042462,Definitive Screening Design,789,17
X3 (non-informative),X3,0.14613236561875104,Definitive Screening Design,789,17
Random Normal,Random Normal,0.136330686310725,Definitive Screening Design,789,17
X1,X1,0.06001891092506393,Definitive Screening Design,790,17
X2,X2,0.6625523584852833,Definitive Screening Design,790,17
X3 (non-informative),X3,0.11257648113509222,Definitive Screening Design,790,17
Random Normal,Random Normal,0.16485224945456067,Definitive Screening Design,790,17
X1,X1,0.0454915125348473,Definitive Screening Design,791,17
X2,X2,0.6782305247681352,Definitive Screening Design,791,17
X3 (non-informative),X3,0.12485230169349673,Definitive Screening Design,791,17
Random Normal,Random Normal,0.15142566100352078,Definitive Screening Design,791,17
X1,X1,0.07130080735897137,Definitive Screening Design,792,17
X2,X2,0.6436061979879256,Definitive Screening Design,792,17
X3 (non-informative),X3,0.08896092674858361,Definitive Screening Design,792,17
Random Normal,Random Normal,0.19613206790451942,Definitive Screening Design,792,17
X1,X1,0.055173785515605166,Definitive Screening Design,793,17
X2,X2,0.683964966010328,Definitive Screening Design,793,17
X3 (non-informative),X3,0.1111567213377342,Definitive Screening Design,793,17
Random Normal,Random Normal,0.1497045271363328,Definitive Screening Design,793,17
X1,X1,0.07514599968644003,Definitive Screening Design,794,17
X2,X2,0.6386623323935942,Definitive Screening Design,794,17
X3 (non-informative),X3,0.10806355244345367,Definitive Screening Design,794,17
Random Normal,Random Normal,0.178128115476512,Definitive Screening Design,794,17
X1,X1,0.10078236609480494,Definitive Screening Design,795,17
X2,X2,0.5898477058124467,Definitive Screening Design,795,17
X3 (non-informative),X3,0.08180364232641611,Definitive Screening Design,795,17
Random Normal,Random Normal,0.22756628576633228,Definitive Screening Design,795,17
X1,X1,0.06237420492460839,Definitive Screening Design,796,17
X2,X2,0.6238211835292419,Definitive Screening Design,796,17
X3 (non-informative),X3,0.0914575327167951,Definitive Screening Design,796,17
Random Normal,Random Normal,0.22234707882935464,Definitive Screening Design,796,17
X1,X1,0.05190420487446777,Definitive Screening Design,797,17
X2,X2,0.5387445311487922,Definitive Screening Design,797,17
X3 (non-informative),X3,0.08103084753711746,Definitive Screening Design,797,17
Random Normal,Random Normal,0.32832041643962256,Definitive Screening Design,797,17
X1,X1,0.08134676625537333,Definitive Screening Design,798,17
X2,X2,0.6192959832030405,Definitive Screening Design,798,17
X3 (non-informative),X3,0.12166899752256785,Definitive Screening Design,798,17
Random Normal,Random Normal,0.17768825301901828,Definitive Screening Design,798,17
X1,X1,0.037726411114955435,Definitive Screening Design,799,17
X2,X2,0.6256504370119051,Definitive Screening Design,799,17
X3 (non-informative),X3,0.14887848891908645,Definitive Screening Design,799,17
Random Normal,Random Normal,0.18774466295405312,Definitive Screening Design,799,17
X1,X1,0.07608337277451258,Definitive Screening Design,800,17
X2,X2,0.6811342791999543,Definitive Screening Design,800,17
X3 (non-informative),X3,0.13899290274443124,Definitive Screening Design,800,17
Random Normal,Random Normal,0.10378944528110196,Definitive Screening Design,800,17
X1,X1,0.05503700560374075,Definitive Screening Design,801,17
X2,X2,0.5970003632277363,Definitive Screening Design,801,17
X3 (non-informative),X3,0.12712733690115507,Definitive Screening Design,801,17
Random Normal,Random Normal,0.22083529426736773,Definitive Screening Design,801,17
X1,X1,0.055632411911199935,Definitive Screening Design,802,17
X2,X2,0.6645516230975459,Definitive Screening Design,802,17
X3 (non-informative),X3,0.08556304117560115,Definitive Screening Design,802,17
Random Normal,Random Normal,0.19425292381565282,Definitive Screening Design,802,17
X1,X1,0.07108516153619682,Definitive Screening Design,803,17
X2,X2,0.6960211433781093,Definitive Screening Design,803,17
X3 (non-informative),X3,0.15959459381647875,Definitive Screening Design,803,17
Random Normal,Random Normal,0.07329910126921528,Definitive Screening Design,803,17
X1,X1,0.06758319920084174,Definitive Screening Design,804,17
X2,X2,0.6573733843437481,Definitive Screening Design,804,17
X3 (non-informative),X3,0.1525998244672837,Definitive Screening Design,804,17
Random Normal,Random Normal,0.12244359198812636,Definitive Screening Design,804,17
X1,X1,0.0716625502078569,Definitive Screening Design,805,17
X2,X2,0.6928572081153334,Definitive Screening Design,805,17
X3 (non-informative),X3,0.09471550905631204,Definitive Screening Design,805,17
Random Normal,Random Normal,0.14076473262049768,Definitive Screening Design,805,17
X1,X1,0.059638019636770595,Definitive Screening Design,806,17
X2,X2,0.6527546785393099,Definitive Screening Design,806,17
X3 (non-informative),X3,0.10675592461302524,Definitive Screening Design,806,17
Random Normal,Random Normal,0.1808513772108943,Definitive Screening Design,806,17
X1,X1,0.0712809071944313,Definitive Screening Design,807,17
X2,X2,0.6489061764938561,Definitive Screening Design,807,17
X3 (non-informative),X3,0.10288706870231733,Definitive Screening Design,807,17
Random Normal,Random Normal,0.17692584760939525,Definitive Screening Design,807,17
X1,X1,0.04703392656287821,Definitive Screening Design,808,17
X2,X2,0.6377162336355732,Definitive Screening Design,808,17
X3 (non-informative),X3,0.09532708239018904,Definitive Screening Design,808,17
Random Normal,Random Normal,0.21992275741135972,Definitive Screening Design,808,17
X1,X1,0.07442659801907957,Definitive Screening Design,809,17
X2,X2,0.5753883183267663,Definitive Screening Design,809,17
X3 (non-informative),X3,0.11234476640195173,Definitive Screening Design,809,17
Random Normal,Random Normal,0.23784031725220242,Definitive Screening Design,809,17
X1,X1,0.039993029489075245,Definitive Screening Design,810,17
X2,X2,0.6125352933273216,Definitive Screening Design,810,17
X3 (non-informative),X3,0.09219993395433164,Definitive Screening Design,810,17
Random Normal,Random Normal,0.25527174322927143,Definitive Screening Design,810,17
X1,X1,0.07018185995599917,Definitive Screening Design,811,17
X2,X2,0.611541918996598,Definitive Screening Design,811,17
X3 (non-informative),X3,0.12023911935936915,Definitive Screening Design,811,17
Random Normal,Random Normal,0.1980371016880337,Definitive Screening Design,811,17
X1,X1,0.05184274470380991,Definitive Screening Design,812,17
X2,X2,0.611557554509838,Definitive Screening Design,812,17
X3 (non-informative),X3,0.1008696965181675,Definitive Screening Design,812,17
Random Normal,Random Normal,0.23573000426818452,Definitive Screening Design,812,17
X1,X1,0.07332273096024412,Definitive Screening Design,813,17
X2,X2,0.6159577465712035,Definitive Screening Design,813,17
X3 (non-informative),X3,0.1595393671031999,Definitive Screening Design,813,17
Random Normal,Random Normal,0.1511801553653525,Definitive Screening Design,813,17
X1,X1,0.0461176070703196,Definitive Screening Design,814,17
X2,X2,0.5466617548131233,Definitive Screening Design,814,17
X3 (non-informative),X3,0.0770590372895062,Definitive Screening Design,814,17
Random Normal,Random Normal,0.330161600827051,Definitive Screening Design,814,17
X1,X1,0.045957525195389745,Definitive Screening Design,815,17
X2,X2,0.604743531213947,Definitive Screening Design,815,17
X3 (non-informative),X3,0.08979221805947693,Definitive Screening Design,815,17
Random Normal,Random Normal,0.2595067255311864,Definitive Screening Design,815,17
X1,X1,0.07745903850538353,Definitive Screening Design,816,17
X2,X2,0.6331369765421496,Definitive Screening Design,816,17
X3 (non-informative),X3,0.18127455591679673,Definitive Screening Design,816,17
Random Normal,Random Normal,0.10812942903567,Definitive Screening Design,816,17
X1,X1,0.07869638558188846,Definitive Screening Design,817,17
X2,X2,0.6352845494176806,Definitive Screening Design,817,17
X3 (non-informative),X3,0.07672411577096618,Definitive Screening Design,817,17
Random Normal,Random Normal,0.20929494922946484,Definitive Screening Design,817,17
X1,X1,0.07259161014244453,Definitive Screening Design,818,17
X2,X2,0.6486837702559858,Definitive Screening Design,818,17
X3 (non-informative),X3,0.14471053705997974,Definitive Screening Design,818,17
Random Normal,Random Normal,0.1340140825415899,Definitive Screening Design,818,17
X1,X1,0.07944515221412723,Definitive Screening Design,819,17
X2,X2,0.6616815765121653,Definitive Screening Design,819,17
X3 (non-informative),X3,0.115629449606764,Definitive Screening Design,819,17
Random Normal,Random Normal,0.1432438216669434,Definitive Screening Design,819,17
X1,X1,0.08232005843413835,Definitive Screening Design,820,17
X2,X2,0.6172889138407097,Definitive Screening Design,820,17
X3 (non-informative),X3,0.10696239406521398,Definitive Screening Design,820,17
Random Normal,Random Normal,0.19342863365993773,Definitive Screening Design,820,17
X1,X1,0.08119279862464605,Definitive Screening Design,821,17
X2,X2,0.6493840369281136,Definitive Screening Design,821,17
X3 (non-informative),X3,0.16359549527055325,Definitive Screening Design,821,17
Random Normal,Random Normal,0.10582766917668714,Definitive Screening Design,821,17
X1,X1,0.06734311563840933,Definitive Screening Design,822,17
X2,X2,0.6412026003750402,Definitive Screening Design,822,17
X3 (non-informative),X3,0.12338361982629333,Definitive Screening Design,822,17
Random Normal,Random Normal,0.16807066416025726,Definitive Screening Design,822,17
X1,X1,0.07491283775447936,Definitive Screening Design,823,17
X2,X2,0.684416643861444,Definitive Screening Design,823,17
X3 (non-informative),X3,0.14153392915603114,Definitive Screening Design,823,17
Random Normal,Random Normal,0.09913658922804557,Definitive Screening Design,823,17
X1,X1,0.03984676894913477,Definitive Screening Design,824,17
X2,X2,0.47166614830413434,Definitive Screening Design,824,17
X3 (non-informative),X3,0.08355090449668226,Definitive Screening Design,824,17
Random Normal,Random Normal,0.40493617825004863,Definitive Screening Design,824,17
X1,X1,0.11909583212747181,Definitive Screening Design,825,17
X2,X2,0.5843961839738409,Definitive Screening Design,825,17
X3 (non-informative),X3,0.11316481228225023,Definitive Screening Design,825,17
Random Normal,Random Normal,0.18334317161643712,Definitive Screening Design,825,17
X1,X1,0.08495945791552159,Definitive Screening Design,826,17
X2,X2,0.6364998913735682,Definitive Screening Design,826,17
X3 (non-informative),X3,0.13478593460171917,Definitive Screening Design,826,17
Random Normal,Random Normal,0.1437547161091911,Definitive Screening Design,826,17
X1,X1,0.0751645866247511,Definitive Screening Design,827,17
X2,X2,0.6654693093459468,Definitive Screening Design,827,17
X3 (non-informative),X3,0.13753333785148797,Definitive Screening Design,827,17
Random Normal,Random Normal,0.12183276617781412,Definitive Screening Design,827,17
X1,X1,0.06951595731771887,Definitive Screening Design,828,17
X2,X2,0.660554496509352,Definitive Screening Design,828,17
X3 (non-informative),X3,0.09507921031377378,Definitive Screening Design,828,17
Random Normal,Random Normal,0.17485033585915535,Definitive Screening Design,828,17
X1,X1,0.05483700490968399,Definitive Screening Design,829,17
X2,X2,0.741970207213721,Definitive Screening Design,829,17
X3 (non-informative),X3,0.11575621281349327,Definitive Screening Design,829,17
Random Normal,Random Normal,0.08743657506310192,Definitive Screening Design,829,17
X1,X1,0.042865744540117934,Definitive Screening Design,830,17
X2,X2,0.6876529366775359,Definitive Screening Design,830,17
X3 (non-informative),X3,0.07538981840335543,Definitive Screening Design,830,17
Random Normal,Random Normal,0.1940915003789906,Definitive Screening Design,830,17
X1,X1,0.07016033647540965,Definitive Screening Design,831,17
X2,X2,0.5971093755887226,Definitive Screening Design,831,17
X3 (non-informative),X3,0.19147705072677784,Definitive Screening Design,831,17
Random Normal,Random Normal,0.1412532372090899,Definitive Screening Design,831,17
X1,X1,0.0544180479738596,Definitive Screening Design,832,17
X2,X2,0.5280279481072581,Definitive Screening Design,832,17
X3 (non-informative),X3,0.11994194409762687,Definitive Screening Design,832,17
Random Normal,Random Normal,0.29761205982125555,Definitive Screening Design,832,17
X1,X1,0.0537943357603702,Definitive Screening Design,833,17
X2,X2,0.6060718979330658,Definitive Screening Design,833,17
X3 (non-informative),X3,0.08989989061315419,Definitive Screening Design,833,17
Random Normal,Random Normal,0.2502338756934097,Definitive Screening Design,833,17
X1,X1,0.05574533928693113,Definitive Screening Design,834,17
X2,X2,0.6280020337599183,Definitive Screening Design,834,17
X3 (non-informative),X3,0.11575977220716012,Definitive Screening Design,834,17
Random Normal,Random Normal,0.20049285474599063,Definitive Screening Design,834,17
X1,X1,0.03162760196398756,Definitive Screening Design,835,17
X2,X2,0.63200300674407,Definitive Screening Design,835,17
X3 (non-informative),X3,0.0779321101507539,Definitive Screening Design,835,17
Random Normal,Random Normal,0.25843728114118864,Definitive Screening Design,835,17
X1,X1,0.06559536296713507,Definitive Screening Design,836,17
X2,X2,0.632668820334741,Definitive Screening Design,836,17
X3 (non-informative),X3,0.12214518149490451,Definitive Screening Design,836,17
Random Normal,Random Normal,0.17959063520321927,Definitive Screening Design,836,17
X1,X1,0.08475139806124427,Definitive Screening Design,837,17
X2,X2,0.6112614141393243,Definitive Screening Design,837,17
X3 (non-informative),X3,0.12829815385757917,Definitive Screening Design,837,17
Random Normal,Random Normal,0.1756890339418522,Definitive Screening Design,837,17
X1,X1,0.07125969267080745,Definitive Screening Design,838,17
X2,X2,0.6657826888558361,Definitive Screening Design,838,17
X3 (non-informative),X3,0.12856029034680538,Definitive Screening Design,838,17
Random Normal,Random Normal,0.13439732812655095,Definitive Screening Design,838,17
X1,X1,0.0427517520678293,Definitive Screening Design,839,17
X2,X2,0.5514561420198015,Definitive Screening Design,839,17
X3 (non-informative),X3,0.07181744005736292,Definitive Screening Design,839,17
Random Normal,Random Normal,0.3339746658550063,Definitive Screening Design,839,17
X1,X1,0.08554964068562432,Definitive Screening Design,840,17
X2,X2,0.6549993074531325,Definitive Screening Design,840,17
X3 (non-informative),X3,0.15385691190806364,Definitive Screening Design,840,17
Random Normal,Random Normal,0.10559413995317936,Definitive Screening Design,840,17
X1,X1,0.0896099425232564,Definitive Screening Design,841,17
X2,X2,0.7046051927997358,Definitive Screening Design,841,17
X3 (non-informative),X3,0.13383937174510246,Definitive Screening Design,841,17
Random Normal,Random Normal,0.07194549293190529,Definitive Screening Design,841,17
X1,X1,0.08546319830329753,Definitive Screening Design,842,17
X2,X2,0.6613274149909935,Definitive Screening Design,842,17
X3 (non-informative),X3,0.14274128987139642,Definitive Screening Design,842,17
Random Normal,Random Normal,0.11046809683431279,Definitive Screening Design,842,17
X1,X1,0.06388810276195085,Definitive Screening Design,843,17
X2,X2,0.7400460205261005,Definitive Screening Design,843,17
X3 (non-informative),X3,0.1164794624017615,Definitive Screening Design,843,17
Random Normal,Random Normal,0.07958641431018716,Definitive Screening Design,843,17
X1,X1,0.06547715007986764,Definitive Screening Design,844,17
X2,X2,0.6543976538981808,Definitive Screening Design,844,17
X3 (non-informative),X3,0.154614847418881,Definitive Screening Design,844,17
Random Normal,Random Normal,0.1255103486030704,Definitive Screening Design,844,17
X1,X1,0.07659493835744104,Definitive Screening Design,845,17
X2,X2,0.6390313936633432,Definitive Screening Design,845,17
X3 (non-informative),X3,0.16318136387872445,Definitive Screening Design,845,17
Random Normal,Random Normal,0.12119230410049128,Definitive Screening Design,845,17
X1,X1,0.048891847167379,Definitive Screening Design,846,17
X2,X2,0.6515820161373558,Definitive Screening Design,846,17
X3 (non-informative),X3,0.11506203549489613,Definitive Screening Design,846,17
Random Normal,Random Normal,0.18446410120036916,Definitive Screening Design,846,17
X1,X1,0.06934273332107047,Definitive Screening Design,847,17
X2,X2,0.6062186073665364,Definitive Screening Design,847,17
X3 (non-informative),X3,0.14332343063794944,Definitive Screening Design,847,17
Random Normal,Random Normal,0.18111522867444363,Definitive Screening Design,847,17
X1,X1,0.05916297023915151,Definitive Screening Design,848,17
X2,X2,0.6487293129624306,Definitive Screening Design,848,17
X3 (non-informative),X3,0.1554272513439419,Definitive Screening Design,848,17
Random Normal,Random Normal,0.1366804654544761,Definitive Screening Design,848,17
X1,X1,0.1071153127489881,Definitive Screening Design,849,17
X2,X2,0.639737659324805,Definitive Screening Design,849,17
X3 (non-informative),X3,0.15164194301824463,Definitive Screening Design,849,17
Random Normal,Random Normal,0.10150508490796217,Definitive Screening Design,849,17
X1,X1,0.026078853605681036,Definitive Screening Design,850,17
X2,X2,0.6755271900649417,Definitive Screening Design,850,17
X3 (non-informative),X3,0.06569735290631452,Definitive Screening Design,850,17
Random Normal,Random Normal,0.23269660342306278,Definitive Screening Design,850,17
X1,X1,0.08395933463136815,Definitive Screening Design,851,17
X2,X2,0.6762437892562262,Definitive Screening Design,851,17
X3 (non-informative),X3,0.13388352417986818,Definitive Screening Design,851,17
Random Normal,Random Normal,0.10591335193253743,Definitive Screening Design,851,17
X1,X1,0.05319149385860795,Definitive Screening Design,852,17
X2,X2,0.5666797994887824,Definitive Screening Design,852,17
X3 (non-informative),X3,0.06096260258290048,Definitive Screening Design,852,17
Random Normal,Random Normal,0.31916610406970924,Definitive Screening Design,852,17
X1,X1,0.0362812092026371,Definitive Screening Design,853,17
X2,X2,0.4634425260167672,Definitive Screening Design,853,17
X3 (non-informative),X3,0.0773151152515799,Definitive Screening Design,853,17
Random Normal,Random Normal,0.4229611495290158,Definitive Screening Design,853,17
X1,X1,0.05362362002881649,Definitive Screening Design,854,17
X2,X2,0.6229746054464232,Definitive Screening Design,854,17
X3 (non-informative),X3,0.08562351292762187,Definitive Screening Design,854,17
Random Normal,Random Normal,0.23777826159713847,Definitive Screening Design,854,17
X1,X1,0.10000826749475884,Definitive Screening Design,855,17
X2,X2,0.6239737931646934,Definitive Screening Design,855,17
X3 (non-informative),X3,0.11919927574321988,Definitive Screening Design,855,17
Random Normal,Random Normal,0.15681866359732785,Definitive Screening Design,855,17
X1,X1,0.06555480171826211,Definitive Screening Design,856,17
X2,X2,0.6242293691945724,Definitive Screening Design,856,17
X3 (non-informative),X3,0.11878174663661716,Definitive Screening Design,856,17
Random Normal,Random Normal,0.19143408245054827,Definitive Screening Design,856,17
X1,X1,0.07234431497849149,Definitive Screening Design,857,17
X2,X2,0.6483358106919902,Definitive Screening Design,857,17
X3 (non-informative),X3,0.1412631156311587,Definitive Screening Design,857,17
Random Normal,Random Normal,0.1380567586983596,Definitive Screening Design,857,17
X1,X1,0.043696097139044605,Definitive Screening Design,858,17
X2,X2,0.5924629428337149,Definitive Screening Design,858,17
X3 (non-informative),X3,0.11693872299530716,Definitive Screening Design,858,17
Random Normal,Random Normal,0.24690223703193345,Definitive Screening Design,858,17
X1,X1,0.046315909224505104,Definitive Screening Design,859,17
X2,X2,0.5090836912236283,Definitive Screening Design,859,17
X3 (non-informative),X3,0.09047143034342324,Definitive Screening Design,859,17
Random Normal,Random Normal,0.3541289692084434,Definitive Screening Design,859,17
X1,X1,0.05782247273485308,Definitive Screening Design,860,17
X2,X2,0.5804806858447683,Definitive Screening Design,860,17
X3 (non-informative),X3,0.1016149641830806,Definitive Screening Design,860,17
Random Normal,Random Normal,0.2600818772372979,Definitive Screening Design,860,17
X1,X1,0.0806228640769181,Definitive Screening Design,861,17
X2,X2,0.6379721396595356,Definitive Screening Design,861,17
X3 (non-informative),X3,0.08220662810420641,Definitive Screening Design,861,17
Random Normal,Random Normal,0.19919836815933992,Definitive Screening Design,861,17
X1,X1,0.054315571727996545,Definitive Screening Design,862,17
X2,X2,0.6736347683464651,Definitive Screening Design,862,17
X3 (non-informative),X3,0.12631391364927758,Definitive Screening Design,862,17
Random Normal,Random Normal,0.14573574627626074,Definitive Screening Design,862,17
X1,X1,0.047894210099097126,Definitive Screening Design,863,17
X2,X2,0.6576345265221833,Definitive Screening Design,863,17
X3 (non-informative),X3,0.07084965952289608,Definitive Screening Design,863,17
Random Normal,Random Normal,0.22362160385582341,Definitive Screening Design,863,17
X1,X1,0.0665353849150585,Definitive Screening Design,864,17
X2,X2,0.5324908382086917,Definitive Screening Design,864,17
X3 (non-informative),X3,0.13600921705274457,Definitive Screening Design,864,17
Random Normal,Random Normal,0.26496455982350514,Definitive Screening Design,864,17
X1,X1,0.07674606515685346,Definitive Screening Design,865,17
X2,X2,0.5996350768678822,Definitive Screening Design,865,17
X3 (non-informative),X3,0.06555558060296997,Definitive Screening Design,865,17
Random Normal,Random Normal,0.2580632773722945,Definitive Screening Design,865,17
X1,X1,0.06522953883774996,Definitive Screening Design,866,17
X2,X2,0.6534207453987612,Definitive Screening Design,866,17
X3 (non-informative),X3,0.11940743982034943,Definitive Screening Design,866,17
Random Normal,Random Normal,0.16194227594313948,Definitive Screening Design,866,17
X1,X1,0.06722537507845566,Definitive Screening Design,867,17
X2,X2,0.6511240377461415,Definitive Screening Design,867,17
X3 (non-informative),X3,0.11177502413775418,Definitive Screening Design,867,17
Random Normal,Random Normal,0.16987556303764864,Definitive Screening Design,867,17
X1,X1,0.06864460370162327,Definitive Screening Design,868,17
X2,X2,0.5695725352687632,Definitive Screening Design,868,17
X3 (non-informative),X3,0.08412937554131686,Definitive Screening Design,868,17
Random Normal,Random Normal,0.2776534854882966,Definitive Screening Design,868,17
X1,X1,0.03890754844896249,Definitive Screening Design,869,17
X2,X2,0.5872816888079805,Definitive Screening Design,869,17
X3 (non-informative),X3,0.10727690678835233,Definitive Screening Design,869,17
Random Normal,Random Normal,0.26653385595470463,Definitive Screening Design,869,17
X1,X1,0.06852056895793333,Definitive Screening Design,870,17
X2,X2,0.5904610046223286,Definitive Screening Design,870,17
X3 (non-informative),X3,0.13377347757232938,Definitive Screening Design,870,17
Random Normal,Random Normal,0.20724494884740863,Definitive Screening Design,870,17
X1,X1,0.035453566665213224,Definitive Screening Design,871,17
X2,X2,0.6700522497840083,Definitive Screening Design,871,17
X3 (non-informative),X3,0.0722859873778484,Definitive Screening Design,871,17
Random Normal,Random Normal,0.2222081961729301,Definitive Screening Design,871,17
X1,X1,0.07492166110920384,Definitive Screening Design,872,17
X2,X2,0.5873716525722216,Definitive Screening Design,872,17
X3 (non-informative),X3,0.14271496015958543,Definitive Screening Design,872,17
Random Normal,Random Normal,0.1949917261589891,Definitive Screening Design,872,17
X1,X1,0.05091552755935007,Definitive Screening Design,873,17
X2,X2,0.6241835544713902,Definitive Screening Design,873,17
X3 (non-informative),X3,0.09468147759864899,Definitive Screening Design,873,17
Random Normal,Random Normal,0.23021944037061093,Definitive Screening Design,873,17
X1,X1,0.08670047948657655,Definitive Screening Design,874,17
X2,X2,0.6122101637164666,Definitive Screening Design,874,17
X3 (non-informative),X3,0.1514874818319029,Definitive Screening Design,874,17
Random Normal,Random Normal,0.14960187496505392,Definitive Screening Design,874,17
X1,X1,0.058236319538063255,Definitive Screening Design,875,17
X2,X2,0.6959463918773362,Definitive Screening Design,875,17
X3 (non-informative),X3,0.1242002455786829,Definitive Screening Design,875,17
Random Normal,Random Normal,0.1216170430059177,Definitive Screening Design,875,17
X1,X1,0.09878596605240013,Definitive Screening Design,876,17
X2,X2,0.6235764606450154,Definitive Screening Design,876,17
X3 (non-informative),X3,0.09068330568358367,Definitive Screening Design,876,17
Random Normal,Random Normal,0.18695426761900075,Definitive Screening Design,876,17
X1,X1,0.06040229537623573,Definitive Screening Design,877,17
X2,X2,0.6365074663772647,Definitive Screening Design,877,17
X3 (non-informative),X3,0.16074975864577543,Definitive Screening Design,877,17
Random Normal,Random Normal,0.1423404796007243,Definitive Screening Design,877,17
X1,X1,0.0710634699183192,Definitive Screening Design,878,17
X2,X2,0.6467161423788831,Definitive Screening Design,878,17
X3 (non-informative),X3,0.12488924300518371,Definitive Screening Design,878,17
Random Normal,Random Normal,0.15733114469761397,Definitive Screening Design,878,17
X1,X1,0.09361788071492835,Definitive Screening Design,879,17
X2,X2,0.6425414731467012,Definitive Screening Design,879,17
X3 (non-informative),X3,0.15192370754812534,Definitive Screening Design,879,17
Random Normal,Random Normal,0.11191693859024507,Definitive Screening Design,879,17
X1,X1,0.04899361684197,Definitive Screening Design,880,17
X2,X2,0.6212654935914595,Definitive Screening Design,880,17
X3 (non-informative),X3,0.08291506110581937,Definitive Screening Design,880,17
Random Normal,Random Normal,0.24682582846075105,Definitive Screening Design,880,17
X1,X1,0.07000735251525651,Definitive Screening Design,881,17
X2,X2,0.6510949922980993,Definitive Screening Design,881,17
X3 (non-informative),X3,0.15662041699618806,Definitive Screening Design,881,17
Random Normal,Random Normal,0.12227723819045606,Definitive Screening Design,881,17
X1,X1,0.07229267059654546,Definitive Screening Design,882,17
X2,X2,0.7014654267442865,Definitive Screening Design,882,17
X3 (non-informative),X3,0.14298828516442738,Definitive Screening Design,882,17
Random Normal,Random Normal,0.08325361749474075,Definitive Screening Design,882,17
X1,X1,0.07228997559172681,Definitive Screening Design,883,17
X2,X2,0.6231276770363097,Definitive Screening Design,883,17
X3 (non-informative),X3,0.1059752104753031,Definitive Screening Design,883,17
Random Normal,Random Normal,0.19860713689666046,Definitive Screening Design,883,17
X1,X1,0.068444391085023,Definitive Screening Design,884,17
X2,X2,0.6262046808884062,Definitive Screening Design,884,17
X3 (non-informative),X3,0.09815698100432359,Definitive Screening Design,884,17
Random Normal,Random Normal,0.20719394702224725,Definitive Screening Design,884,17
X1,X1,0.06286840745157221,Definitive Screening Design,885,17
X2,X2,0.615091899056162,Definitive Screening Design,885,17
X3 (non-informative),X3,0.09441021215400208,Definitive Screening Design,885,17
Random Normal,Random Normal,0.22762948133826374,Definitive Screening Design,885,17
X1,X1,0.061654354078099494,Definitive Screening Design,886,17
X2,X2,0.5767208694110242,Definitive Screening Design,886,17
X3 (non-informative),X3,0.07055656970808794,Definitive Screening Design,886,17
Random Normal,Random Normal,0.2910682068027883,Definitive Screening Design,886,17
X1,X1,0.16598200394952148,Definitive Screening Design,887,17
X2,X2,0.6251957365267984,Definitive Screening Design,887,17
X3 (non-informative),X3,0.10327416827098361,Definitive Screening Design,887,17
Random Normal,Random Normal,0.10554809125269661,Definitive Screening Design,887,17
X1,X1,0.06737574350386777,Definitive Screening Design,888,17
X2,X2,0.7212781215580913,Definitive Screening Design,888,17
X3 (non-informative),X3,0.11409514305031766,Definitive Screening Design,888,17
Random Normal,Random Normal,0.0972509918877232,Definitive Screening Design,888,17
X1,X1,0.029976783156101604,Definitive Screening Design,889,17
X2,X2,0.6948812867743965,Definitive Screening Design,889,17
X3 (non-informative),X3,0.10421170078541683,Definitive Screening Design,889,17
Random Normal,Random Normal,0.17093022928408502,Definitive Screening Design,889,17
X1,X1,0.07038985413300641,Definitive Screening Design,890,17
X2,X2,0.5855584214695241,Definitive Screening Design,890,17
X3 (non-informative),X3,0.13108738806619932,Definitive Screening Design,890,17
Random Normal,Random Normal,0.21296433633127027,Definitive Screening Design,890,17
X1,X1,0.06885947201739143,Definitive Screening Design,891,17
X2,X2,0.6281090806921055,Definitive Screening Design,891,17
X3 (non-informative),X3,0.10474141299473093,Definitive Screening Design,891,17
Random Normal,Random Normal,0.19829003429577222,Definitive Screening Design,891,17
X1,X1,0.09546454589726026,Definitive Screening Design,892,17
X2,X2,0.6129935855227157,Definitive Screening Design,892,17
X3 (non-informative),X3,0.14780573048350928,Definitive Screening Design,892,17
Random Normal,Random Normal,0.14373613809651486,Definitive Screening Design,892,17
X1,X1,0.05407657382578051,Definitive Screening Design,893,17
X2,X2,0.6201927451771447,Definitive Screening Design,893,17
X3 (non-informative),X3,0.10414739302885119,Definitive Screening Design,893,17
Random Normal,Random Normal,0.22158328796822346,Definitive Screening Design,893,17
X1,X1,0.07852188747809977,Definitive Screening Design,894,17
X2,X2,0.6141785440047152,Definitive Screening Design,894,17
X3 (non-informative),X3,0.1522449298869862,Definitive Screening Design,894,17
Random Normal,Random Normal,0.1550546386301989,Definitive Screening Design,894,17
X1,X1,0.07846716814320653,Definitive Screening Design,895,17
X2,X2,0.6309798311401973,Definitive Screening Design,895,17
X3 (non-informative),X3,0.11921166078244509,Definitive Screening Design,895,17
Random Normal,Random Normal,0.17134133993415113,Definitive Screening Design,895,17
X1,X1,0.05371237643939231,Definitive Screening Design,896,17
X2,X2,0.6424862765301838,Definitive Screening Design,896,17
X3 (non-informative),X3,0.11219771151920638,Definitive Screening Design,896,17
Random Normal,Random Normal,0.19160363551121748,Definitive Screening Design,896,17
X1,X1,0.0661254368503895,Definitive Screening Design,897,17
X2,X2,0.632677487984007,Definitive Screening Design,897,17
X3 (non-informative),X3,0.1257942339142578,Definitive Screening Design,897,17
Random Normal,Random Normal,0.1754028412513456,Definitive Screening Design,897,17
X1,X1,0.06921093437230298,Definitive Screening Design,898,17
X2,X2,0.6878827802769018,Definitive Screening Design,898,17
X3 (non-informative),X3,0.08332228471891058,Definitive Screening Design,898,17
Random Normal,Random Normal,0.15958400063188485,Definitive Screening Design,898,17
X1,X1,0.08516381029829893,Definitive Screening Design,899,17
X2,X2,0.6355242144421501,Definitive Screening Design,899,17
X3 (non-informative),X3,0.1561133607070745,Definitive Screening Design,899,17
Random Normal,Random Normal,0.12319861455247635,Definitive Screening Design,899,17
X1,X1,0.055065475022237596,Definitive Screening Design,900,17
X2,X2,0.5086092361726189,Definitive Screening Design,900,17
X3 (non-informative),X3,0.057726360551119626,Definitive Screening Design,900,17
Random Normal,Random Normal,0.3785989282540239,Definitive Screening Design,900,17
X1,X1,0.04964959535185916,Definitive Screening Design,901,17
X2,X2,0.6542959567472905,Definitive Screening Design,901,17
X3 (non-informative),X3,0.08830670299582057,Definitive Screening Design,901,17
Random Normal,Random Normal,0.20774774490502979,Definitive Screening Design,901,17
X1,X1,0.06967330757633576,Definitive Screening Design,902,17
X2,X2,0.6921811621143336,Definitive Screening Design,902,17
X3 (non-informative),X3,0.11390100603368992,Definitive Screening Design,902,17
Random Normal,Random Normal,0.12424452427564087,Definitive Screening Design,902,17
X1,X1,0.0582843991104941,Definitive Screening Design,903,17
X2,X2,0.6748657439303285,Definitive Screening Design,903,17
X3 (non-informative),X3,0.09292725561656229,Definitive Screening Design,903,17
Random Normal,Random Normal,0.17392260134261514,Definitive Screening Design,903,17
X1,X1,0.07494831287531463,Definitive Screening Design,904,17
X2,X2,0.6654145907612579,Definitive Screening Design,904,17
X3 (non-informative),X3,0.12094539412843879,Definitive Screening Design,904,17
Random Normal,Random Normal,0.13869170223498858,Definitive Screening Design,904,17
X1,X1,0.09801339013914943,Definitive Screening Design,905,17
X2,X2,0.6011756541631262,Definitive Screening Design,905,17
X3 (non-informative),X3,0.1470491212787287,Definitive Screening Design,905,17
Random Normal,Random Normal,0.15376183441899563,Definitive Screening Design,905,17
X1,X1,0.08498932623455144,Definitive Screening Design,906,17
X2,X2,0.6050384164614536,Definitive Screening Design,906,17
X3 (non-informative),X3,0.1503616272767793,Definitive Screening Design,906,17
Random Normal,Random Normal,0.15961063002721557,Definitive Screening Design,906,17
X1,X1,0.0676011584956494,Definitive Screening Design,907,17
X2,X2,0.5518664339883611,Definitive Screening Design,907,17
X3 (non-informative),X3,0.1309649709207341,Definitive Screening Design,907,17
Random Normal,Random Normal,0.2495674365952554,Definitive Screening Design,907,17
X1,X1,0.044387618273830205,Definitive Screening Design,908,17
X2,X2,0.5420900605606652,Definitive Screening Design,908,17
X3 (non-informative),X3,0.08013394073604067,Definitive Screening Design,908,17
Random Normal,Random Normal,0.33338838042946384,Definitive Screening Design,908,17
X1,X1,0.06822783148408182,Definitive Screening Design,909,17
X2,X2,0.5816640923441304,Definitive Screening Design,909,17
X3 (non-informative),X3,0.09673319302572525,Definitive Screening Design,909,17
Random Normal,Random Normal,0.25337488314606255,Definitive Screening Design,909,17
X1,X1,0.060819454611800924,Definitive Screening Design,910,17
X2,X2,0.6714214765173591,Definitive Screening Design,910,17
X3 (non-informative),X3,0.11769889481410169,Definitive Screening Design,910,17
Random Normal,Random Normal,0.1500601740567383,Definitive Screening Design,910,17
X1,X1,0.07245209591189503,Definitive Screening Design,911,17
X2,X2,0.6093754763044112,Definitive Screening Design,911,17
X3 (non-informative),X3,0.13121827825086566,Definitive Screening Design,911,17
Random Normal,Random Normal,0.18695414953282807,Definitive Screening Design,911,17
X1,X1,0.06943961090036739,Definitive Screening Design,912,17
X2,X2,0.6491767673418587,Definitive Screening Design,912,17
X3 (non-informative),X3,0.1396760801270333,Definitive Screening Design,912,17
Random Normal,Random Normal,0.1417075416307406,Definitive Screening Design,912,17
X1,X1,0.06437208838327418,Definitive Screening Design,913,17
X2,X2,0.6228009544569743,Definitive Screening Design,913,17
X3 (non-informative),X3,0.13796599974371024,Definitive Screening Design,913,17
Random Normal,Random Normal,0.1748609574160412,Definitive Screening Design,913,17
X1,X1,0.04921520482502302,Definitive Screening Design,914,17
X2,X2,0.6819853333884017,Definitive Screening Design,914,17
X3 (non-informative),X3,0.10148367975587741,Definitive Screening Design,914,17
Random Normal,Random Normal,0.1673157820306978,Definitive Screening Design,914,17
X1,X1,0.06450213624916219,Definitive Screening Design,915,17
X2,X2,0.6456511384072836,Definitive Screening Design,915,17
X3 (non-informative),X3,0.06008858678075023,Definitive Screening Design,915,17
Random Normal,Random Normal,0.22975813856280397,Definitive Screening Design,915,17
X1,X1,0.05538461907419316,Definitive Screening Design,916,17
X2,X2,0.6606604710917494,Definitive Screening Design,916,17
X3 (non-informative),X3,0.06862074975364138,Definitive Screening Design,916,17
Random Normal,Random Normal,0.21533416008041614,Definitive Screening Design,916,17
X1,X1,0.13821675198984573,Definitive Screening Design,917,17
X2,X2,0.5475551036018859,Definitive Screening Design,917,17
X3 (non-informative),X3,0.09155658837794649,Definitive Screening Design,917,17
Random Normal,Random Normal,0.22267155603032188,Definitive Screening Design,917,17
X1,X1,0.049422420003076985,Definitive Screening Design,918,17
X2,X2,0.605599523725752,Definitive Screening Design,918,17
X3 (non-informative),X3,0.08362861316448097,Definitive Screening Design,918,17
Random Normal,Random Normal,0.26134944310668995,Definitive Screening Design,918,17
X1,X1,0.09699014505887339,Definitive Screening Design,919,17
X2,X2,0.6289758334155254,Definitive Screening Design,919,17
X3 (non-informative),X3,0.1482097315430696,Definitive Screening Design,919,17
Random Normal,Random Normal,0.12582428998253165,Definitive Screening Design,919,17
X1,X1,0.08290409684387447,Definitive Screening Design,920,17
X2,X2,0.6150628697932052,Definitive Screening Design,920,17
X3 (non-informative),X3,0.1591172854418411,Definitive Screening Design,920,17
Random Normal,Random Normal,0.1429157479210791,Definitive Screening Design,920,17
X1,X1,0.07956603960985702,Definitive Screening Design,921,17
X2,X2,0.5859914272867234,Definitive Screening Design,921,17
X3 (non-informative),X3,0.11400235654401968,Definitive Screening Design,921,17
Random Normal,Random Normal,0.22044017655939993,Definitive Screening Design,921,17
X1,X1,0.03367049216110611,Definitive Screening Design,922,17
X2,X2,0.6475603998134124,Definitive Screening Design,922,17
X3 (non-informative),X3,0.13733090051928185,Definitive Screening Design,922,17
Random Normal,Random Normal,0.1814382075061997,Definitive Screening Design,922,17
X1,X1,0.0557026428625264,Definitive Screening Design,923,17
X2,X2,0.5911117485654298,Definitive Screening Design,923,17
X3 (non-informative),X3,0.09240215950456725,Definitive Screening Design,923,17
Random Normal,Random Normal,0.2607834490674766,Definitive Screening Design,923,17
X1,X1,0.0451843396442612,Definitive Screening Design,924,17
X2,X2,0.5222840540393101,Definitive Screening Design,924,17
X3 (non-informative),X3,0.18449857662357494,Definitive Screening Design,924,17
Random Normal,Random Normal,0.2480330296928538,Definitive Screening Design,924,17
X1,X1,0.07822591932765567,Definitive Screening Design,925,17
X2,X2,0.6470133790599917,Definitive Screening Design,925,17
X3 (non-informative),X3,0.16843522655749707,Definitive Screening Design,925,17
Random Normal,Random Normal,0.10632547505485551,Definitive Screening Design,925,17
X1,X1,0.08726074942988746,Definitive Screening Design,926,17
X2,X2,0.6749483337057337,Definitive Screening Design,926,17
X3 (non-informative),X3,0.13193444103511626,Definitive Screening Design,926,17
Random Normal,Random Normal,0.10585647582926254,Definitive Screening Design,926,17
X1,X1,0.07713293176407926,Definitive Screening Design,927,17
X2,X2,0.6441669755056921,Definitive Screening Design,927,17
X3 (non-informative),X3,0.10339394271145734,Definitive Screening Design,927,17
Random Normal,Random Normal,0.17530615001877128,Definitive Screening Design,927,17
X1,X1,0.057752342904213924,Definitive Screening Design,928,17
X2,X2,0.6274305986205064,Definitive Screening Design,928,17
X3 (non-informative),X3,0.1026601078954507,Definitive Screening Design,928,17
Random Normal,Random Normal,0.2121569505798289,Definitive Screening Design,928,17
X1,X1,0.048263650979999795,Definitive Screening Design,929,17
X2,X2,0.6113955467487412,Definitive Screening Design,929,17
X3 (non-informative),X3,0.07350255027674259,Definitive Screening Design,929,17
Random Normal,Random Normal,0.26683825199451644,Definitive Screening Design,929,17
X1,X1,0.047119876717078804,Definitive Screening Design,930,17
X2,X2,0.6640373136600468,Definitive Screening Design,930,17
X3 (non-informative),X3,0.09368307611749521,Definitive Screening Design,930,17
Random Normal,Random Normal,0.19515973350537927,Definitive Screening Design,930,17
X1,X1,0.05633385993878192,Definitive Screening Design,931,17
X2,X2,0.6645053198370177,Definitive Screening Design,931,17
X3 (non-informative),X3,0.10346565044361516,Definitive Screening Design,931,17
Random Normal,Random Normal,0.17569516978058528,Definitive Screening Design,931,17
X1,X1,0.055172200249357484,Definitive Screening Design,932,17
X2,X2,0.614319645273421,Definitive Screening Design,932,17
X3 (non-informative),X3,0.1264276113624352,Definitive Screening Design,932,17
Random Normal,Random Normal,0.20408054311478635,Definitive Screening Design,932,17
X1,X1,0.05121529576925299,Definitive Screening Design,933,17
X2,X2,0.6247361148965074,Definitive Screening Design,933,17
X3 (non-informative),X3,0.11797049570061596,Definitive Screening Design,933,17
Random Normal,Random Normal,0.20607809363362364,Definitive Screening Design,933,17
X1,X1,0.08877223082183658,Definitive Screening Design,934,17
X2,X2,0.6091588486394969,Definitive Screening Design,934,17
X3 (non-informative),X3,0.08935490854700338,Definitive Screening Design,934,17
Random Normal,Random Normal,0.21271401199166326,Definitive Screening Design,934,17
X1,X1,0.05408064664444919,Definitive Screening Design,935,17
X2,X2,0.6245200848921656,Definitive Screening Design,935,17
X3 (non-informative),X3,0.11230578432764589,Definitive Screening Design,935,17
Random Normal,Random Normal,0.20909348413573936,Definitive Screening Design,935,17
X1,X1,0.04842235279572398,Definitive Screening Design,936,17
X2,X2,0.5778964447751641,Definitive Screening Design,936,17
X3 (non-informative),X3,0.09921325018585295,Definitive Screening Design,936,17
Random Normal,Random Normal,0.2744679522432589,Definitive Screening Design,936,17
X1,X1,0.04992076158407104,Definitive Screening Design,937,17
X2,X2,0.6108007248846948,Definitive Screening Design,937,17
X3 (non-informative),X3,0.1270297937160635,Definitive Screening Design,937,17
Random Normal,Random Normal,0.21224871981517063,Definitive Screening Design,937,17
X1,X1,0.06399654261602378,Definitive Screening Design,938,17
X2,X2,0.5898971387619096,Definitive Screening Design,938,17
X3 (non-informative),X3,0.08574168176712585,Definitive Screening Design,938,17
Random Normal,Random Normal,0.2603646368549406,Definitive Screening Design,938,17
X1,X1,0.06475899094255312,Definitive Screening Design,939,17
X2,X2,0.6405907614156663,Definitive Screening Design,939,17
X3 (non-informative),X3,0.11780260238814456,Definitive Screening Design,939,17
Random Normal,Random Normal,0.17684764525363614,Definitive Screening Design,939,17
X1,X1,0.08535830704113388,Definitive Screening Design,940,17
X2,X2,0.6058218695329951,Definitive Screening Design,940,17
X3 (non-informative),X3,0.11192215656503737,Definitive Screening Design,940,17
Random Normal,Random Normal,0.19689766686083365,Definitive Screening Design,940,17
X1,X1,0.05173681822593336,Definitive Screening Design,941,17
X2,X2,0.680185212428404,Definitive Screening Design,941,17
X3 (non-informative),X3,0.09337280787535046,Definitive Screening Design,941,17
Random Normal,Random Normal,0.17470516147031215,Definitive Screening Design,941,17
X1,X1,0.08262826947252845,Definitive Screening Design,942,17
X2,X2,0.6699683379102674,Definitive Screening Design,942,17
X3 (non-informative),X3,0.12390387277975726,Definitive Screening Design,942,17
Random Normal,Random Normal,0.12349951983744686,Definitive Screening Design,942,17
X1,X1,0.0871984157764728,Definitive Screening Design,943,17
X2,X2,0.6177141092313324,Definitive Screening Design,943,17
X3 (non-informative),X3,0.12749014004453046,Definitive Screening Design,943,17
Random Normal,Random Normal,0.16759733494766427,Definitive Screening Design,943,17
X1,X1,0.07430804314367975,Definitive Screening Design,944,17
X2,X2,0.6430338976792216,Definitive Screening Design,944,17
X3 (non-informative),X3,0.09654842693219953,Definitive Screening Design,944,17
Random Normal,Random Normal,0.1861096322448989,Definitive Screening Design,944,17
X1,X1,0.0552775122376129,Definitive Screening Design,945,17
X2,X2,0.6670323790757169,Definitive Screening Design,945,17
X3 (non-informative),X3,0.10606784125095454,Definitive Screening Design,945,17
Random Normal,Random Normal,0.17162226743571585,Definitive Screening Design,945,17
X1,X1,0.04664052043897455,Definitive Screening Design,946,17
X2,X2,0.6759675752631371,Definitive Screening Design,946,17
X3 (non-informative),X3,0.06449433206496202,Definitive Screening Design,946,17
Random Normal,Random Normal,0.21289757223292638,Definitive Screening Design,946,17
X1,X1,0.0710587960000267,Definitive Screening Design,947,17
X2,X2,0.6513722480699735,Definitive Screening Design,947,17
X3 (non-informative),X3,0.11906521487204325,Definitive Screening Design,947,17
Random Normal,Random Normal,0.1585037410579566,Definitive Screening Design,947,17
X1,X1,0.08960435582953125,Definitive Screening Design,948,17
X2,X2,0.5646883992086336,Definitive Screening Design,948,17
X3 (non-informative),X3,0.1293369953899377,Definitive Screening Design,948,17
Random Normal,Random Normal,0.21637024957189754,Definitive Screening Design,948,17
X1,X1,0.03295197286420564,Definitive Screening Design,949,17
X2,X2,0.690023309242376,Definitive Screening Design,949,17
X3 (non-informative),X3,0.1539741841962726,Definitive Screening Design,949,17
Random Normal,Random Normal,0.12305053369714586,Definitive Screening Design,949,17
X1,X1,0.04389273418263001,Definitive Screening Design,950,17
X2,X2,0.5309257956927604,Definitive Screening Design,950,17
X3 (non-informative),X3,0.05482860107391878,Definitive Screening Design,950,17
Random Normal,Random Normal,0.37035286905069076,Definitive Screening Design,950,17
X1,X1,0.07077131532337956,Definitive Screening Design,951,17
X2,X2,0.5440118457532522,Definitive Screening Design,951,17
X3 (non-informative),X3,0.10610405141925085,Definitive Screening Design,951,17
Random Normal,Random Normal,0.2791127875041175,Definitive Screening Design,951,17
X1,X1,0.0785717517908176,Definitive Screening Design,952,17
X2,X2,0.6492070324898039,Definitive Screening Design,952,17
X3 (non-informative),X3,0.09011040188964632,Definitive Screening Design,952,17
Random Normal,Random Normal,0.18211081382973218,Definitive Screening Design,952,17
X1,X1,0.09099858282337467,Definitive Screening Design,953,17
X2,X2,0.6243808552176259,Definitive Screening Design,953,17
X3 (non-informative),X3,0.10489737395806105,Definitive Screening Design,953,17
Random Normal,Random Normal,0.17972318800093837,Definitive Screening Design,953,17
X1,X1,0.06673665817293477,Definitive Screening Design,954,17
X2,X2,0.6785563035149137,Definitive Screening Design,954,17
X3 (non-informative),X3,0.08364658009492129,Definitive Screening Design,954,17
Random Normal,Random Normal,0.17106045821723015,Definitive Screening Design,954,17
X1,X1,0.02795648758530008,Definitive Screening Design,955,17
X2,X2,0.5129576229703087,Definitive Screening Design,955,17
X3 (non-informative),X3,0.06930412157487126,Definitive Screening Design,955,17
Random Normal,Random Normal,0.38978176786951996,Definitive Screening Design,955,17
X1,X1,0.056562857225360606,Definitive Screening Design,956,17
X2,X2,0.6638019308934553,Definitive Screening Design,956,17
X3 (non-informative),X3,0.09447276291259049,Definitive Screening Design,956,17
Random Normal,Random Normal,0.18516244896859355,Definitive Screening Design,956,17
X1,X1,0.0716799266585222,Definitive Screening Design,957,17
X2,X2,0.5910056666764215,Definitive Screening Design,957,17
X3 (non-informative),X3,0.08280508593268186,Definitive Screening Design,957,17
Random Normal,Random Normal,0.25450932073237453,Definitive Screening Design,957,17
X1,X1,0.09057518723119569,Definitive Screening Design,958,17
X2,X2,0.6278216536253736,Definitive Screening Design,958,17
X3 (non-informative),X3,0.16164822045054789,Definitive Screening Design,958,17
Random Normal,Random Normal,0.11995493869288286,Definitive Screening Design,958,17
X1,X1,0.03995936577129477,Definitive Screening Design,959,17
X2,X2,0.6683049188664775,Definitive Screening Design,959,17
X3 (non-informative),X3,0.1078440456597056,Definitive Screening Design,959,17
Random Normal,Random Normal,0.1838916697025221,Definitive Screening Design,959,17
X1,X1,0.09452462392761038,Definitive Screening Design,960,17
X2,X2,0.6433664121418284,Definitive Screening Design,960,17
X3 (non-informative),X3,0.14566260402834103,Definitive Screening Design,960,17
Random Normal,Random Normal,0.11644635990222021,Definitive Screening Design,960,17
X1,X1,0.07031845235086544,Definitive Screening Design,961,17
X2,X2,0.6437759972533234,Definitive Screening Design,961,17
X3 (non-informative),X3,0.11758594760306507,Definitive Screening Design,961,17
Random Normal,Random Normal,0.1683196027927461,Definitive Screening Design,961,17
X1,X1,0.06028711041604244,Definitive Screening Design,962,17
X2,X2,0.5895300362156252,Definitive Screening Design,962,17
X3 (non-informative),X3,0.08125574929331764,Definitive Screening Design,962,17
Random Normal,Random Normal,0.26892710407501474,Definitive Screening Design,962,17
X1,X1,0.09342103354219491,Definitive Screening Design,963,17
X2,X2,0.6707769011300444,Definitive Screening Design,963,17
X3 (non-informative),X3,0.14258129378241685,Definitive Screening Design,963,17
Random Normal,Random Normal,0.0932207715453438,Definitive Screening Design,963,17
X1,X1,0.07878748760345676,Definitive Screening Design,964,17
X2,X2,0.5893031601000234,Definitive Screening Design,964,17
X3 (non-informative),X3,0.1711944469499971,Definitive Screening Design,964,17
Random Normal,Random Normal,0.16071490534652286,Definitive Screening Design,964,17
X1,X1,0.030667315145951952,Definitive Screening Design,965,17
X2,X2,0.6035352986629121,Definitive Screening Design,965,17
X3 (non-informative),X3,0.0763143816999296,Definitive Screening Design,965,17
Random Normal,Random Normal,0.2894830044912064,Definitive Screening Design,965,17
X1,X1,0.07485751316403023,Definitive Screening Design,966,17
X2,X2,0.5884087647249026,Definitive Screening Design,966,17
X3 (non-informative),X3,0.13663305363162664,Definitive Screening Design,966,17
Random Normal,Random Normal,0.20010066847944052,Definitive Screening Design,966,17
X1,X1,0.07037671695741246,Definitive Screening Design,967,17
X2,X2,0.6063987497165887,Definitive Screening Design,967,17
X3 (non-informative),X3,0.12439886219704921,Definitive Screening Design,967,17
Random Normal,Random Normal,0.1988256711289496,Definitive Screening Design,967,17
X1,X1,0.06954327743321882,Definitive Screening Design,968,17
X2,X2,0.6748374331546726,Definitive Screening Design,968,17
X3 (non-informative),X3,0.11788723368519087,Definitive Screening Design,968,17
Random Normal,Random Normal,0.13773205572691777,Definitive Screening Design,968,17
X1,X1,0.08194831727556061,Definitive Screening Design,969,17
X2,X2,0.6676202027739241,Definitive Screening Design,969,17
X3 (non-informative),X3,0.1213739277649542,Definitive Screening Design,969,17
Random Normal,Random Normal,0.12905755218556117,Definitive Screening Design,969,17
X1,X1,0.061080672458268044,Definitive Screening Design,970,17
X2,X2,0.5077644668836526,Definitive Screening Design,970,17
X3 (non-informative),X3,0.06400614792619927,Definitive Screening Design,970,17
Random Normal,Random Normal,0.3671487127318801,Definitive Screening Design,970,17
X1,X1,0.06222204753157661,Definitive Screening Design,971,17
X2,X2,0.587626782079415,Definitive Screening Design,971,17
X3 (non-informative),X3,0.0923026740264531,Definitive Screening Design,971,17
Random Normal,Random Normal,0.25784849636255536,Definitive Screening Design,971,17
X1,X1,0.042680743639081184,Definitive Screening Design,972,17
X2,X2,0.6313469913685025,Definitive Screening Design,972,17
X3 (non-informative),X3,0.08438042779766419,Definitive Screening Design,972,17
Random Normal,Random Normal,0.24159183719475213,Definitive Screening Design,972,17
X1,X1,0.07006683201886753,Definitive Screening Design,973,17
X2,X2,0.5757276067753824,Definitive Screening Design,973,17
X3 (non-informative),X3,0.09019485982888192,Definitive Screening Design,973,17
Random Normal,Random Normal,0.26401070137686816,Definitive Screening Design,973,17
X1,X1,0.06121375385844376,Definitive Screening Design,974,17
X2,X2,0.7108542648766062,Definitive Screening Design,974,17
X3 (non-informative),X3,0.15774990131073346,Definitive Screening Design,974,17
Random Normal,Random Normal,0.07018207995421649,Definitive Screening Design,974,17
X1,X1,0.047949226531610954,Definitive Screening Design,975,17
X2,X2,0.6299818614513341,Definitive Screening Design,975,17
X3 (non-informative),X3,0.11260683748190388,Definitive Screening Design,975,17
Random Normal,Random Normal,0.20946207453515117,Definitive Screening Design,975,17
X1,X1,0.039824552665075695,Definitive Screening Design,976,17
X2,X2,0.6088033142253289,Definitive Screening Design,976,17
X3 (non-informative),X3,0.06970759253759475,Definitive Screening Design,976,17
Random Normal,Random Normal,0.28166454057200063,Definitive Screening Design,976,17
X1,X1,0.07109739235477965,Definitive Screening Design,977,17
X2,X2,0.61588332871389,Definitive Screening Design,977,17
X3 (non-informative),X3,0.16023712650557115,Definitive Screening Design,977,17
Random Normal,Random Normal,0.15278215242575918,Definitive Screening Design,977,17
X1,X1,0.037617382127604744,Definitive Screening Design,978,17
X2,X2,0.4987311801583866,Definitive Screening Design,978,17
X3 (non-informative),X3,0.06761400629828182,Definitive Screening Design,978,17
Random Normal,Random Normal,0.3960374314157267,Definitive Screening Design,978,17
X1,X1,0.06598917084700673,Definitive Screening Design,979,17
X2,X2,0.656469452597496,Definitive Screening Design,979,17
X3 (non-informative),X3,0.1325651786089414,Definitive Screening Design,979,17
Random Normal,Random Normal,0.1449761979465559,Definitive Screening Design,979,17
X1,X1,0.10032395762497119,Definitive Screening Design,980,17
X2,X2,0.570067444073478,Definitive Screening Design,980,17
X3 (non-informative),X3,0.11092033805431795,Definitive Screening Design,980,17
Random Normal,Random Normal,0.21868826024723306,Definitive Screening Design,980,17
X1,X1,0.06118272610004168,Definitive Screening Design,981,17
X2,X2,0.6584755112808653,Definitive Screening Design,981,17
X3 (non-informative),X3,0.08830162600742875,Definitive Screening Design,981,17
Random Normal,Random Normal,0.1920401366116642,Definitive Screening Design,981,17
X1,X1,0.08957130828611673,Definitive Screening Design,982,17
X2,X2,0.5976325712238262,Definitive Screening Design,982,17
X3 (non-informative),X3,0.10139844784210918,Definitive Screening Design,982,17
Random Normal,Random Normal,0.21139767264794798,Definitive Screening Design,982,17
X1,X1,0.06910271162257903,Definitive Screening Design,983,17
X2,X2,0.530168993079776,Definitive Screening Design,983,17
X3 (non-informative),X3,0.0898589623105998,Definitive Screening Design,983,17
Random Normal,Random Normal,0.3108693329870452,Definitive Screening Design,983,17
X1,X1,0.06021950774651023,Definitive Screening Design,984,17
X2,X2,0.6971479442081729,Definitive Screening Design,984,17
X3 (non-informative),X3,0.10572178894821725,Definitive Screening Design,984,17
Random Normal,Random Normal,0.13691075909709952,Definitive Screening Design,984,17
X1,X1,0.05512777320256551,Definitive Screening Design,985,17
X2,X2,0.6582189611314696,Definitive Screening Design,985,17
X3 (non-informative),X3,0.10848701812622784,Definitive Screening Design,985,17
Random Normal,Random Normal,0.17816624753973714,Definitive Screening Design,985,17
X1,X1,0.06581548320288873,Definitive Screening Design,986,17
X2,X2,0.6185333113533413,Definitive Screening Design,986,17
X3 (non-informative),X3,0.1454449413796532,Definitive Screening Design,986,17
Random Normal,Random Normal,0.17020626406411685,Definitive Screening Design,986,17
X1,X1,0.08480373906054217,Definitive Screening Design,987,17
X2,X2,0.658351595872254,Definitive Screening Design,987,17
X3 (non-informative),X3,0.10806947330270736,Definitive Screening Design,987,17
Random Normal,Random Normal,0.14877519176449644,Definitive Screening Design,987,17
X1,X1,0.0513022063757161,Definitive Screening Design,988,17
X2,X2,0.6232647207487972,Definitive Screening Design,988,17
X3 (non-informative),X3,0.1424655721580691,Definitive Screening Design,988,17
Random Normal,Random Normal,0.18296750071741755,Definitive Screening Design,988,17
X1,X1,0.07439097452460847,Definitive Screening Design,989,17
X2,X2,0.6370334569534902,Definitive Screening Design,989,17
X3 (non-informative),X3,0.08294173524986308,Definitive Screening Design,989,17
Random Normal,Random Normal,0.20563383327203838,Definitive Screening Design,989,17
X1,X1,0.07128626117979667,Definitive Screening Design,990,17
X2,X2,0.6270686987054604,Definitive Screening Design,990,17
X3 (non-informative),X3,0.15210317435653273,Definitive Screening Design,990,17
Random Normal,Random Normal,0.14954186575821005,Definitive Screening Design,990,17
X1,X1,0.03943810139005831,Definitive Screening Design,991,17
X2,X2,0.6828207547352495,Definitive Screening Design,991,17
X3 (non-informative),X3,0.0875009452101843,Definitive Screening Design,991,17
Random Normal,Random Normal,0.19024019866450795,Definitive Screening Design,991,17
X1,X1,0.06067363730993134,Definitive Screening Design,992,17
X2,X2,0.6354068665353378,Definitive Screening Design,992,17
X3 (non-informative),X3,0.14662226728422983,Definitive Screening Design,992,17
Random Normal,Random Normal,0.15729722887050093,Definitive Screening Design,992,17
X1,X1,0.09115457537320126,Definitive Screening Design,993,17
X2,X2,0.5800890779625947,Definitive Screening Design,993,17
X3 (non-informative),X3,0.09754462225138422,Definitive Screening Design,993,17
Random Normal,Random Normal,0.23121172441281984,Definitive Screening Design,993,17
X1,X1,0.059613390200774705,Definitive Screening Design,994,17
X2,X2,0.6656463467820658,Definitive Screening Design,994,17
X3 (non-informative),X3,0.09594701931396277,Definitive Screening Design,994,17
Random Normal,Random Normal,0.17879324370319657,Definitive Screening Design,994,17
X1,X1,0.06237250239786936,Definitive Screening Design,995,17
X2,X2,0.6842089805910047,Definitive Screening Design,995,17
X3 (non-informative),X3,0.10526850975930364,Definitive Screening Design,995,17
Random Normal,Random Normal,0.1481500072518224,Definitive Screening Design,995,17
X1,X1,0.04928632152035836,Definitive Screening Design,996,17
X2,X2,0.6124353592801213,Definitive Screening Design,996,17
X3 (non-informative),X3,0.08828609653195048,Definitive Screening Design,996,17
Random Normal,Random Normal,0.2499922226675699,Definitive Screening Design,996,17
X1,X1,0.07356090020802293,Definitive Screening Design,997,17
X2,X2,0.5965019535654471,Definitive Screening Design,997,17
X3 (non-informative),X3,0.1366173967741999,Definitive Screening Design,997,17
Random Normal,Random Normal,0.1933197494523301,Definitive Screening Design,997,17
X1,X1,0.042426353741936804,Definitive Screening Design,998,17
X2,X2,0.6300615469836524,Definitive Screening Design,998,17
X3 (non-informative),X3,0.1169636289209924,Definitive Screening Design,998,17
Random Normal,Random Normal,0.2105484703534184,Definitive Screening Design,998,17
X1,X1,0.07449115691369458,Definitive Screening Design,999,17
X2,X2,0.5533720265620148,Definitive Screening Design,999,17
X3 (non-informative),X3,0.09375722538096026,Definitive Screening Design,999,17
Random Normal,Random Normal,0.2783795911433304,Definitive Screening Design,999,17
X1,X1,0.06877275820963226,Definitive Screening Design,1000,17
X2,X2,0.6549994452570825,Definitive Screening Design,1000,17
X3 (non-informative),X3,0.14816970815445044,Definitive Screening Design,1000,17
Random Normal,Random Normal,0.1280580883788348,Definitive Screening Design,1000,17
X1,X1,0.14217701413456216,RSM (I-optimal),1,16
X2,X2,0.4557027232971008,RSM (I-optimal),1,16
X3 (non-informative),X3,0.034884679174241776,RSM (I-optimal),1,16
Random Normal,Random Normal,0.36723558339409523,RSM (I-optimal),1,16
X1,X1,0.26365067570700795,RSM (I-optimal),2,16
X2,X2,0.5495661430412941,RSM (I-optimal),2,16
X3 (non-informative),X3,0.05122043252008721,RSM (I-optimal),2,16
Random Normal,Random Normal,0.13556274873161075,RSM (I-optimal),2,16
X1,X1,0.25750615514896436,RSM (I-optimal),3,16
X2,X2,0.5544083645846996,RSM (I-optimal),3,16
X3 (non-informative),X3,0.048137979838208715,RSM (I-optimal),3,16
Random Normal,Random Normal,0.13994750042812737,RSM (I-optimal),3,16
X1,X1,0.14417247532316133,RSM (I-optimal),4,16
X2,X2,0.4701921729838631,RSM (I-optimal),4,16
X3 (non-informative),X3,0.04346276311194708,RSM (I-optimal),4,16
Random Normal,Random Normal,0.3421725885810285,RSM (I-optimal),4,16
X1,X1,0.19553609187822632,RSM (I-optimal),5,16
X2,X2,0.57392068187398,RSM (I-optimal),5,16
X3 (non-informative),X3,0.028752468399749563,RSM (I-optimal),5,16
Random Normal,Random Normal,0.201790757848044,RSM (I-optimal),5,16
X1,X1,0.11083332123969057,RSM (I-optimal),6,16
X2,X2,0.42187437034617353,RSM (I-optimal),6,16
X3 (non-informative),X3,0.038866448297523885,RSM (I-optimal),6,16
Random Normal,Random Normal,0.42842586011661205,RSM (I-optimal),6,16
X1,X1,0.2728078216532714,RSM (I-optimal),7,16
X2,X2,0.5707465446326714,RSM (I-optimal),7,16
X3 (non-informative),X3,0.03374299664385369,RSM (I-optimal),7,16
Random Normal,Random Normal,0.1227026370702035,RSM (I-optimal),7,16
X1,X1,0.15140409056719237,RSM (I-optimal),8,16
X2,X2,0.4656302768034138,RSM (I-optimal),8,16
X3 (non-informative),X3,0.03394798191741131,RSM (I-optimal),8,16
Random Normal,Random Normal,0.3490176507119825,RSM (I-optimal),8,16
X1,X1,0.33632428596957703,RSM (I-optimal),9,16
X2,X2,0.48887878771323895,RSM (I-optimal),9,16
X3 (non-informative),X3,0.037679570848715156,RSM (I-optimal),9,16
Random Normal,Random Normal,0.13711735546846887,RSM (I-optimal),9,16
X1,X1,0.2708105806765302,RSM (I-optimal),10,16
X2,X2,0.4819096430798309,RSM (I-optimal),10,16
X3 (non-informative),X3,0.026309684717389432,RSM (I-optimal),10,16
Random Normal,Random Normal,0.22097009152624944,RSM (I-optimal),10,16
X1,X1,0.2615691307017967,RSM (I-optimal),11,16
X2,X2,0.5218533174299873,RSM (I-optimal),11,16
X3 (non-informative),X3,0.04313185208537216,RSM (I-optimal),11,16
Random Normal,Random Normal,0.17344569978284383,RSM (I-optimal),11,16
X1,X1,0.1178782645693867,RSM (I-optimal),12,16
X2,X2,0.45642121377618305,RSM (I-optimal),12,16
X3 (non-informative),X3,0.04053348900677478,RSM (I-optimal),12,16
Random Normal,Random Normal,0.38516703264765556,RSM (I-optimal),12,16
X1,X1,0.267481993205696,RSM (I-optimal),13,16
X2,X2,0.4737820513446346,RSM (I-optimal),13,16
X3 (non-informative),X3,0.03265646605156405,RSM (I-optimal),13,16
Random Normal,Random Normal,0.22607948939810535,RSM (I-optimal),13,16
X1,X1,0.23148065306150678,RSM (I-optimal),14,16
X2,X2,0.48268313337681795,RSM (I-optimal),14,16
X3 (non-informative),X3,0.02493107264032321,RSM (I-optimal),14,16
Random Normal,Random Normal,0.2609051409213519,RSM (I-optimal),14,16
X1,X1,0.25019906371642847,RSM (I-optimal),15,16
X2,X2,0.6290504779220513,RSM (I-optimal),15,16
X3 (non-informative),X3,0.021980472673423703,RSM (I-optimal),15,16
Random Normal,Random Normal,0.09876998568809651,RSM (I-optimal),15,16
X1,X1,0.2102260137193036,RSM (I-optimal),16,16
X2,X2,0.5956674991563261,RSM (I-optimal),16,16
X3 (non-informative),X3,0.001735989104567204,RSM (I-optimal),16,16
Random Normal,Random Normal,0.19237049801980305,RSM (I-optimal),16,16
X1,X1,0.17093490253415822,RSM (I-optimal),17,16
X2,X2,0.42723976292549865,RSM (I-optimal),17,16
X3 (non-informative),X3,0.0460111828803473,RSM (I-optimal),17,16
Random Normal,Random Normal,0.35581415165999586,RSM (I-optimal),17,16
X1,X1,0.28520900604682364,RSM (I-optimal),18,16
X2,X2,0.5334916126728407,RSM (I-optimal),18,16
X3 (non-informative),X3,0.03936438281363015,RSM (I-optimal),18,16
Random Normal,Random Normal,0.1419349984667055,RSM (I-optimal),18,16
X1,X1,0.22209961864397842,RSM (I-optimal),19,16
X2,X2,0.513197795939313,RSM (I-optimal),19,16
X3 (non-informative),X3,0.03554133917495571,RSM (I-optimal),19,16
Random Normal,Random Normal,0.22916124624175283,RSM (I-optimal),19,16
X1,X1,0.0764186147501723,RSM (I-optimal),20,16
X2,X2,0.3343324641367116,RSM (I-optimal),20,16
X3 (non-informative),X3,0.02688022271531267,RSM (I-optimal),20,16
Random Normal,Random Normal,0.5623686983978035,RSM (I-optimal),20,16
X1,X1,0.2943871901695914,RSM (I-optimal),21,16
X2,X2,0.5610725403379834,RSM (I-optimal),21,16
X3 (non-informative),X3,0.023173600394719322,RSM (I-optimal),21,16
Random Normal,Random Normal,0.12136666909770591,RSM (I-optimal),21,16
X1,X1,0.17215266425067113,RSM (I-optimal),22,16
X2,X2,0.5210178077269223,RSM (I-optimal),22,16
X3 (non-informative),X3,0.03206384310867885,RSM (I-optimal),22,16
Random Normal,Random Normal,0.27476568491372777,RSM (I-optimal),22,16
X1,X1,0.320782855071489,RSM (I-optimal),23,16
X2,X2,0.48291129772561225,RSM (I-optimal),23,16
X3 (non-informative),X3,0.020868420930294635,RSM (I-optimal),23,16
Random Normal,Random Normal,0.17543742627260414,RSM (I-optimal),23,16
X1,X1,0.24589945779054032,RSM (I-optimal),24,16
X2,X2,0.5551710388709301,RSM (I-optimal),24,16
X3 (non-informative),X3,0.02524732986352191,RSM (I-optimal),24,16
Random Normal,Random Normal,0.17368217347500775,RSM (I-optimal),24,16
X1,X1,0.3289384245321085,RSM (I-optimal),25,16
X2,X2,0.5537296704601646,RSM (I-optimal),25,16
X3 (non-informative),X3,0.025955551799869424,RSM (I-optimal),25,16
Random Normal,Random Normal,0.09137635320785753,RSM (I-optimal),25,16
X1,X1,0.30218746178600875,RSM (I-optimal),26,16
X2,X2,0.5512908248838408,RSM (I-optimal),26,16
X3 (non-informative),X3,0.02083262083959022,RSM (I-optimal),26,16
Random Normal,Random Normal,0.12568909249056026,RSM (I-optimal),26,16
X1,X1,0.3126876739956461,RSM (I-optimal),27,16
X2,X2,0.49004629687395806,RSM (I-optimal),27,16
X3 (non-informative),X3,0.025840626291517087,RSM (I-optimal),27,16
Random Normal,Random Normal,0.1714254028388787,RSM (I-optimal),27,16
X1,X1,0.250966306064045,RSM (I-optimal),28,16
X2,X2,0.5586696391060313,RSM (I-optimal),28,16
X3 (non-informative),X3,0.03450869993895561,RSM (I-optimal),28,16
Random Normal,Random Normal,0.155855354890968,RSM (I-optimal),28,16
X1,X1,0.24308623237212787,RSM (I-optimal),29,16
X2,X2,0.5511168391997003,RSM (I-optimal),29,16
X3 (non-informative),X3,0.03536611317409438,RSM (I-optimal),29,16
Random Normal,Random Normal,0.17043081525407736,RSM (I-optimal),29,16
X1,X1,0.28517324616699946,RSM (I-optimal),30,16
X2,X2,0.4552254351578623,RSM (I-optimal),30,16
X3 (non-informative),X3,0.03279074399424525,RSM (I-optimal),30,16
Random Normal,Random Normal,0.2268105746808929,RSM (I-optimal),30,16
X1,X1,0.25543325108925247,RSM (I-optimal),31,16
X2,X2,0.5679040549115326,RSM (I-optimal),31,16
X3 (non-informative),X3,0.04504031605496025,RSM (I-optimal),31,16
Random Normal,Random Normal,0.1316223779442547,RSM (I-optimal),31,16
X1,X1,0.22085189749536066,RSM (I-optimal),32,16
X2,X2,0.5740402787322921,RSM (I-optimal),32,16
X3 (non-informative),X3,0.05904374739986119,RSM (I-optimal),32,16
Random Normal,Random Normal,0.14606407637248595,RSM (I-optimal),32,16
X1,X1,0.1584975783277633,RSM (I-optimal),33,16
X2,X2,0.39537875671593986,RSM (I-optimal),33,16
X3 (non-informative),X3,0.01859289815505974,RSM (I-optimal),33,16
Random Normal,Random Normal,0.4275307668012371,RSM (I-optimal),33,16
X1,X1,0.20875402013298006,RSM (I-optimal),34,16
X2,X2,0.5408069773250067,RSM (I-optimal),34,16
X3 (non-informative),X3,0.04637396213626603,RSM (I-optimal),34,16
Random Normal,Random Normal,0.20406504040574713,RSM (I-optimal),34,16
X1,X1,0.25074713705548324,RSM (I-optimal),35,16
X2,X2,0.5315557934251848,RSM (I-optimal),35,16
X3 (non-informative),X3,0.032142492450766204,RSM (I-optimal),35,16
Random Normal,Random Normal,0.1855545770685657,RSM (I-optimal),35,16
X1,X1,0.2123168600063726,RSM (I-optimal),36,16
X2,X2,0.5362758183264572,RSM (I-optimal),36,16
X3 (non-informative),X3,0.04483834079760965,RSM (I-optimal),36,16
Random Normal,Random Normal,0.20656898086956063,RSM (I-optimal),36,16
X1,X1,0.19611580922009986,RSM (I-optimal),37,16
X2,X2,0.5233137495367939,RSM (I-optimal),37,16
X3 (non-informative),X3,0.053532717086493035,RSM (I-optimal),37,16
Random Normal,Random Normal,0.22703772415661336,RSM (I-optimal),37,16
X1,X1,0.16349723932688295,RSM (I-optimal),38,16
X2,X2,0.6202699985342394,RSM (I-optimal),38,16
X3 (non-informative),X3,0.02562961738506132,RSM (I-optimal),38,16
Random Normal,Random Normal,0.19060314475381634,RSM (I-optimal),38,16
X1,X1,0.2683979273278658,RSM (I-optimal),39,16
X2,X2,0.5322333173970809,RSM (I-optimal),39,16
X3 (non-informative),X3,0.050436135066892596,RSM (I-optimal),39,16
Random Normal,Random Normal,0.1489326202081607,RSM (I-optimal),39,16
X1,X1,0.16802965230367703,RSM (I-optimal),40,16
X2,X2,0.6274253138408876,RSM (I-optimal),40,16
X3 (non-informative),X3,0.04962301188076172,RSM (I-optimal),40,16
Random Normal,Random Normal,0.15492202197467367,RSM (I-optimal),40,16
X1,X1,0.23166382132651958,RSM (I-optimal),41,16
X2,X2,0.5850774769101672,RSM (I-optimal),41,16
X3 (non-informative),X3,0.03538191685646821,RSM (I-optimal),41,16
Random Normal,Random Normal,0.14787678490684486,RSM (I-optimal),41,16
X1,X1,0.20313786288797697,RSM (I-optimal),42,16
X2,X2,0.4741965720020333,RSM (I-optimal),42,16
X3 (non-informative),X3,0.03192769427525443,RSM (I-optimal),42,16
Random Normal,Random Normal,0.2907378708347352,RSM (I-optimal),42,16
X1,X1,0.2384933212060916,RSM (I-optimal),43,16
X2,X2,0.5831778117235552,RSM (I-optimal),43,16
X3 (non-informative),X3,0.01831691770103316,RSM (I-optimal),43,16
Random Normal,Random Normal,0.1600119493693201,RSM (I-optimal),43,16
X1,X1,0.25216343888491477,RSM (I-optimal),44,16
X2,X2,0.5139658527055737,RSM (I-optimal),44,16
X3 (non-informative),X3,0.04492409451949442,RSM (I-optimal),44,16
Random Normal,Random Normal,0.18894661389001707,RSM (I-optimal),44,16
X1,X1,0.2290095320628483,RSM (I-optimal),45,16
X2,X2,0.5661264089713971,RSM (I-optimal),45,16
X3 (non-informative),X3,0.03091768609563001,RSM (I-optimal),45,16
Random Normal,Random Normal,0.17394637287012457,RSM (I-optimal),45,16
X1,X1,0.1899415074665577,RSM (I-optimal),46,16
X2,X2,0.543952123899179,RSM (I-optimal),46,16
X3 (non-informative),X3,0.020076122848118702,RSM (I-optimal),46,16
Random Normal,Random Normal,0.24603024578614463,RSM (I-optimal),46,16
X1,X1,0.11922988402578796,RSM (I-optimal),47,16
X2,X2,0.3396986085074181,RSM (I-optimal),47,16
X3 (non-informative),X3,0.024201921173687677,RSM (I-optimal),47,16
Random Normal,Random Normal,0.5168695862931063,RSM (I-optimal),47,16
X1,X1,0.2632780490396882,RSM (I-optimal),48,16
X2,X2,0.5434972656621426,RSM (I-optimal),48,16
X3 (non-informative),X3,0.03715932427549684,RSM (I-optimal),48,16
Random Normal,Random Normal,0.15606536102267227,RSM (I-optimal),48,16
X1,X1,0.25320646077442704,RSM (I-optimal),49,16
X2,X2,0.5266511844683205,RSM (I-optimal),49,16
X3 (non-informative),X3,0.032004893064138916,RSM (I-optimal),49,16
Random Normal,Random Normal,0.1881374616931135,RSM (I-optimal),49,16
X1,X1,0.28774914228436754,RSM (I-optimal),50,16
X2,X2,0.5785845141216975,RSM (I-optimal),50,16
X3 (non-informative),X3,0.024725858622347885,RSM (I-optimal),50,16
Random Normal,Random Normal,0.10894048497158694,RSM (I-optimal),50,16
X1,X1,0.24437309956812422,RSM (I-optimal),51,16
X2,X2,0.5170028927516918,RSM (I-optimal),51,16
X3 (non-informative),X3,0.04762064942899113,RSM (I-optimal),51,16
Random Normal,Random Normal,0.1910033582511929,RSM (I-optimal),51,16
X1,X1,0.2176068755440031,RSM (I-optimal),52,16
X2,X2,0.5722297347739121,RSM (I-optimal),52,16
X3 (non-informative),X3,0.023479687625449604,RSM (I-optimal),52,16
Random Normal,Random Normal,0.18668370205663515,RSM (I-optimal),52,16
X1,X1,0.2448909737837576,RSM (I-optimal),53,16
X2,X2,0.5909760918952842,RSM (I-optimal),53,16
X3 (non-informative),X3,0.033729509675484826,RSM (I-optimal),53,16
Random Normal,Random Normal,0.1304034246454733,RSM (I-optimal),53,16
X1,X1,0.27951233245987556,RSM (I-optimal),54,16
X2,X2,0.5057281465435294,RSM (I-optimal),54,16
X3 (non-informative),X3,0.03895552531170852,RSM (I-optimal),54,16
Random Normal,Random Normal,0.17580399568488647,RSM (I-optimal),54,16
X1,X1,0.33452701523383177,RSM (I-optimal),55,16
X2,X2,0.489660004277262,RSM (I-optimal),55,16
X3 (non-informative),X3,0.033163911374135505,RSM (I-optimal),55,16
Random Normal,Random Normal,0.14264906911477074,RSM (I-optimal),55,16
X1,X1,0.2720645380922364,RSM (I-optimal),56,16
X2,X2,0.4800112519256653,RSM (I-optimal),56,16
X3 (non-informative),X3,0.05443076645727014,RSM (I-optimal),56,16
Random Normal,Random Normal,0.1934934435248282,RSM (I-optimal),56,16
X1,X1,0.19397725029158874,RSM (I-optimal),57,16
X2,X2,0.5224566845229993,RSM (I-optimal),57,16
X3 (non-informative),X3,0.028061532217392056,RSM (I-optimal),57,16
Random Normal,Random Normal,0.2555045329680198,RSM (I-optimal),57,16
X1,X1,0.32245512941275867,RSM (I-optimal),58,16
X2,X2,0.5038694930629489,RSM (I-optimal),58,16
X3 (non-informative),X3,0.022476926945719098,RSM (I-optimal),58,16
Random Normal,Random Normal,0.15119845057857328,RSM (I-optimal),58,16
X1,X1,0.2732494722645961,RSM (I-optimal),59,16
X2,X2,0.4426086102387406,RSM (I-optimal),59,16
X3 (non-informative),X3,0.0568498323387277,RSM (I-optimal),59,16
Random Normal,Random Normal,0.22729208515793559,RSM (I-optimal),59,16
X1,X1,0.041603517786590764,RSM (I-optimal),60,16
X2,X2,0.2654491336270719,RSM (I-optimal),60,16
X3 (non-informative),X3,0.036108511251916296,RSM (I-optimal),60,16
Random Normal,Random Normal,0.6568388373344212,RSM (I-optimal),60,16
X1,X1,0.22800143243801083,RSM (I-optimal),61,16
X2,X2,0.5467342872085791,RSM (I-optimal),61,16
X3 (non-informative),X3,0.048122325079343345,RSM (I-optimal),61,16
Random Normal,Random Normal,0.1771419552740667,RSM (I-optimal),61,16
X1,X1,0.14058502714915463,RSM (I-optimal),62,16
X2,X2,0.4908944786395223,RSM (I-optimal),62,16
X3 (non-informative),X3,0.03616210698993353,RSM (I-optimal),62,16
Random Normal,Random Normal,0.3323583872213895,RSM (I-optimal),62,16
X1,X1,0.23608325990857051,RSM (I-optimal),63,16
X2,X2,0.5874084680445395,RSM (I-optimal),63,16
X3 (non-informative),X3,0.028274448825362845,RSM (I-optimal),63,16
Random Normal,Random Normal,0.14823382322152726,RSM (I-optimal),63,16
X1,X1,0.20927414693751042,RSM (I-optimal),64,16
X2,X2,0.5298599460782154,RSM (I-optimal),64,16
X3 (non-informative),X3,0.04184607675556388,RSM (I-optimal),64,16
Random Normal,Random Normal,0.21901983022871044,RSM (I-optimal),64,16
X1,X1,0.3261107581647022,RSM (I-optimal),65,16
X2,X2,0.4979352705485946,RSM (I-optimal),65,16
X3 (non-informative),X3,0.023338888974483357,RSM (I-optimal),65,16
Random Normal,Random Normal,0.15261508231221985,RSM (I-optimal),65,16
X1,X1,0.2688604126143729,RSM (I-optimal),66,16
X2,X2,0.5974375381997287,RSM (I-optimal),66,16
X3 (non-informative),X3,0.021338918250228336,RSM (I-optimal),66,16
Random Normal,Random Normal,0.11236313093567002,RSM (I-optimal),66,16
X1,X1,0.17628573768723355,RSM (I-optimal),67,16
X2,X2,0.4752099677107283,RSM (I-optimal),67,16
X3 (non-informative),X3,0.028713912709142274,RSM (I-optimal),67,16
Random Normal,Random Normal,0.31979038189289577,RSM (I-optimal),67,16
X1,X1,0.24655671603637125,RSM (I-optimal),68,16
X2,X2,0.5041518974663544,RSM (I-optimal),68,16
X3 (non-informative),X3,0.029558631832952605,RSM (I-optimal),68,16
Random Normal,Random Normal,0.2197327546643218,RSM (I-optimal),68,16
X1,X1,0.2942452623700904,RSM (I-optimal),69,16
X2,X2,0.5359470974449506,RSM (I-optimal),69,16
X3 (non-informative),X3,0.023132322620066557,RSM (I-optimal),69,16
Random Normal,Random Normal,0.14667531756489235,RSM (I-optimal),69,16
X1,X1,0.23044257231073922,RSM (I-optimal),70,16
X2,X2,0.560674935495416,RSM (I-optimal),70,16
X3 (non-informative),X3,0.02632258318664731,RSM (I-optimal),70,16
Random Normal,Random Normal,0.18255990900719743,RSM (I-optimal),70,16
X1,X1,0.12772455569500682,RSM (I-optimal),71,16
X2,X2,0.5905494234628174,RSM (I-optimal),71,16
X3 (non-informative),X3,0.009230219650317053,RSM (I-optimal),71,16
Random Normal,Random Normal,0.2724958011918589,RSM (I-optimal),71,16
X1,X1,0.1376910581830462,RSM (I-optimal),72,16
X2,X2,0.41078231189553566,RSM (I-optimal),72,16
X3 (non-informative),X3,0.031282125991060596,RSM (I-optimal),72,16
Random Normal,Random Normal,0.4202445039303576,RSM (I-optimal),72,16
X1,X1,0.18801906763681192,RSM (I-optimal),73,16
X2,X2,0.48096487487092415,RSM (I-optimal),73,16
X3 (non-informative),X3,0.05150879879202233,RSM (I-optimal),73,16
Random Normal,Random Normal,0.27950725870024157,RSM (I-optimal),73,16
X1,X1,0.2685720677893262,RSM (I-optimal),74,16
X2,X2,0.5328202890155187,RSM (I-optimal),74,16
X3 (non-informative),X3,0.03096832325835261,RSM (I-optimal),74,16
Random Normal,Random Normal,0.16763931993680248,RSM (I-optimal),74,16
X1,X1,0.15636384420095956,RSM (I-optimal),75,16
X2,X2,0.5493776568392581,RSM (I-optimal),75,16
X3 (non-informative),X3,0.04463858520824693,RSM (I-optimal),75,16
Random Normal,Random Normal,0.2496199137515353,RSM (I-optimal),75,16
X1,X1,0.23502230121115517,RSM (I-optimal),76,16
X2,X2,0.6147944965057748,RSM (I-optimal),76,16
X3 (non-informative),X3,0.02592394980919553,RSM (I-optimal),76,16
Random Normal,Random Normal,0.12425925247387445,RSM (I-optimal),76,16
X1,X1,0.16552289784811747,RSM (I-optimal),77,16
X2,X2,0.37287341125868706,RSM (I-optimal),77,16
X3 (non-informative),X3,0.03305677810073993,RSM (I-optimal),77,16
Random Normal,Random Normal,0.4285469127924555,RSM (I-optimal),77,16
X1,X1,0.20766425611734382,RSM (I-optimal),78,16
X2,X2,0.5615235984975842,RSM (I-optimal),78,16
X3 (non-informative),X3,0.01763947864818338,RSM (I-optimal),78,16
Random Normal,Random Normal,0.21317266673688864,RSM (I-optimal),78,16
X1,X1,0.2662479073334628,RSM (I-optimal),79,16
X2,X2,0.5066565364209521,RSM (I-optimal),79,16
X3 (non-informative),X3,0.043194942033118404,RSM (I-optimal),79,16
Random Normal,Random Normal,0.18390061421246665,RSM (I-optimal),79,16
X1,X1,0.22767712328133127,RSM (I-optimal),80,16
X2,X2,0.5888611106126691,RSM (I-optimal),80,16
X3 (non-informative),X3,0.02381701685371382,RSM (I-optimal),80,16
Random Normal,Random Normal,0.15964474925228583,RSM (I-optimal),80,16
X1,X1,0.25367835270048383,RSM (I-optimal),81,16
X2,X2,0.5990397890292184,RSM (I-optimal),81,16
X3 (non-informative),X3,0.05095423730785143,RSM (I-optimal),81,16
Random Normal,Random Normal,0.09632762096244625,RSM (I-optimal),81,16
X1,X1,0.21189529003246096,RSM (I-optimal),82,16
X2,X2,0.44681816888117715,RSM (I-optimal),82,16
X3 (non-informative),X3,0.03370312036119628,RSM (I-optimal),82,16
Random Normal,Random Normal,0.3075834207251657,RSM (I-optimal),82,16
X1,X1,0.2847075393721692,RSM (I-optimal),83,16
X2,X2,0.5150083998187477,RSM (I-optimal),83,16
X3 (non-informative),X3,0.02603171957402177,RSM (I-optimal),83,16
Random Normal,Random Normal,0.17425234123506125,RSM (I-optimal),83,16
X1,X1,0.11839857271937376,RSM (I-optimal),84,16
X2,X2,0.3917788425531795,RSM (I-optimal),84,16
X3 (non-informative),X3,0.06771727823234777,RSM (I-optimal),84,16
Random Normal,Random Normal,0.4221053064950989,RSM (I-optimal),84,16
X1,X1,0.25431112568138836,RSM (I-optimal),85,16
X2,X2,0.5249035415954395,RSM (I-optimal),85,16
X3 (non-informative),X3,0.03962861829848644,RSM (I-optimal),85,16
Random Normal,Random Normal,0.18115671442468562,RSM (I-optimal),85,16
X1,X1,0.29498509447112964,RSM (I-optimal),86,16
X2,X2,0.5520323729045981,RSM (I-optimal),86,16
X3 (non-informative),X3,0.03850821828395134,RSM (I-optimal),86,16
Random Normal,Random Normal,0.11447431434032088,RSM (I-optimal),86,16
X1,X1,0.20661623249072453,RSM (I-optimal),87,16
X2,X2,0.5824675590034935,RSM (I-optimal),87,16
X3 (non-informative),X3,0.029006198225171875,RSM (I-optimal),87,16
Random Normal,Random Normal,0.18191001028061018,RSM (I-optimal),87,16
X1,X1,0.29041535392028467,RSM (I-optimal),88,16
X2,X2,0.5052847104832464,RSM (I-optimal),88,16
X3 (non-informative),X3,0.01426734310832755,RSM (I-optimal),88,16
Random Normal,Random Normal,0.19003259248814147,RSM (I-optimal),88,16
X1,X1,0.2752127282149358,RSM (I-optimal),89,16
X2,X2,0.544455604542152,RSM (I-optimal),89,16
X3 (non-informative),X3,0.01643379652443449,RSM (I-optimal),89,16
Random Normal,Random Normal,0.1638978707184777,RSM (I-optimal),89,16
X1,X1,0.18734009227870485,RSM (I-optimal),90,16
X2,X2,0.5864417934380768,RSM (I-optimal),90,16
X3 (non-informative),X3,0.045065205555473324,RSM (I-optimal),90,16
Random Normal,Random Normal,0.181152908727745,RSM (I-optimal),90,16
X1,X1,0.2661618561092827,RSM (I-optimal),91,16
X2,X2,0.6079579142692393,RSM (I-optimal),91,16
X3 (non-informative),X3,0.0416343071867205,RSM (I-optimal),91,16
Random Normal,Random Normal,0.08424592243475752,RSM (I-optimal),91,16
X1,X1,0.2758852323412379,RSM (I-optimal),92,16
X2,X2,0.5565248362279726,RSM (I-optimal),92,16
X3 (non-informative),X3,0.024565346315230465,RSM (I-optimal),92,16
Random Normal,Random Normal,0.14302458511555902,RSM (I-optimal),92,16
X1,X1,0.2605203829106521,RSM (I-optimal),93,16
X2,X2,0.5380438497540495,RSM (I-optimal),93,16
X3 (non-informative),X3,0.039263213209619154,RSM (I-optimal),93,16
Random Normal,Random Normal,0.16217255412567927,RSM (I-optimal),93,16
X1,X1,0.26148030498084085,RSM (I-optimal),94,16
X2,X2,0.561143005864979,RSM (I-optimal),94,16
X3 (non-informative),X3,0.04855950278480646,RSM (I-optimal),94,16
Random Normal,Random Normal,0.12881718636937362,RSM (I-optimal),94,16
X1,X1,0.1986867059753635,RSM (I-optimal),95,16
X2,X2,0.5091920646575773,RSM (I-optimal),95,16
X3 (non-informative),X3,0.02459379794306748,RSM (I-optimal),95,16
Random Normal,Random Normal,0.2675274314239917,RSM (I-optimal),95,16
X1,X1,0.29645391372209445,RSM (I-optimal),96,16
X2,X2,0.5155830615065916,RSM (I-optimal),96,16
X3 (non-informative),X3,0.04033058206222499,RSM (I-optimal),96,16
Random Normal,Random Normal,0.14763244270908887,RSM (I-optimal),96,16
X1,X1,0.19480494113649488,RSM (I-optimal),97,16
X2,X2,0.5357095972439433,RSM (I-optimal),97,16
X3 (non-informative),X3,0.040977782922115485,RSM (I-optimal),97,16
Random Normal,Random Normal,0.22850767869744634,RSM (I-optimal),97,16
X1,X1,0.1879188458213934,RSM (I-optimal),98,16
X2,X2,0.5537172127471164,RSM (I-optimal),98,16
X3 (non-informative),X3,0.052737070850070046,RSM (I-optimal),98,16
Random Normal,Random Normal,0.20562687058142015,RSM (I-optimal),98,16
X1,X1,0.28237403853525184,RSM (I-optimal),99,16
X2,X2,0.5630713296583336,RSM (I-optimal),99,16
X3 (non-informative),X3,0.03792542664274674,RSM (I-optimal),99,16
Random Normal,Random Normal,0.1166292051636678,RSM (I-optimal),99,16
X1,X1,0.2380137856936208,RSM (I-optimal),100,16
X2,X2,0.5900655091723191,RSM (I-optimal),100,16
X3 (non-informative),X3,0.035083318706109354,RSM (I-optimal),100,16
Random Normal,Random Normal,0.13683738642795062,RSM (I-optimal),100,16
X1,X1,0.14088033304550332,RSM (I-optimal),101,16
X2,X2,0.5816070482325245,RSM (I-optimal),101,16
X3 (non-informative),X3,0.017870994255123524,RSM (I-optimal),101,16
Random Normal,Random Normal,0.2596416244668487,RSM (I-optimal),101,16
X1,X1,0.14783850225208026,RSM (I-optimal),102,16
X2,X2,0.5463749947216671,RSM (I-optimal),102,16
X3 (non-informative),X3,0.0402859374838067,RSM (I-optimal),102,16
Random Normal,Random Normal,0.26550056554244594,RSM (I-optimal),102,16
X1,X1,0.2754239710596841,RSM (I-optimal),103,16
X2,X2,0.5235486261719025,RSM (I-optimal),103,16
X3 (non-informative),X3,0.030426518696013573,RSM (I-optimal),103,16
Random Normal,Random Normal,0.17060088407239993,RSM (I-optimal),103,16
X1,X1,0.244463919698298,RSM (I-optimal),104,16
X2,X2,0.5572111432911734,RSM (I-optimal),104,16
X3 (non-informative),X3,0.016630547385883775,RSM (I-optimal),104,16
Random Normal,Random Normal,0.18169438962464476,RSM (I-optimal),104,16
X1,X1,0.27685850064231216,RSM (I-optimal),105,16
X2,X2,0.5123742432341778,RSM (I-optimal),105,16
X3 (non-informative),X3,0.04576622150846161,RSM (I-optimal),105,16
Random Normal,Random Normal,0.16500103461504848,RSM (I-optimal),105,16
X1,X1,0.25818900888846574,RSM (I-optimal),106,16
X2,X2,0.5341841555974909,RSM (I-optimal),106,16
X3 (non-informative),X3,0.020639674700626078,RSM (I-optimal),106,16
Random Normal,Random Normal,0.18698716081341726,RSM (I-optimal),106,16
X1,X1,0.15441486003085844,RSM (I-optimal),107,16
X2,X2,0.4679180091247007,RSM (I-optimal),107,16
X3 (non-informative),X3,0.039316165556866414,RSM (I-optimal),107,16
Random Normal,Random Normal,0.33835096528757436,RSM (I-optimal),107,16
X1,X1,0.18291761329184403,RSM (I-optimal),108,16
X2,X2,0.5684241151153776,RSM (I-optimal),108,16
X3 (non-informative),X3,0.0400177329834988,RSM (I-optimal),108,16
Random Normal,Random Normal,0.20864053860927953,RSM (I-optimal),108,16
X1,X1,0.28593705754716375,RSM (I-optimal),109,16
X2,X2,0.5419050416990712,RSM (I-optimal),109,16
X3 (non-informative),X3,0.03652741015515505,RSM (I-optimal),109,16
Random Normal,Random Normal,0.13563049059861007,RSM (I-optimal),109,16
X1,X1,0.23449761368435804,RSM (I-optimal),110,16
X2,X2,0.6134497756662544,RSM (I-optimal),110,16
X3 (non-informative),X3,0.029764797926758537,RSM (I-optimal),110,16
Random Normal,Random Normal,0.12228781272262894,RSM (I-optimal),110,16
X1,X1,0.2207718751701974,RSM (I-optimal),111,16
X2,X2,0.5887166603759778,RSM (I-optimal),111,16
X3 (non-informative),X3,0.03528786056670414,RSM (I-optimal),111,16
Random Normal,Random Normal,0.15522360388712053,RSM (I-optimal),111,16
X1,X1,0.10058816617767294,RSM (I-optimal),112,16
X2,X2,0.517255204497931,RSM (I-optimal),112,16
X3 (non-informative),X3,0.024595073204856505,RSM (I-optimal),112,16
Random Normal,Random Normal,0.3575615561195395,RSM (I-optimal),112,16
X1,X1,0.2630984148476099,RSM (I-optimal),113,16
X2,X2,0.505169472244516,RSM (I-optimal),113,16
X3 (non-informative),X3,0.036088199086497616,RSM (I-optimal),113,16
Random Normal,Random Normal,0.1956439138213764,RSM (I-optimal),113,16
X1,X1,0.13235118287195094,RSM (I-optimal),114,16
X2,X2,0.43658569855296103,RSM (I-optimal),114,16
X3 (non-informative),X3,0.014619576747971982,RSM (I-optimal),114,16
Random Normal,Random Normal,0.416443541827116,RSM (I-optimal),114,16
X1,X1,0.22503526707483745,RSM (I-optimal),115,16
X2,X2,0.5735416483854355,RSM (I-optimal),115,16
X3 (non-informative),X3,0.05250111934738648,RSM (I-optimal),115,16
Random Normal,Random Normal,0.14892196519234052,RSM (I-optimal),115,16
X1,X1,0.2723020011888571,RSM (I-optimal),116,16
X2,X2,0.5036132519625149,RSM (I-optimal),116,16
X3 (non-informative),X3,0.02188855001206081,RSM (I-optimal),116,16
Random Normal,Random Normal,0.20219619683656712,RSM (I-optimal),116,16
X1,X1,0.29932443578525947,RSM (I-optimal),117,16
X2,X2,0.47084434468992353,RSM (I-optimal),117,16
X3 (non-informative),X3,0.03752000550851922,RSM (I-optimal),117,16
Random Normal,Random Normal,0.19231121401629772,RSM (I-optimal),117,16
X1,X1,0.2527983969703776,RSM (I-optimal),118,16
X2,X2,0.49140859457826785,RSM (I-optimal),118,16
X3 (non-informative),X3,0.049160187920948874,RSM (I-optimal),118,16
Random Normal,Random Normal,0.20663282053040571,RSM (I-optimal),118,16
X1,X1,0.27794878386121913,RSM (I-optimal),119,16
X2,X2,0.4846775419724017,RSM (I-optimal),119,16
X3 (non-informative),X3,0.03254982214263911,RSM (I-optimal),119,16
Random Normal,Random Normal,0.20482385202373996,RSM (I-optimal),119,16
X1,X1,0.2150377794562367,RSM (I-optimal),120,16
X2,X2,0.47452747962599917,RSM (I-optimal),120,16
X3 (non-informative),X3,0.04483963101245662,RSM (I-optimal),120,16
Random Normal,Random Normal,0.26559510990530755,RSM (I-optimal),120,16
X1,X1,0.26341431110500324,RSM (I-optimal),121,16
X2,X2,0.5732548299349696,RSM (I-optimal),121,16
X3 (non-informative),X3,0.043719421748866866,RSM (I-optimal),121,16
Random Normal,Random Normal,0.11961143721116033,RSM (I-optimal),121,16
X1,X1,0.26731832577305314,RSM (I-optimal),122,16
X2,X2,0.4196090899735909,RSM (I-optimal),122,16
X3 (non-informative),X3,0.048663356727198376,RSM (I-optimal),122,16
Random Normal,Random Normal,0.2644092275261576,RSM (I-optimal),122,16
X1,X1,0.2158412729000935,RSM (I-optimal),123,16
X2,X2,0.626820169364865,RSM (I-optimal),123,16
X3 (non-informative),X3,0.01761926414269515,RSM (I-optimal),123,16
Random Normal,Random Normal,0.13971929359234633,RSM (I-optimal),123,16
X1,X1,0.338952108533979,RSM (I-optimal),124,16
X2,X2,0.5001231510434239,RSM (I-optimal),124,16
X3 (non-informative),X3,0.0348141086108947,RSM (I-optimal),124,16
Random Normal,Random Normal,0.12611063181170246,RSM (I-optimal),124,16
X1,X1,0.15095045360799486,RSM (I-optimal),125,16
X2,X2,0.3801451848417618,RSM (I-optimal),125,16
X3 (non-informative),X3,0.03773316472468191,RSM (I-optimal),125,16
Random Normal,Random Normal,0.4311711968255614,RSM (I-optimal),125,16
X1,X1,0.14045789651958057,RSM (I-optimal),126,16
X2,X2,0.5444982934009592,RSM (I-optimal),126,16
X3 (non-informative),X3,0.03181648960680505,RSM (I-optimal),126,16
Random Normal,Random Normal,0.2832273204726552,RSM (I-optimal),126,16
X1,X1,0.16841207516011944,RSM (I-optimal),127,16
X2,X2,0.5034642936350185,RSM (I-optimal),127,16
X3 (non-informative),X3,0.046228075499363135,RSM (I-optimal),127,16
Random Normal,Random Normal,0.2818955557054989,RSM (I-optimal),127,16
X1,X1,0.27811292822992423,RSM (I-optimal),128,16
X2,X2,0.5274385941972082,RSM (I-optimal),128,16
X3 (non-informative),X3,0.04273542021878555,RSM (I-optimal),128,16
Random Normal,Random Normal,0.1517130573540821,RSM (I-optimal),128,16
X1,X1,0.24406815571477242,RSM (I-optimal),129,16
X2,X2,0.6048336353694673,RSM (I-optimal),129,16
X3 (non-informative),X3,0.0249896818792745,RSM (I-optimal),129,16
Random Normal,Random Normal,0.12610852703648587,RSM (I-optimal),129,16
X1,X1,0.21505595668859903,RSM (I-optimal),130,16
X2,X2,0.6021723263373024,RSM (I-optimal),130,16
X3 (non-informative),X3,0.03316792332243209,RSM (I-optimal),130,16
Random Normal,Random Normal,0.1496037936516665,RSM (I-optimal),130,16
X1,X1,0.20207841706587665,RSM (I-optimal),131,16
X2,X2,0.5710593045144925,RSM (I-optimal),131,16
X3 (non-informative),X3,0.045660272521076344,RSM (I-optimal),131,16
Random Normal,Random Normal,0.18120200589855445,RSM (I-optimal),131,16
X1,X1,0.20536871601774379,RSM (I-optimal),132,16
X2,X2,0.5056331232032816,RSM (I-optimal),132,16
X3 (non-informative),X3,0.03607645586956343,RSM (I-optimal),132,16
Random Normal,Random Normal,0.2529217049094112,RSM (I-optimal),132,16
X1,X1,0.25095497302469877,RSM (I-optimal),133,16
X2,X2,0.5391356537453595,RSM (I-optimal),133,16
X3 (non-informative),X3,0.022782320370871204,RSM (I-optimal),133,16
Random Normal,Random Normal,0.18712705285907053,RSM (I-optimal),133,16
X1,X1,0.10614819189236381,RSM (I-optimal),134,16
X2,X2,0.6545875709544895,RSM (I-optimal),134,16
X3 (non-informative),X3,0.012857368193004919,RSM (I-optimal),134,16
Random Normal,Random Normal,0.22640686896014173,RSM (I-optimal),134,16
X1,X1,0.2715916318132472,RSM (I-optimal),135,16
X2,X2,0.5549285691366965,RSM (I-optimal),135,16
X3 (non-informative),X3,0.04575292672116953,RSM (I-optimal),135,16
Random Normal,Random Normal,0.1277268723288868,RSM (I-optimal),135,16
X1,X1,0.22627505587123925,RSM (I-optimal),136,16
X2,X2,0.5674006750435617,RSM (I-optimal),136,16
X3 (non-informative),X3,0.031592683931330724,RSM (I-optimal),136,16
Random Normal,Random Normal,0.1747315851538683,RSM (I-optimal),136,16
X1,X1,0.2503190036027967,RSM (I-optimal),137,16
X2,X2,0.5499116289092958,RSM (I-optimal),137,16
X3 (non-informative),X3,0.03309600488703103,RSM (I-optimal),137,16
Random Normal,Random Normal,0.16667336260087648,RSM (I-optimal),137,16
X1,X1,0.1981208674060791,RSM (I-optimal),138,16
X2,X2,0.5445928944054357,RSM (I-optimal),138,16
X3 (non-informative),X3,0.04656690178887182,RSM (I-optimal),138,16
Random Normal,Random Normal,0.21071933639961335,RSM (I-optimal),138,16
X1,X1,0.2077162471909446,RSM (I-optimal),139,16
X2,X2,0.500693756994857,RSM (I-optimal),139,16
X3 (non-informative),X3,0.03636448600315088,RSM (I-optimal),139,16
Random Normal,Random Normal,0.2552255098110476,RSM (I-optimal),139,16
X1,X1,0.19886248644037505,RSM (I-optimal),140,16
X2,X2,0.4774778151178599,RSM (I-optimal),140,16
X3 (non-informative),X3,0.04257928384880593,RSM (I-optimal),140,16
Random Normal,Random Normal,0.2810804145929592,RSM (I-optimal),140,16
X1,X1,0.21383031832565644,RSM (I-optimal),141,16
X2,X2,0.5304246776662488,RSM (I-optimal),141,16
X3 (non-informative),X3,0.03908236597105884,RSM (I-optimal),141,16
Random Normal,Random Normal,0.216662638037036,RSM (I-optimal),141,16
X1,X1,0.2924712773466275,RSM (I-optimal),142,16
X2,X2,0.5671700832884913,RSM (I-optimal),142,16
X3 (non-informative),X3,0.012679190219908681,RSM (I-optimal),142,16
Random Normal,Random Normal,0.1276794491449725,RSM (I-optimal),142,16
X1,X1,0.25948259397528933,RSM (I-optimal),143,16
X2,X2,0.5398384745658897,RSM (I-optimal),143,16
X3 (non-informative),X3,0.033848956748462694,RSM (I-optimal),143,16
Random Normal,Random Normal,0.16682997471035826,RSM (I-optimal),143,16
X1,X1,0.17226114448628035,RSM (I-optimal),144,16
X2,X2,0.5027776526254067,RSM (I-optimal),144,16
X3 (non-informative),X3,0.031844824958843554,RSM (I-optimal),144,16
Random Normal,Random Normal,0.2931163779294693,RSM (I-optimal),144,16
X1,X1,0.13292776994132138,RSM (I-optimal),145,16
X2,X2,0.5280752149026933,RSM (I-optimal),145,16
X3 (non-informative),X3,0.04655364558237346,RSM (I-optimal),145,16
Random Normal,Random Normal,0.2924433695736119,RSM (I-optimal),145,16
X1,X1,0.27814161768300955,RSM (I-optimal),146,16
X2,X2,0.5312807622940217,RSM (I-optimal),146,16
X3 (non-informative),X3,0.016129235658228984,RSM (I-optimal),146,16
Random Normal,Random Normal,0.17444838436473978,RSM (I-optimal),146,16
X1,X1,0.20493477460069165,RSM (I-optimal),147,16
X2,X2,0.5432407252100788,RSM (I-optimal),147,16
X3 (non-informative),X3,0.02287136117147147,RSM (I-optimal),147,16
Random Normal,Random Normal,0.22895313901775813,RSM (I-optimal),147,16
X1,X1,0.30067221106634484,RSM (I-optimal),148,16
X2,X2,0.4950531191797637,RSM (I-optimal),148,16
X3 (non-informative),X3,0.033027472704531484,RSM (I-optimal),148,16
Random Normal,Random Normal,0.17124719704935998,RSM (I-optimal),148,16
X1,X1,0.1974246544998274,RSM (I-optimal),149,16
X2,X2,0.5471359975015193,RSM (I-optimal),149,16
X3 (non-informative),X3,0.016613298902514253,RSM (I-optimal),149,16
Random Normal,Random Normal,0.23882604909613908,RSM (I-optimal),149,16
X1,X1,0.27931018814362696,RSM (I-optimal),150,16
X2,X2,0.5473383596289644,RSM (I-optimal),150,16
X3 (non-informative),X3,0.04130658415588697,RSM (I-optimal),150,16
Random Normal,Random Normal,0.13204486807152163,RSM (I-optimal),150,16
X1,X1,0.15565660110547683,RSM (I-optimal),151,16
X2,X2,0.46161241944554754,RSM (I-optimal),151,16
X3 (non-informative),X3,0.03481552841759548,RSM (I-optimal),151,16
Random Normal,Random Normal,0.3479154510313801,RSM (I-optimal),151,16
X1,X1,0.250996296706155,RSM (I-optimal),152,16
X2,X2,0.5210258136905617,RSM (I-optimal),152,16
X3 (non-informative),X3,0.0396375780662868,RSM (I-optimal),152,16
Random Normal,Random Normal,0.18834031153699662,RSM (I-optimal),152,16
X1,X1,0.17791181013584362,RSM (I-optimal),153,16
X2,X2,0.5957098624674451,RSM (I-optimal),153,16
X3 (non-informative),X3,0.027571686562143007,RSM (I-optimal),153,16
Random Normal,Random Normal,0.1988066408345684,RSM (I-optimal),153,16
X1,X1,0.2862296556512756,RSM (I-optimal),154,16
X2,X2,0.5194595820735369,RSM (I-optimal),154,16
X3 (non-informative),X3,0.026580274545773788,RSM (I-optimal),154,16
Random Normal,Random Normal,0.16773048772941365,RSM (I-optimal),154,16
X1,X1,0.13243766351539166,RSM (I-optimal),155,16
X2,X2,0.6078648229817267,RSM (I-optimal),155,16
X3 (non-informative),X3,0.04143456918440315,RSM (I-optimal),155,16
Random Normal,Random Normal,0.2182629443184785,RSM (I-optimal),155,16
X1,X1,0.29452559134566697,RSM (I-optimal),156,16
X2,X2,0.5544458597793432,RSM (I-optimal),156,16
X3 (non-informative),X3,0.04052706644534177,RSM (I-optimal),156,16
Random Normal,Random Normal,0.11050148242964798,RSM (I-optimal),156,16
X1,X1,0.22384869185875128,RSM (I-optimal),157,16
X2,X2,0.5312281328441038,RSM (I-optimal),157,16
X3 (non-informative),X3,0.041444679795172516,RSM (I-optimal),157,16
Random Normal,Random Normal,0.20347849550197245,RSM (I-optimal),157,16
X1,X1,0.23458078503404736,RSM (I-optimal),158,16
X2,X2,0.6150416304267209,RSM (I-optimal),158,16
X3 (non-informative),X3,0.0355842407505408,RSM (I-optimal),158,16
Random Normal,Random Normal,0.11479334378869097,RSM (I-optimal),158,16
X1,X1,0.2436244653751354,RSM (I-optimal),159,16
X2,X2,0.5043983189692238,RSM (I-optimal),159,16
X3 (non-informative),X3,0.046058454817540104,RSM (I-optimal),159,16
Random Normal,Random Normal,0.20591876083810065,RSM (I-optimal),159,16
X1,X1,0.15096861461330316,RSM (I-optimal),160,16
X2,X2,0.48344834245781676,RSM (I-optimal),160,16
X3 (non-informative),X3,0.04013109620660345,RSM (I-optimal),160,16
Random Normal,Random Normal,0.3254519467222766,RSM (I-optimal),160,16
X1,X1,0.32041618307381386,RSM (I-optimal),161,16
X2,X2,0.5150398061100615,RSM (I-optimal),161,16
X3 (non-informative),X3,0.05270702057516817,RSM (I-optimal),161,16
Random Normal,Random Normal,0.11183699024095645,RSM (I-optimal),161,16
X1,X1,0.23366702364348127,RSM (I-optimal),162,16
X2,X2,0.5942206645185111,RSM (I-optimal),162,16
X3 (non-informative),X3,0.030900832992522997,RSM (I-optimal),162,16
Random Normal,Random Normal,0.14121147884548468,RSM (I-optimal),162,16
X1,X1,0.26807063213985965,RSM (I-optimal),163,16
X2,X2,0.5206477226325965,RSM (I-optimal),163,16
X3 (non-informative),X3,0.051133803981383584,RSM (I-optimal),163,16
Random Normal,Random Normal,0.1601478412461602,RSM (I-optimal),163,16
X1,X1,0.20559845880493818,RSM (I-optimal),164,16
X2,X2,0.5114766649522863,RSM (I-optimal),164,16
X3 (non-informative),X3,0.025912738455843288,RSM (I-optimal),164,16
Random Normal,Random Normal,0.25701213778693227,RSM (I-optimal),164,16
X1,X1,0.21568733326900305,RSM (I-optimal),165,16
X2,X2,0.5725811044221908,RSM (I-optimal),165,16
X3 (non-informative),X3,0.05090487670877554,RSM (I-optimal),165,16
Random Normal,Random Normal,0.1608266856000306,RSM (I-optimal),165,16
X1,X1,0.17089757051712523,RSM (I-optimal),166,16
X2,X2,0.44540973849086785,RSM (I-optimal),166,16
X3 (non-informative),X3,0.0437901909563942,RSM (I-optimal),166,16
Random Normal,Random Normal,0.33990250003561273,RSM (I-optimal),166,16
X1,X1,0.20818527042444274,RSM (I-optimal),167,16
X2,X2,0.6078891836154602,RSM (I-optimal),167,16
X3 (non-informative),X3,0.04686270244574625,RSM (I-optimal),167,16
Random Normal,Random Normal,0.13706284351435075,RSM (I-optimal),167,16
X1,X1,0.26779057330116374,RSM (I-optimal),168,16
X2,X2,0.6067688521381127,RSM (I-optimal),168,16
X3 (non-informative),X3,0.03159517765166099,RSM (I-optimal),168,16
Random Normal,Random Normal,0.09384539690906249,RSM (I-optimal),168,16
X1,X1,0.26967901952861645,RSM (I-optimal),169,16
X2,X2,0.491401283808092,RSM (I-optimal),169,16
X3 (non-informative),X3,0.04814782206742427,RSM (I-optimal),169,16
Random Normal,Random Normal,0.19077187459586725,RSM (I-optimal),169,16
X1,X1,0.2783920065238347,RSM (I-optimal),170,16
X2,X2,0.6030378784604042,RSM (I-optimal),170,16
X3 (non-informative),X3,0.008622863099325848,RSM (I-optimal),170,16
Random Normal,Random Normal,0.10994725191643513,RSM (I-optimal),170,16
X1,X1,0.11881579665089739,RSM (I-optimal),171,16
X2,X2,0.4214428346535137,RSM (I-optimal),171,16
X3 (non-informative),X3,0.010664146646972973,RSM (I-optimal),171,16
Random Normal,Random Normal,0.449077222048616,RSM (I-optimal),171,16
X1,X1,0.2539033673240565,RSM (I-optimal),172,16
X2,X2,0.5610212000201625,RSM (I-optimal),172,16
X3 (non-informative),X3,0.02913507532722806,RSM (I-optimal),172,16
Random Normal,Random Normal,0.1559403573285528,RSM (I-optimal),172,16
X1,X1,0.23541863490679696,RSM (I-optimal),173,16
X2,X2,0.5422617706713879,RSM (I-optimal),173,16
X3 (non-informative),X3,0.029053350751090064,RSM (I-optimal),173,16
Random Normal,Random Normal,0.19326624367072504,RSM (I-optimal),173,16
X1,X1,0.19550171348168086,RSM (I-optimal),174,16
X2,X2,0.5253180605384614,RSM (I-optimal),174,16
X3 (non-informative),X3,0.03958557327787527,RSM (I-optimal),174,16
Random Normal,Random Normal,0.2395946527019825,RSM (I-optimal),174,16
X1,X1,0.2293758716422503,RSM (I-optimal),175,16
X2,X2,0.524408463340521,RSM (I-optimal),175,16
X3 (non-informative),X3,0.06053842277277338,RSM (I-optimal),175,16
Random Normal,Random Normal,0.18567724224445525,RSM (I-optimal),175,16
X1,X1,0.2611824139267316,RSM (I-optimal),176,16
X2,X2,0.5167967318786507,RSM (I-optimal),176,16
X3 (non-informative),X3,0.036985048428483436,RSM (I-optimal),176,16
Random Normal,Random Normal,0.18503580576613424,RSM (I-optimal),176,16
X1,X1,0.1480479022032302,RSM (I-optimal),177,16
X2,X2,0.47533841328513454,RSM (I-optimal),177,16
X3 (non-informative),X3,0.031460239337110577,RSM (I-optimal),177,16
Random Normal,Random Normal,0.34515344517452473,RSM (I-optimal),177,16
X1,X1,0.13826440660672706,RSM (I-optimal),178,16
X2,X2,0.5414831443076797,RSM (I-optimal),178,16
X3 (non-informative),X3,0.04209241083476231,RSM (I-optimal),178,16
Random Normal,Random Normal,0.2781600382508308,RSM (I-optimal),178,16
X1,X1,0.2279260793857766,RSM (I-optimal),179,16
X2,X2,0.5327300979775322,RSM (I-optimal),179,16
X3 (non-informative),X3,0.035432530106988776,RSM (I-optimal),179,16
Random Normal,Random Normal,0.2039112925297024,RSM (I-optimal),179,16
X1,X1,0.22630229209344266,RSM (I-optimal),180,16
X2,X2,0.6178886671984436,RSM (I-optimal),180,16
X3 (non-informative),X3,0.03409005125399062,RSM (I-optimal),180,16
Random Normal,Random Normal,0.12171898945412314,RSM (I-optimal),180,16
X1,X1,0.31392112576804077,RSM (I-optimal),181,16
X2,X2,0.5601779599876068,RSM (I-optimal),181,16
X3 (non-informative),X3,0.030574499283280328,RSM (I-optimal),181,16
Random Normal,Random Normal,0.0953264149610721,RSM (I-optimal),181,16
X1,X1,0.23834997203738506,RSM (I-optimal),182,16
X2,X2,0.42167182620816057,RSM (I-optimal),182,16
X3 (non-informative),X3,0.03301591871539995,RSM (I-optimal),182,16
Random Normal,Random Normal,0.3069622830390543,RSM (I-optimal),182,16
X1,X1,0.21883849118634927,RSM (I-optimal),183,16
X2,X2,0.5480849006645395,RSM (I-optimal),183,16
X3 (non-informative),X3,0.04223718195485382,RSM (I-optimal),183,16
Random Normal,Random Normal,0.19083942619425737,RSM (I-optimal),183,16
X1,X1,0.2959714155481157,RSM (I-optimal),184,16
X2,X2,0.5239228731561675,RSM (I-optimal),184,16
X3 (non-informative),X3,0.02345556345318351,RSM (I-optimal),184,16
Random Normal,Random Normal,0.1566501478425334,RSM (I-optimal),184,16
X1,X1,0.30989260765084486,RSM (I-optimal),185,16
X2,X2,0.5575401498470158,RSM (I-optimal),185,16
X3 (non-informative),X3,0.020851060171678277,RSM (I-optimal),185,16
Random Normal,Random Normal,0.11171618233046098,RSM (I-optimal),185,16
X1,X1,0.15654718893968014,RSM (I-optimal),186,16
X2,X2,0.5854637909936656,RSM (I-optimal),186,16
X3 (non-informative),X3,0.019535314855231193,RSM (I-optimal),186,16
Random Normal,Random Normal,0.23845370521142292,RSM (I-optimal),186,16
X1,X1,0.25963375846009046,RSM (I-optimal),187,16
X2,X2,0.4912630747718229,RSM (I-optimal),187,16
X3 (non-informative),X3,0.042828318048060234,RSM (I-optimal),187,16
Random Normal,Random Normal,0.20627484872002652,RSM (I-optimal),187,16
X1,X1,0.2695292704937214,RSM (I-optimal),188,16
X2,X2,0.5015958981787019,RSM (I-optimal),188,16
X3 (non-informative),X3,0.04012836907090352,RSM (I-optimal),188,16
Random Normal,Random Normal,0.1887464622566732,RSM (I-optimal),188,16
X1,X1,0.20161389110317382,RSM (I-optimal),189,16
X2,X2,0.5723266137000517,RSM (I-optimal),189,16
X3 (non-informative),X3,0.049253581563663364,RSM (I-optimal),189,16
Random Normal,Random Normal,0.1768059136331111,RSM (I-optimal),189,16
X1,X1,0.2192613050530241,RSM (I-optimal),190,16
X2,X2,0.554607430919332,RSM (I-optimal),190,16
X3 (non-informative),X3,0.03543126835546236,RSM (I-optimal),190,16
Random Normal,Random Normal,0.19069999567218157,RSM (I-optimal),190,16
X1,X1,0.23838559377108642,RSM (I-optimal),191,16
X2,X2,0.525678765503997,RSM (I-optimal),191,16
X3 (non-informative),X3,0.002260316531848922,RSM (I-optimal),191,16
Random Normal,Random Normal,0.23367532419306783,RSM (I-optimal),191,16
X1,X1,0.1894690783460935,RSM (I-optimal),192,16
X2,X2,0.5729093112185932,RSM (I-optimal),192,16
X3 (non-informative),X3,0.03938582521943274,RSM (I-optimal),192,16
Random Normal,Random Normal,0.1982357852158805,RSM (I-optimal),192,16
X1,X1,0.16029917750829406,RSM (I-optimal),193,16
X2,X2,0.6441448655604457,RSM (I-optimal),193,16
X3 (non-informative),X3,0.035616467021128397,RSM (I-optimal),193,16
Random Normal,Random Normal,0.15993948991013196,RSM (I-optimal),193,16
X1,X1,0.3001399021565931,RSM (I-optimal),194,16
X2,X2,0.5274031974496612,RSM (I-optimal),194,16
X3 (non-informative),X3,0.03746035286544653,RSM (I-optimal),194,16
Random Normal,Random Normal,0.13499654752829918,RSM (I-optimal),194,16
X1,X1,0.19006320936308596,RSM (I-optimal),195,16
X2,X2,0.5522347671453297,RSM (I-optimal),195,16
X3 (non-informative),X3,0.038561091337775175,RSM (I-optimal),195,16
Random Normal,Random Normal,0.21914093215380914,RSM (I-optimal),195,16
X1,X1,0.209301722710363,RSM (I-optimal),196,16
X2,X2,0.5636348758251758,RSM (I-optimal),196,16
X3 (non-informative),X3,0.033818120830477125,RSM (I-optimal),196,16
Random Normal,Random Normal,0.19324528063398413,RSM (I-optimal),196,16
X1,X1,0.26448444883999606,RSM (I-optimal),197,16
X2,X2,0.551081835862588,RSM (I-optimal),197,16
X3 (non-informative),X3,0.02132317589278983,RSM (I-optimal),197,16
Random Normal,Random Normal,0.16311053940462622,RSM (I-optimal),197,16
X1,X1,0.20675510302133968,RSM (I-optimal),198,16
X2,X2,0.5365153387328615,RSM (I-optimal),198,16
X3 (non-informative),X3,0.03880491662262026,RSM (I-optimal),198,16
Random Normal,Random Normal,0.21792464162317854,RSM (I-optimal),198,16
X1,X1,0.22574770740992073,RSM (I-optimal),199,16
X2,X2,0.5651680200024675,RSM (I-optimal),199,16
X3 (non-informative),X3,0.032502548781013746,RSM (I-optimal),199,16
Random Normal,Random Normal,0.17658172380659815,RSM (I-optimal),199,16
X1,X1,0.20980495917224956,RSM (I-optimal),200,16
X2,X2,0.5074358268776283,RSM (I-optimal),200,16
X3 (non-informative),X3,0.0435027652163654,RSM (I-optimal),200,16
Random Normal,Random Normal,0.2392564487337567,RSM (I-optimal),200,16
X1,X1,0.16810077318390704,RSM (I-optimal),201,16
X2,X2,0.561596488660297,RSM (I-optimal),201,16
X3 (non-informative),X3,0.029626863282840123,RSM (I-optimal),201,16
Random Normal,Random Normal,0.24067587487295586,RSM (I-optimal),201,16
X1,X1,0.248206577479708,RSM (I-optimal),202,16
X2,X2,0.5916740483268028,RSM (I-optimal),202,16
X3 (non-informative),X3,0.02488025212930904,RSM (I-optimal),202,16
Random Normal,Random Normal,0.13523912206418012,RSM (I-optimal),202,16
X1,X1,0.2597770076272899,RSM (I-optimal),203,16
X2,X2,0.5623342069910952,RSM (I-optimal),203,16
X3 (non-informative),X3,0.03377712535335088,RSM (I-optimal),203,16
Random Normal,Random Normal,0.14411166002826412,RSM (I-optimal),203,16
X1,X1,0.13609503337908185,RSM (I-optimal),204,16
X2,X2,0.4999322206113208,RSM (I-optimal),204,16
X3 (non-informative),X3,0.029473535560406234,RSM (I-optimal),204,16
Random Normal,Random Normal,0.33449921044919106,RSM (I-optimal),204,16
X1,X1,0.23533244273946052,RSM (I-optimal),205,16
X2,X2,0.5304586977634798,RSM (I-optimal),205,16
X3 (non-informative),X3,0.04030635087875608,RSM (I-optimal),205,16
Random Normal,Random Normal,0.19390250861830363,RSM (I-optimal),205,16
X1,X1,0.19751971023878787,RSM (I-optimal),206,16
X2,X2,0.5757655278090917,RSM (I-optimal),206,16
X3 (non-informative),X3,0.036208547172473925,RSM (I-optimal),206,16
Random Normal,Random Normal,0.19050621477964652,RSM (I-optimal),206,16
X1,X1,0.14819510468972424,RSM (I-optimal),207,16
X2,X2,0.5177000823837073,RSM (I-optimal),207,16
X3 (non-informative),X3,0.035909456708963866,RSM (I-optimal),207,16
Random Normal,Random Normal,0.2981953562176044,RSM (I-optimal),207,16
X1,X1,0.174036909489333,RSM (I-optimal),208,16
X2,X2,0.5335651326857651,RSM (I-optimal),208,16
X3 (non-informative),X3,0.05250870232222469,RSM (I-optimal),208,16
Random Normal,Random Normal,0.23988925550267723,RSM (I-optimal),208,16
X1,X1,0.3029785187438928,RSM (I-optimal),209,16
X2,X2,0.5438984135375047,RSM (I-optimal),209,16
X3 (non-informative),X3,0.0432193180191884,RSM (I-optimal),209,16
Random Normal,Random Normal,0.1099037496994141,RSM (I-optimal),209,16
X1,X1,0.2693139895777228,RSM (I-optimal),210,16
X2,X2,0.5714869841880672,RSM (I-optimal),210,16
X3 (non-informative),X3,0.024700834702514163,RSM (I-optimal),210,16
Random Normal,Random Normal,0.1344981915316958,RSM (I-optimal),210,16
X1,X1,0.19063124503428192,RSM (I-optimal),211,16
X2,X2,0.468075712712633,RSM (I-optimal),211,16
X3 (non-informative),X3,0.03392708403518593,RSM (I-optimal),211,16
Random Normal,Random Normal,0.3073659582178991,RSM (I-optimal),211,16
X1,X1,0.25334923442303986,RSM (I-optimal),212,16
X2,X2,0.5046921656844966,RSM (I-optimal),212,16
X3 (non-informative),X3,0.031051456778720437,RSM (I-optimal),212,16
Random Normal,Random Normal,0.21090714311374315,RSM (I-optimal),212,16
X1,X1,0.3070870560835926,RSM (I-optimal),213,16
X2,X2,0.49012976800384034,RSM (I-optimal),213,16
X3 (non-informative),X3,0.03269325631783587,RSM (I-optimal),213,16
Random Normal,Random Normal,0.17008991959473113,RSM (I-optimal),213,16
X1,X1,0.18751789559565443,RSM (I-optimal),214,16
X2,X2,0.5235775965181714,RSM (I-optimal),214,16
X3 (non-informative),X3,0.04520444482847003,RSM (I-optimal),214,16
Random Normal,Random Normal,0.24370006305770417,RSM (I-optimal),214,16
X1,X1,0.18741287856698607,RSM (I-optimal),215,16
X2,X2,0.5903243301823036,RSM (I-optimal),215,16
X3 (non-informative),X3,0.035128374739948835,RSM (I-optimal),215,16
Random Normal,Random Normal,0.18713441651076146,RSM (I-optimal),215,16
X1,X1,0.2122592773700307,RSM (I-optimal),216,16
X2,X2,0.5467742186010132,RSM (I-optimal),216,16
X3 (non-informative),X3,0.02400006026857604,RSM (I-optimal),216,16
Random Normal,Random Normal,0.21696644376038002,RSM (I-optimal),216,16
X1,X1,0.23768583681811611,RSM (I-optimal),217,16
X2,X2,0.5059781584702472,RSM (I-optimal),217,16
X3 (non-informative),X3,0.03484368556430331,RSM (I-optimal),217,16
Random Normal,Random Normal,0.2214923191473333,RSM (I-optimal),217,16
X1,X1,0.12822121434476064,RSM (I-optimal),218,16
X2,X2,0.6730007599728536,RSM (I-optimal),218,16
X3 (non-informative),X3,0.005170302191160521,RSM (I-optimal),218,16
Random Normal,Random Normal,0.1936077234912253,RSM (I-optimal),218,16
X1,X1,0.18451635757421816,RSM (I-optimal),219,16
X2,X2,0.5158747722373352,RSM (I-optimal),219,16
X3 (non-informative),X3,0.02050539073870392,RSM (I-optimal),219,16
Random Normal,Random Normal,0.2791034794497427,RSM (I-optimal),219,16
X1,X1,0.19176348287811634,RSM (I-optimal),220,16
X2,X2,0.6118987600595341,RSM (I-optimal),220,16
X3 (non-informative),X3,0.01794386133504695,RSM (I-optimal),220,16
Random Normal,Random Normal,0.17839389572730258,RSM (I-optimal),220,16
X1,X1,0.28122607026721125,RSM (I-optimal),221,16
X2,X2,0.5284471791733688,RSM (I-optimal),221,16
X3 (non-informative),X3,0.03600609017233384,RSM (I-optimal),221,16
Random Normal,Random Normal,0.1543206603870861,RSM (I-optimal),221,16
X1,X1,0.2774832578689919,RSM (I-optimal),222,16
X2,X2,0.5368905013090882,RSM (I-optimal),222,16
X3 (non-informative),X3,0.03517098481447334,RSM (I-optimal),222,16
Random Normal,Random Normal,0.15045525600744647,RSM (I-optimal),222,16
X1,X1,0.17243374791583152,RSM (I-optimal),223,16
X2,X2,0.4187031710386413,RSM (I-optimal),223,16
X3 (non-informative),X3,0.023933110348354547,RSM (I-optimal),223,16
Random Normal,Random Normal,0.3849299706971727,RSM (I-optimal),223,16
X1,X1,0.15513604267349834,RSM (I-optimal),224,16
X2,X2,0.4950983665974909,RSM (I-optimal),224,16
X3 (non-informative),X3,0.03550286560418237,RSM (I-optimal),224,16
Random Normal,Random Normal,0.31426272512482845,RSM (I-optimal),224,16
X1,X1,0.19130415175324741,RSM (I-optimal),225,16
X2,X2,0.47238002143486757,RSM (I-optimal),225,16
X3 (non-informative),X3,0.02310354290053003,RSM (I-optimal),225,16
Random Normal,Random Normal,0.313212283911355,RSM (I-optimal),225,16
X1,X1,0.2279754172929322,RSM (I-optimal),226,16
X2,X2,0.5393471413381024,RSM (I-optimal),226,16
X3 (non-informative),X3,0.031206305022501116,RSM (I-optimal),226,16
Random Normal,Random Normal,0.2014711363464643,RSM (I-optimal),226,16
X1,X1,0.18503271835456261,RSM (I-optimal),227,16
X2,X2,0.5721864743231702,RSM (I-optimal),227,16
X3 (non-informative),X3,0.04332953090026566,RSM (I-optimal),227,16
Random Normal,Random Normal,0.19945127642200158,RSM (I-optimal),227,16
X1,X1,0.2591541490235355,RSM (I-optimal),228,16
X2,X2,0.5624650734478839,RSM (I-optimal),228,16
X3 (non-informative),X3,0.02961315107704196,RSM (I-optimal),228,16
Random Normal,Random Normal,0.14876762645153863,RSM (I-optimal),228,16
X1,X1,0.22421432980393338,RSM (I-optimal),229,16
X2,X2,0.5516625650424732,RSM (I-optimal),229,16
X3 (non-informative),X3,0.04198769668579537,RSM (I-optimal),229,16
Random Normal,Random Normal,0.18213540846779808,RSM (I-optimal),229,16
X1,X1,0.22409510316280323,RSM (I-optimal),230,16
X2,X2,0.5367268391150632,RSM (I-optimal),230,16
X3 (non-informative),X3,0.022320671564909113,RSM (I-optimal),230,16
Random Normal,Random Normal,0.21685738615722444,RSM (I-optimal),230,16
X1,X1,0.21532096817982715,RSM (I-optimal),231,16
X2,X2,0.5216880356198628,RSM (I-optimal),231,16
X3 (non-informative),X3,0.051250501987502285,RSM (I-optimal),231,16
Random Normal,Random Normal,0.2117404942128078,RSM (I-optimal),231,16
X1,X1,0.1871928570214858,RSM (I-optimal),232,16
X2,X2,0.5273098558434812,RSM (I-optimal),232,16
X3 (non-informative),X3,0.04656413501757729,RSM (I-optimal),232,16
Random Normal,Random Normal,0.2389331521174557,RSM (I-optimal),232,16
X1,X1,0.2212844824007353,RSM (I-optimal),233,16
X2,X2,0.6084001301932557,RSM (I-optimal),233,16
X3 (non-informative),X3,0.03032805742324378,RSM (I-optimal),233,16
Random Normal,Random Normal,0.1399873299827653,RSM (I-optimal),233,16
X1,X1,0.28319491932669555,RSM (I-optimal),234,16
X2,X2,0.5693742211718974,RSM (I-optimal),234,16
X3 (non-informative),X3,0.026756325650506348,RSM (I-optimal),234,16
Random Normal,Random Normal,0.1206745338509007,RSM (I-optimal),234,16
X1,X1,0.17643209297121534,RSM (I-optimal),235,16
X2,X2,0.6712290600446998,RSM (I-optimal),235,16
X3 (non-informative),X3,0.012902692699989256,RSM (I-optimal),235,16
Random Normal,Random Normal,0.13943615428409561,RSM (I-optimal),235,16
X1,X1,0.2532146895543718,RSM (I-optimal),236,16
X2,X2,0.6229630301174324,RSM (I-optimal),236,16
X3 (non-informative),X3,0.03682972023371709,RSM (I-optimal),236,16
Random Normal,Random Normal,0.08699256009447863,RSM (I-optimal),236,16
X1,X1,0.3146933765723097,RSM (I-optimal),237,16
X2,X2,0.5462248418962591,RSM (I-optimal),237,16
X3 (non-informative),X3,0.022129532386642208,RSM (I-optimal),237,16
Random Normal,Random Normal,0.11695224914478895,RSM (I-optimal),237,16
X1,X1,0.18952925015109182,RSM (I-optimal),238,16
X2,X2,0.50985769649182,RSM (I-optimal),238,16
X3 (non-informative),X3,0.04023949854246275,RSM (I-optimal),238,16
Random Normal,Random Normal,0.26037355481462543,RSM (I-optimal),238,16
X1,X1,0.25006321101015766,RSM (I-optimal),239,16
X2,X2,0.5961025583850539,RSM (I-optimal),239,16
X3 (non-informative),X3,0.03808561105334578,RSM (I-optimal),239,16
Random Normal,Random Normal,0.11574861955144271,RSM (I-optimal),239,16
X1,X1,0.24218416762953707,RSM (I-optimal),240,16
X2,X2,0.6036446861578928,RSM (I-optimal),240,16
X3 (non-informative),X3,0.022225257775184793,RSM (I-optimal),240,16
Random Normal,Random Normal,0.13194588843738536,RSM (I-optimal),240,16
X1,X1,0.18789383260724965,RSM (I-optimal),241,16
X2,X2,0.5024559446574082,RSM (I-optimal),241,16
X3 (non-informative),X3,0.01968844234694932,RSM (I-optimal),241,16
Random Normal,Random Normal,0.28996178038839276,RSM (I-optimal),241,16
X1,X1,0.22510597616436712,RSM (I-optimal),242,16
X2,X2,0.4714314457346432,RSM (I-optimal),242,16
X3 (non-informative),X3,0.029002365770761235,RSM (I-optimal),242,16
Random Normal,Random Normal,0.27446021233022855,RSM (I-optimal),242,16
X1,X1,0.24902084559187476,RSM (I-optimal),243,16
X2,X2,0.5237567475865725,RSM (I-optimal),243,16
X3 (non-informative),X3,0.03474147818271621,RSM (I-optimal),243,16
Random Normal,Random Normal,0.19248092863883642,RSM (I-optimal),243,16
X1,X1,0.16597567720766102,RSM (I-optimal),244,16
X2,X2,0.42087628754838585,RSM (I-optimal),244,16
X3 (non-informative),X3,0.033390366669769904,RSM (I-optimal),244,16
Random Normal,Random Normal,0.37975766857418336,RSM (I-optimal),244,16
X1,X1,0.19339688319997303,RSM (I-optimal),245,16
X2,X2,0.5468986941895118,RSM (I-optimal),245,16
X3 (non-informative),X3,0.03486762425897621,RSM (I-optimal),245,16
Random Normal,Random Normal,0.22483679835153902,RSM (I-optimal),245,16
X1,X1,0.23508945490333474,RSM (I-optimal),246,16
X2,X2,0.5613757206720046,RSM (I-optimal),246,16
X3 (non-informative),X3,0.038229020346229055,RSM (I-optimal),246,16
Random Normal,Random Normal,0.16530580407843162,RSM (I-optimal),246,16
X1,X1,0.20631962177823673,RSM (I-optimal),247,16
X2,X2,0.501621153898348,RSM (I-optimal),247,16
X3 (non-informative),X3,0.03130030450751632,RSM (I-optimal),247,16
Random Normal,Random Normal,0.26075891981589894,RSM (I-optimal),247,16
X1,X1,0.253748406231156,RSM (I-optimal),248,16
X2,X2,0.5412055425587784,RSM (I-optimal),248,16
X3 (non-informative),X3,0.022747916415838246,RSM (I-optimal),248,16
Random Normal,Random Normal,0.18229813479422732,RSM (I-optimal),248,16
X1,X1,0.19982405007611104,RSM (I-optimal),249,16
X2,X2,0.44619164864992666,RSM (I-optimal),249,16
X3 (non-informative),X3,0.028488912287682914,RSM (I-optimal),249,16
Random Normal,Random Normal,0.3254953889862793,RSM (I-optimal),249,16
X1,X1,0.19832720484034635,RSM (I-optimal),250,16
X2,X2,0.5827790438976861,RSM (I-optimal),250,16
X3 (non-informative),X3,0.039701495483875374,RSM (I-optimal),250,16
Random Normal,Random Normal,0.17919225577809222,RSM (I-optimal),250,16
X1,X1,0.18887929020191738,RSM (I-optimal),251,16
X2,X2,0.42857347995382433,RSM (I-optimal),251,16
X3 (non-informative),X3,0.02778676217792903,RSM (I-optimal),251,16
Random Normal,Random Normal,0.3547604676663294,RSM (I-optimal),251,16
X1,X1,0.22043034853073323,RSM (I-optimal),252,16
X2,X2,0.5647882264143976,RSM (I-optimal),252,16
X3 (non-informative),X3,0.036601486034422516,RSM (I-optimal),252,16
Random Normal,Random Normal,0.1781799390204466,RSM (I-optimal),252,16
X1,X1,0.25585661850762526,RSM (I-optimal),253,16
X2,X2,0.5559604403015456,RSM (I-optimal),253,16
X3 (non-informative),X3,0.04188137110262057,RSM (I-optimal),253,16
Random Normal,Random Normal,0.14630157008820857,RSM (I-optimal),253,16
X1,X1,0.23445552862338243,RSM (I-optimal),254,16
X2,X2,0.5084106219204826,RSM (I-optimal),254,16
X3 (non-informative),X3,0.02236959240597924,RSM (I-optimal),254,16
Random Normal,Random Normal,0.23476425705015572,RSM (I-optimal),254,16
X1,X1,0.2939976732307704,RSM (I-optimal),255,16
X2,X2,0.5367228201471075,RSM (I-optimal),255,16
X3 (non-informative),X3,0.04274829634745291,RSM (I-optimal),255,16
Random Normal,Random Normal,0.12653121027466926,RSM (I-optimal),255,16
X1,X1,0.2382701799948858,RSM (I-optimal),256,16
X2,X2,0.537605999940593,RSM (I-optimal),256,16
X3 (non-informative),X3,0.041073506727039105,RSM (I-optimal),256,16
Random Normal,Random Normal,0.18305031333748203,RSM (I-optimal),256,16
X1,X1,0.17862554720544693,RSM (I-optimal),257,16
X2,X2,0.55075043762901,RSM (I-optimal),257,16
X3 (non-informative),X3,0.014486287018846793,RSM (I-optimal),257,16
Random Normal,Random Normal,0.25613772814669633,RSM (I-optimal),257,16
X1,X1,0.3180879712281218,RSM (I-optimal),258,16
X2,X2,0.5355296734127745,RSM (I-optimal),258,16
X3 (non-informative),X3,0.023895415913575902,RSM (I-optimal),258,16
Random Normal,Random Normal,0.12248693944552781,RSM (I-optimal),258,16
X1,X1,0.24300384370295205,RSM (I-optimal),259,16
X2,X2,0.5547160099924581,RSM (I-optimal),259,16
X3 (non-informative),X3,0.03358609012260754,RSM (I-optimal),259,16
Random Normal,Random Normal,0.16869405618198233,RSM (I-optimal),259,16
X1,X1,0.26309056895080485,RSM (I-optimal),260,16
X2,X2,0.5523863551479288,RSM (I-optimal),260,16
X3 (non-informative),X3,0.034962613851158265,RSM (I-optimal),260,16
Random Normal,Random Normal,0.14956046205010817,RSM (I-optimal),260,16
X1,X1,0.2410619790781028,RSM (I-optimal),261,16
X2,X2,0.4865617733242571,RSM (I-optimal),261,16
X3 (non-informative),X3,0.03081625029449414,RSM (I-optimal),261,16
Random Normal,Random Normal,0.24155999730314592,RSM (I-optimal),261,16
X1,X1,0.2682711691003233,RSM (I-optimal),262,16
X2,X2,0.5763896195083713,RSM (I-optimal),262,16
X3 (non-informative),X3,0.03593222757465524,RSM (I-optimal),262,16
Random Normal,Random Normal,0.11940698381665013,RSM (I-optimal),262,16
X1,X1,0.21375924043921063,RSM (I-optimal),263,16
X2,X2,0.5633295932385024,RSM (I-optimal),263,16
X3 (non-informative),X3,0.025832218118103156,RSM (I-optimal),263,16
Random Normal,Random Normal,0.1970789482041838,RSM (I-optimal),263,16
X1,X1,0.2084165307186675,RSM (I-optimal),264,16
X2,X2,0.611295442728744,RSM (I-optimal),264,16
X3 (non-informative),X3,0.033730270794853384,RSM (I-optimal),264,16
Random Normal,Random Normal,0.1465577557577351,RSM (I-optimal),264,16
X1,X1,0.32258186282161677,RSM (I-optimal),265,16
X2,X2,0.47527446875355944,RSM (I-optimal),265,16
X3 (non-informative),X3,0.03419521853440365,RSM (I-optimal),265,16
Random Normal,Random Normal,0.16794844989042007,RSM (I-optimal),265,16
X1,X1,0.1913086610200709,RSM (I-optimal),266,16
X2,X2,0.5641974718955892,RSM (I-optimal),266,16
X3 (non-informative),X3,0.026832560250007537,RSM (I-optimal),266,16
Random Normal,Random Normal,0.21766130683433238,RSM (I-optimal),266,16
X1,X1,0.26748590706795256,RSM (I-optimal),267,16
X2,X2,0.5716502147296162,RSM (I-optimal),267,16
X3 (non-informative),X3,0.043402373023085576,RSM (I-optimal),267,16
Random Normal,Random Normal,0.11746150517934566,RSM (I-optimal),267,16
X1,X1,0.2636397778066809,RSM (I-optimal),268,16
X2,X2,0.46715786127729503,RSM (I-optimal),268,16
X3 (non-informative),X3,0.03768849880006157,RSM (I-optimal),268,16
Random Normal,Random Normal,0.23151386211596248,RSM (I-optimal),268,16
X1,X1,0.23038645257502258,RSM (I-optimal),269,16
X2,X2,0.5292395383620521,RSM (I-optimal),269,16
X3 (non-informative),X3,0.05564939878982156,RSM (I-optimal),269,16
Random Normal,Random Normal,0.18472461027310372,RSM (I-optimal),269,16
X1,X1,0.2570347937844844,RSM (I-optimal),270,16
X2,X2,0.5654458844765868,RSM (I-optimal),270,16
X3 (non-informative),X3,0.021131602259853232,RSM (I-optimal),270,16
Random Normal,Random Normal,0.15638771947907557,RSM (I-optimal),270,16
X1,X1,0.19954581939621244,RSM (I-optimal),271,16
X2,X2,0.49173252209823115,RSM (I-optimal),271,16
X3 (non-informative),X3,0.047369481778012826,RSM (I-optimal),271,16
Random Normal,Random Normal,0.26135217672754363,RSM (I-optimal),271,16
X1,X1,0.15116919983837196,RSM (I-optimal),272,16
X2,X2,0.5120503565473438,RSM (I-optimal),272,16
X3 (non-informative),X3,0.03321956567597417,RSM (I-optimal),272,16
Random Normal,Random Normal,0.30356087793831016,RSM (I-optimal),272,16
X1,X1,0.2198055243852094,RSM (I-optimal),273,16
X2,X2,0.48113637790198144,RSM (I-optimal),273,16
X3 (non-informative),X3,0.055125747017233696,RSM (I-optimal),273,16
Random Normal,Random Normal,0.24393235069557548,RSM (I-optimal),273,16
X1,X1,0.2987804269763724,RSM (I-optimal),274,16
X2,X2,0.5399237459276874,RSM (I-optimal),274,16
X3 (non-informative),X3,0.04202691053735641,RSM (I-optimal),274,16
Random Normal,Random Normal,0.11926891655858378,RSM (I-optimal),274,16
X1,X1,0.2095940459909134,RSM (I-optimal),275,16
X2,X2,0.43407760541983703,RSM (I-optimal),275,16
X3 (non-informative),X3,0.05182402971376158,RSM (I-optimal),275,16
Random Normal,Random Normal,0.30450431887548796,RSM (I-optimal),275,16
X1,X1,0.26539869390500836,RSM (I-optimal),276,16
X2,X2,0.5914043256056323,RSM (I-optimal),276,16
X3 (non-informative),X3,0.03308016903253059,RSM (I-optimal),276,16
Random Normal,Random Normal,0.11011681145682882,RSM (I-optimal),276,16
X1,X1,0.2990591345327063,RSM (I-optimal),277,16
X2,X2,0.5199620429703041,RSM (I-optimal),277,16
X3 (non-informative),X3,0.03455370156329467,RSM (I-optimal),277,16
Random Normal,Random Normal,0.14642512093369484,RSM (I-optimal),277,16
X1,X1,0.21167267085008734,RSM (I-optimal),278,16
X2,X2,0.456232640823815,RSM (I-optimal),278,16
X3 (non-informative),X3,0.041491451241040894,RSM (I-optimal),278,16
Random Normal,Random Normal,0.29060323708505675,RSM (I-optimal),278,16
X1,X1,0.2937072564656374,RSM (I-optimal),279,16
X2,X2,0.5132777217821792,RSM (I-optimal),279,16
X3 (non-informative),X3,0.031452047788474775,RSM (I-optimal),279,16
Random Normal,Random Normal,0.16156297396370847,RSM (I-optimal),279,16
X1,X1,0.2345499786487992,RSM (I-optimal),280,16
X2,X2,0.5639770386703878,RSM (I-optimal),280,16
X3 (non-informative),X3,0.04364684354485326,RSM (I-optimal),280,16
Random Normal,Random Normal,0.15782613913595972,RSM (I-optimal),280,16
X1,X1,0.14240011769652658,RSM (I-optimal),281,16
X2,X2,0.44066457559183486,RSM (I-optimal),281,16
X3 (non-informative),X3,0.03700102227507716,RSM (I-optimal),281,16
Random Normal,Random Normal,0.37993428443656135,RSM (I-optimal),281,16
X1,X1,0.2439273551774746,RSM (I-optimal),282,16
X2,X2,0.5512832965106855,RSM (I-optimal),282,16
X3 (non-informative),X3,0.03430376916824036,RSM (I-optimal),282,16
Random Normal,Random Normal,0.1704855791435995,RSM (I-optimal),282,16
X1,X1,0.18686718559863646,RSM (I-optimal),283,16
X2,X2,0.6289301833221322,RSM (I-optimal),283,16
X3 (non-informative),X3,0.027666722056752944,RSM (I-optimal),283,16
Random Normal,Random Normal,0.15653590902247838,RSM (I-optimal),283,16
X1,X1,0.26588188619557096,RSM (I-optimal),284,16
X2,X2,0.4886940992460115,RSM (I-optimal),284,16
X3 (non-informative),X3,0.02350247725110791,RSM (I-optimal),284,16
Random Normal,Random Normal,0.22192153730730954,RSM (I-optimal),284,16
X1,X1,0.14334595626835006,RSM (I-optimal),285,16
X2,X2,0.5399182378512036,RSM (I-optimal),285,16
X3 (non-informative),X3,0.01189851970392403,RSM (I-optimal),285,16
Random Normal,Random Normal,0.3048372861765223,RSM (I-optimal),285,16
X1,X1,0.258094496941643,RSM (I-optimal),286,16
X2,X2,0.5659248223349433,RSM (I-optimal),286,16
X3 (non-informative),X3,0.024963274861329803,RSM (I-optimal),286,16
Random Normal,Random Normal,0.15101740586208376,RSM (I-optimal),286,16
X1,X1,0.15862810950304962,RSM (I-optimal),287,16
X2,X2,0.5494150383679951,RSM (I-optimal),287,16
X3 (non-informative),X3,0.05402875591162948,RSM (I-optimal),287,16
Random Normal,Random Normal,0.23792809621732583,RSM (I-optimal),287,16
X1,X1,0.3213530922053189,RSM (I-optimal),288,16
X2,X2,0.47215791085771786,RSM (I-optimal),288,16
X3 (non-informative),X3,0.026843008890506413,RSM (I-optimal),288,16
Random Normal,Random Normal,0.17964598804645682,RSM (I-optimal),288,16
X1,X1,0.20020634926637135,RSM (I-optimal),289,16
X2,X2,0.5910070719504437,RSM (I-optimal),289,16
X3 (non-informative),X3,0.02083230809966729,RSM (I-optimal),289,16
Random Normal,Random Normal,0.18795427068351775,RSM (I-optimal),289,16
X1,X1,0.2117450187657594,RSM (I-optimal),290,16
X2,X2,0.4999539517719219,RSM (I-optimal),290,16
X3 (non-informative),X3,0.038077367919397365,RSM (I-optimal),290,16
Random Normal,Random Normal,0.2502236615429213,RSM (I-optimal),290,16
X1,X1,0.23620481461512471,RSM (I-optimal),291,16
X2,X2,0.5312933301377948,RSM (I-optimal),291,16
X3 (non-informative),X3,0.03606504363545423,RSM (I-optimal),291,16
Random Normal,Random Normal,0.1964368116116262,RSM (I-optimal),291,16
X1,X1,0.2770438959163996,RSM (I-optimal),292,16
X2,X2,0.5953256800594336,RSM (I-optimal),292,16
X3 (non-informative),X3,0.023211669895610576,RSM (I-optimal),292,16
Random Normal,Random Normal,0.10441875412855604,RSM (I-optimal),292,16
X1,X1,0.1846734043850935,RSM (I-optimal),293,16
X2,X2,0.6359159424585982,RSM (I-optimal),293,16
X3 (non-informative),X3,0.02520642273572206,RSM (I-optimal),293,16
Random Normal,Random Normal,0.15420423042058623,RSM (I-optimal),293,16
X1,X1,0.23679973922094602,RSM (I-optimal),294,16
X2,X2,0.5571452320481786,RSM (I-optimal),294,16
X3 (non-informative),X3,0.05980614464779209,RSM (I-optimal),294,16
Random Normal,Random Normal,0.14624888408308323,RSM (I-optimal),294,16
X1,X1,0.23565104508255608,RSM (I-optimal),295,16
X2,X2,0.5308669928809118,RSM (I-optimal),295,16
X3 (non-informative),X3,0.03752681456638919,RSM (I-optimal),295,16
Random Normal,Random Normal,0.19595514747014298,RSM (I-optimal),295,16
X1,X1,0.3648229828583245,RSM (I-optimal),296,16
X2,X2,0.5247626866658379,RSM (I-optimal),296,16
X3 (non-informative),X3,0.02801655698153068,RSM (I-optimal),296,16
Random Normal,Random Normal,0.08239777349430695,RSM (I-optimal),296,16
X1,X1,0.190823198838381,RSM (I-optimal),297,16
X2,X2,0.5189542724576048,RSM (I-optimal),297,16
X3 (non-informative),X3,0.04823961376118441,RSM (I-optimal),297,16
Random Normal,Random Normal,0.24198291494282964,RSM (I-optimal),297,16
X1,X1,0.23073520736023104,RSM (I-optimal),298,16
X2,X2,0.5763700825168598,RSM (I-optimal),298,16
X3 (non-informative),X3,0.024617654735014132,RSM (I-optimal),298,16
Random Normal,Random Normal,0.16827705538789492,RSM (I-optimal),298,16
X1,X1,0.3069363033119897,RSM (I-optimal),299,16
X2,X2,0.5562395384729573,RSM (I-optimal),299,16
X3 (non-informative),X3,0.01713686419932587,RSM (I-optimal),299,16
Random Normal,Random Normal,0.11968729401572721,RSM (I-optimal),299,16
X1,X1,0.17934069580588144,RSM (I-optimal),300,16
X2,X2,0.4300302766160508,RSM (I-optimal),300,16
X3 (non-informative),X3,0.033390260388791705,RSM (I-optimal),300,16
Random Normal,Random Normal,0.35723876718927594,RSM (I-optimal),300,16
X1,X1,0.2633433683701178,RSM (I-optimal),301,16
X2,X2,0.5574180226007586,RSM (I-optimal),301,16
X3 (non-informative),X3,0.04876287792128788,RSM (I-optimal),301,16
Random Normal,Random Normal,0.1304757311078357,RSM (I-optimal),301,16
X1,X1,0.1446922847295761,RSM (I-optimal),302,16
X2,X2,0.4018136141330604,RSM (I-optimal),302,16
X3 (non-informative),X3,0.0268522848799759,RSM (I-optimal),302,16
Random Normal,Random Normal,0.42664181625738756,RSM (I-optimal),302,16
X1,X1,0.3119400268737367,RSM (I-optimal),303,16
X2,X2,0.5853662365304085,RSM (I-optimal),303,16
X3 (non-informative),X3,0.013465262345717715,RSM (I-optimal),303,16
Random Normal,Random Normal,0.08922847425013704,RSM (I-optimal),303,16
X1,X1,0.19845911393571677,RSM (I-optimal),304,16
X2,X2,0.5422256851003031,RSM (I-optimal),304,16
X3 (non-informative),X3,0.04336284376333907,RSM (I-optimal),304,16
Random Normal,Random Normal,0.21595235720064102,RSM (I-optimal),304,16
X1,X1,0.22232989217834392,RSM (I-optimal),305,16
X2,X2,0.5913580864679527,RSM (I-optimal),305,16
X3 (non-informative),X3,0.026137277883537532,RSM (I-optimal),305,16
Random Normal,Random Normal,0.16017474347016572,RSM (I-optimal),305,16
X1,X1,0.3009378373719218,RSM (I-optimal),306,16
X2,X2,0.5508561315656785,RSM (I-optimal),306,16
X3 (non-informative),X3,0.04379375690335803,RSM (I-optimal),306,16
Random Normal,Random Normal,0.1044122741590417,RSM (I-optimal),306,16
X1,X1,0.26325786737606627,RSM (I-optimal),307,16
X2,X2,0.6008673015316351,RSM (I-optimal),307,16
X3 (non-informative),X3,0.02402890023893361,RSM (I-optimal),307,16
Random Normal,Random Normal,0.11184593085336494,RSM (I-optimal),307,16
X1,X1,0.21964644828361646,RSM (I-optimal),308,16
X2,X2,0.4259394653517875,RSM (I-optimal),308,16
X3 (non-informative),X3,0.021533498490937376,RSM (I-optimal),308,16
Random Normal,Random Normal,0.3328805878736587,RSM (I-optimal),308,16
X1,X1,0.2954626773958452,RSM (I-optimal),309,16
X2,X2,0.5715437836609162,RSM (I-optimal),309,16
X3 (non-informative),X3,0.026450950751970317,RSM (I-optimal),309,16
Random Normal,Random Normal,0.10654258819126829,RSM (I-optimal),309,16
X1,X1,0.1630241690187083,RSM (I-optimal),310,16
X2,X2,0.48976974038129345,RSM (I-optimal),310,16
X3 (non-informative),X3,0.03307212253969378,RSM (I-optimal),310,16
Random Normal,Random Normal,0.3141339680603045,RSM (I-optimal),310,16
X1,X1,0.1338905386108813,RSM (I-optimal),311,16
X2,X2,0.4289315335080376,RSM (I-optimal),311,16
X3 (non-informative),X3,0.03512549049832125,RSM (I-optimal),311,16
Random Normal,Random Normal,0.4020524373827598,RSM (I-optimal),311,16
X1,X1,0.25423163163306783,RSM (I-optimal),312,16
X2,X2,0.5507432616475778,RSM (I-optimal),312,16
X3 (non-informative),X3,0.028449375499835873,RSM (I-optimal),312,16
Random Normal,Random Normal,0.16657573121951844,RSM (I-optimal),312,16
X1,X1,0.20156156589437516,RSM (I-optimal),313,16
X2,X2,0.5640851278004514,RSM (I-optimal),313,16
X3 (non-informative),X3,0.023572458854267023,RSM (I-optimal),313,16
Random Normal,Random Normal,0.2107808474509064,RSM (I-optimal),313,16
X1,X1,0.1526246147808041,RSM (I-optimal),314,16
X2,X2,0.5054798191850357,RSM (I-optimal),314,16
X3 (non-informative),X3,0.03648901169963419,RSM (I-optimal),314,16
Random Normal,Random Normal,0.30540655433452607,RSM (I-optimal),314,16
X1,X1,0.06581830546397302,RSM (I-optimal),315,16
X2,X2,0.2778637204881068,RSM (I-optimal),315,16
X3 (non-informative),X3,0.013873000307196999,RSM (I-optimal),315,16
Random Normal,Random Normal,0.6424449737407233,RSM (I-optimal),315,16
X1,X1,0.2768421964814912,RSM (I-optimal),316,16
X2,X2,0.5609793909666877,RSM (I-optimal),316,16
X3 (non-informative),X3,0.020937012501762955,RSM (I-optimal),316,16
Random Normal,Random Normal,0.1412414000500581,RSM (I-optimal),316,16
X1,X1,0.1605254438950538,RSM (I-optimal),317,16
X2,X2,0.6203367082257499,RSM (I-optimal),317,16
X3 (non-informative),X3,0.04375965784430536,RSM (I-optimal),317,16
Random Normal,Random Normal,0.17537819003489089,RSM (I-optimal),317,16
X1,X1,0.11228788164792809,RSM (I-optimal),318,16
X2,X2,0.3331974896431453,RSM (I-optimal),318,16
X3 (non-informative),X3,0.03548912865364248,RSM (I-optimal),318,16
Random Normal,Random Normal,0.5190255000552841,RSM (I-optimal),318,16
X1,X1,0.3034526320020447,RSM (I-optimal),319,16
X2,X2,0.5754338451429944,RSM (I-optimal),319,16
X3 (non-informative),X3,0.022323503999937027,RSM (I-optimal),319,16
Random Normal,Random Normal,0.09879001885502374,RSM (I-optimal),319,16
X1,X1,0.25003919793634016,RSM (I-optimal),320,16
X2,X2,0.5720172646825965,RSM (I-optimal),320,16
X3 (non-informative),X3,0.028758130246141794,RSM (I-optimal),320,16
Random Normal,Random Normal,0.14918540713492143,RSM (I-optimal),320,16
X1,X1,0.2897251123051724,RSM (I-optimal),321,16
X2,X2,0.5885666564583002,RSM (I-optimal),321,16
X3 (non-informative),X3,0.021570183176698985,RSM (I-optimal),321,16
Random Normal,Random Normal,0.10013804805982843,RSM (I-optimal),321,16
X1,X1,0.20011050307916384,RSM (I-optimal),322,16
X2,X2,0.546705735271681,RSM (I-optimal),322,16
X3 (non-informative),X3,0.03406362429757022,RSM (I-optimal),322,16
Random Normal,Random Normal,0.219120137351585,RSM (I-optimal),322,16
X1,X1,0.27689994094726195,RSM (I-optimal),323,16
X2,X2,0.6000325575542964,RSM (I-optimal),323,16
X3 (non-informative),X3,0.032759447324010836,RSM (I-optimal),323,16
Random Normal,Random Normal,0.09030805417443095,RSM (I-optimal),323,16
X1,X1,0.18568403011757764,RSM (I-optimal),324,16
X2,X2,0.5654119946516554,RSM (I-optimal),324,16
X3 (non-informative),X3,0.03246342360688744,RSM (I-optimal),324,16
Random Normal,Random Normal,0.21644055162387965,RSM (I-optimal),324,16
X1,X1,0.2367424531177659,RSM (I-optimal),325,16
X2,X2,0.5785377944390507,RSM (I-optimal),325,16
X3 (non-informative),X3,0.027340102228681853,RSM (I-optimal),325,16
Random Normal,Random Normal,0.15737965021450143,RSM (I-optimal),325,16
X1,X1,0.21660595478211933,RSM (I-optimal),326,16
X2,X2,0.5584803031270296,RSM (I-optimal),326,16
X3 (non-informative),X3,0.02479487132194799,RSM (I-optimal),326,16
Random Normal,Random Normal,0.2001188707689032,RSM (I-optimal),326,16
X1,X1,0.17421728244732493,RSM (I-optimal),327,16
X2,X2,0.5663347784362539,RSM (I-optimal),327,16
X3 (non-informative),X3,0.034887835770528945,RSM (I-optimal),327,16
Random Normal,Random Normal,0.22456010334589221,RSM (I-optimal),327,16
X1,X1,0.2171488750104666,RSM (I-optimal),328,16
X2,X2,0.5663693540787962,RSM (I-optimal),328,16
X3 (non-informative),X3,0.045776899823053295,RSM (I-optimal),328,16
Random Normal,Random Normal,0.17070487108768395,RSM (I-optimal),328,16
X1,X1,0.19951443984571474,RSM (I-optimal),329,16
X2,X2,0.5573904219681511,RSM (I-optimal),329,16
X3 (non-informative),X3,0.017665362001967676,RSM (I-optimal),329,16
Random Normal,Random Normal,0.22542977618416637,RSM (I-optimal),329,16
X1,X1,0.25688982227389767,RSM (I-optimal),330,16
X2,X2,0.6023594088313363,RSM (I-optimal),330,16
X3 (non-informative),X3,0.03369230279509507,RSM (I-optimal),330,16
Random Normal,Random Normal,0.1070584660996709,RSM (I-optimal),330,16
X1,X1,0.23302913815913548,RSM (I-optimal),331,16
X2,X2,0.6246177576436776,RSM (I-optimal),331,16
X3 (non-informative),X3,0.030520731003986435,RSM (I-optimal),331,16
Random Normal,Random Normal,0.1118323731932005,RSM (I-optimal),331,16
X1,X1,0.22535897427663487,RSM (I-optimal),332,16
X2,X2,0.5465555287760164,RSM (I-optimal),332,16
X3 (non-informative),X3,0.03577216959875547,RSM (I-optimal),332,16
Random Normal,Random Normal,0.19231332734859333,RSM (I-optimal),332,16
X1,X1,0.19579642803700872,RSM (I-optimal),333,16
X2,X2,0.5307840791414323,RSM (I-optimal),333,16
X3 (non-informative),X3,0.03804268530226381,RSM (I-optimal),333,16
Random Normal,Random Normal,0.2353768075192952,RSM (I-optimal),333,16
X1,X1,0.1837131577312039,RSM (I-optimal),334,16
X2,X2,0.6198736660750204,RSM (I-optimal),334,16
X3 (non-informative),X3,0.03380165738490918,RSM (I-optimal),334,16
Random Normal,Random Normal,0.16261151880886657,RSM (I-optimal),334,16
X1,X1,0.2764566628092362,RSM (I-optimal),335,16
X2,X2,0.5480445290485036,RSM (I-optimal),335,16
X3 (non-informative),X3,0.023872284761356354,RSM (I-optimal),335,16
Random Normal,Random Normal,0.1516265233809038,RSM (I-optimal),335,16
X1,X1,0.08559730123876406,RSM (I-optimal),336,16
X2,X2,0.6510622208460348,RSM (I-optimal),336,16
X3 (non-informative),X3,0.029505405818161096,RSM (I-optimal),336,16
Random Normal,Random Normal,0.2338350720970401,RSM (I-optimal),336,16
X1,X1,0.20329841873547883,RSM (I-optimal),337,16
X2,X2,0.49813278057359234,RSM (I-optimal),337,16
X3 (non-informative),X3,0.04437961511872559,RSM (I-optimal),337,16
Random Normal,Random Normal,0.2541891855722032,RSM (I-optimal),337,16
X1,X1,0.2207496424299794,RSM (I-optimal),338,16
X2,X2,0.43617253232625025,RSM (I-optimal),338,16
X3 (non-informative),X3,0.029484742022254824,RSM (I-optimal),338,16
Random Normal,Random Normal,0.3135930832215156,RSM (I-optimal),338,16
X1,X1,0.22199320810347345,RSM (I-optimal),339,16
X2,X2,0.597411124220635,RSM (I-optimal),339,16
X3 (non-informative),X3,0.037499788105622024,RSM (I-optimal),339,16
Random Normal,Random Normal,0.14309587957026948,RSM (I-optimal),339,16
X1,X1,0.14379694236168294,RSM (I-optimal),340,16
X2,X2,0.49850789405770723,RSM (I-optimal),340,16
X3 (non-informative),X3,0.06118439206080974,RSM (I-optimal),340,16
Random Normal,Random Normal,0.2965107715198002,RSM (I-optimal),340,16
X1,X1,0.21719879349827645,RSM (I-optimal),341,16
X2,X2,0.5976360861443332,RSM (I-optimal),341,16
X3 (non-informative),X3,0.03622867216468937,RSM (I-optimal),341,16
Random Normal,Random Normal,0.14893644819270085,RSM (I-optimal),341,16
X1,X1,0.27385190239324336,RSM (I-optimal),342,16
X2,X2,0.5634116491160621,RSM (I-optimal),342,16
X3 (non-informative),X3,0.023761238121801812,RSM (I-optimal),342,16
Random Normal,Random Normal,0.13897521036889265,RSM (I-optimal),342,16
X1,X1,0.24977072020337737,RSM (I-optimal),343,16
X2,X2,0.616452732427171,RSM (I-optimal),343,16
X3 (non-informative),X3,0.028912657393616474,RSM (I-optimal),343,16
Random Normal,Random Normal,0.1048638899758351,RSM (I-optimal),343,16
X1,X1,0.17501731404653978,RSM (I-optimal),344,16
X2,X2,0.4875442546090425,RSM (I-optimal),344,16
X3 (non-informative),X3,0.03599484813761144,RSM (I-optimal),344,16
Random Normal,Random Normal,0.3014435832068063,RSM (I-optimal),344,16
X1,X1,0.2937420801648194,RSM (I-optimal),345,16
X2,X2,0.555530965997859,RSM (I-optimal),345,16
X3 (non-informative),X3,0.024743011119225885,RSM (I-optimal),345,16
Random Normal,Random Normal,0.12598394271809574,RSM (I-optimal),345,16
X1,X1,0.2715346293537037,RSM (I-optimal),346,16
X2,X2,0.5742365682826863,RSM (I-optimal),346,16
X3 (non-informative),X3,0.0325096075392884,RSM (I-optimal),346,16
Random Normal,Random Normal,0.12171919482432157,RSM (I-optimal),346,16
X1,X1,0.2523922947417261,RSM (I-optimal),347,16
X2,X2,0.5441206200670785,RSM (I-optimal),347,16
X3 (non-informative),X3,0.022867622328275636,RSM (I-optimal),347,16
Random Normal,Random Normal,0.18061946286291974,RSM (I-optimal),347,16
X1,X1,0.2759686537466185,RSM (I-optimal),348,16
X2,X2,0.5047990472225965,RSM (I-optimal),348,16
X3 (non-informative),X3,0.019924769831589407,RSM (I-optimal),348,16
Random Normal,Random Normal,0.19930752919919556,RSM (I-optimal),348,16
X1,X1,0.2696610636012617,RSM (I-optimal),349,16
X2,X2,0.5666262486540383,RSM (I-optimal),349,16
X3 (non-informative),X3,0.03611384752662499,RSM (I-optimal),349,16
Random Normal,Random Normal,0.127598840218075,RSM (I-optimal),349,16
X1,X1,0.13625896785296243,RSM (I-optimal),350,16
X2,X2,0.4324863063583756,RSM (I-optimal),350,16
X3 (non-informative),X3,0.02716951465875726,RSM (I-optimal),350,16
Random Normal,Random Normal,0.40408521112990475,RSM (I-optimal),350,16
X1,X1,0.19998694091144545,RSM (I-optimal),351,16
X2,X2,0.4115193738221188,RSM (I-optimal),351,16
X3 (non-informative),X3,0.035639126920890295,RSM (I-optimal),351,16
Random Normal,Random Normal,0.3528545583455455,RSM (I-optimal),351,16
X1,X1,0.1362800788592262,RSM (I-optimal),352,16
X2,X2,0.4544872082251114,RSM (I-optimal),352,16
X3 (non-informative),X3,0.030966550375647297,RSM (I-optimal),352,16
Random Normal,Random Normal,0.3782661625400151,RSM (I-optimal),352,16
X1,X1,0.25566703312362543,RSM (I-optimal),353,16
X2,X2,0.48924147268885276,RSM (I-optimal),353,16
X3 (non-informative),X3,0.04829948746461731,RSM (I-optimal),353,16
Random Normal,Random Normal,0.20679200672290454,RSM (I-optimal),353,16
X1,X1,0.28895784650527084,RSM (I-optimal),354,16
X2,X2,0.5414581452615972,RSM (I-optimal),354,16
X3 (non-informative),X3,0.04471697923393096,RSM (I-optimal),354,16
Random Normal,Random Normal,0.12486702899920096,RSM (I-optimal),354,16
X1,X1,0.2946496819562988,RSM (I-optimal),355,16
X2,X2,0.5880711516184048,RSM (I-optimal),355,16
X3 (non-informative),X3,0.02558349840789005,RSM (I-optimal),355,16
Random Normal,Random Normal,0.09169566801740625,RSM (I-optimal),355,16
X1,X1,0.21486800497968117,RSM (I-optimal),356,16
X2,X2,0.5858593202650548,RSM (I-optimal),356,16
X3 (non-informative),X3,0.03409735781414245,RSM (I-optimal),356,16
Random Normal,Random Normal,0.16517531694112156,RSM (I-optimal),356,16
X1,X1,0.2068237008865536,RSM (I-optimal),357,16
X2,X2,0.5461320186364761,RSM (I-optimal),357,16
X3 (non-informative),X3,0.03103877291111314,RSM (I-optimal),357,16
Random Normal,Random Normal,0.21600550756585718,RSM (I-optimal),357,16
X1,X1,0.24426144265236144,RSM (I-optimal),358,16
X2,X2,0.6179091476243483,RSM (I-optimal),358,16
X3 (non-informative),X3,0.03720672405961079,RSM (I-optimal),358,16
Random Normal,Random Normal,0.10062268566367942,RSM (I-optimal),358,16
X1,X1,0.2462959001448485,RSM (I-optimal),359,16
X2,X2,0.5697797143581331,RSM (I-optimal),359,16
X3 (non-informative),X3,0.02489143906514432,RSM (I-optimal),359,16
Random Normal,Random Normal,0.15903294643187404,RSM (I-optimal),359,16
X1,X1,0.0802333764423145,RSM (I-optimal),360,16
X2,X2,0.5861475565421256,RSM (I-optimal),360,16
X3 (non-informative),X3,0.007324794986404572,RSM (I-optimal),360,16
Random Normal,Random Normal,0.3262942720291554,RSM (I-optimal),360,16
X1,X1,0.14762892690449167,RSM (I-optimal),361,16
X2,X2,0.6300124331052551,RSM (I-optimal),361,16
X3 (non-informative),X3,0.033894627150997704,RSM (I-optimal),361,16
Random Normal,Random Normal,0.18846401283925543,RSM (I-optimal),361,16
X1,X1,0.21233732588115492,RSM (I-optimal),362,16
X2,X2,0.4916839436187885,RSM (I-optimal),362,16
X3 (non-informative),X3,0.05016462745589616,RSM (I-optimal),362,16
Random Normal,Random Normal,0.24581410304416043,RSM (I-optimal),362,16
X1,X1,0.23109236780069797,RSM (I-optimal),363,16
X2,X2,0.5752573461301222,RSM (I-optimal),363,16
X3 (non-informative),X3,0.03702964250628608,RSM (I-optimal),363,16
Random Normal,Random Normal,0.15662064356289368,RSM (I-optimal),363,16
X1,X1,0.21430361446568028,RSM (I-optimal),364,16
X2,X2,0.46444714930296266,RSM (I-optimal),364,16
X3 (non-informative),X3,0.030895589327531465,RSM (I-optimal),364,16
Random Normal,Random Normal,0.29035364690382565,RSM (I-optimal),364,16
X1,X1,0.15482811923290585,RSM (I-optimal),365,16
X2,X2,0.5727951719065054,RSM (I-optimal),365,16
X3 (non-informative),X3,0.01697479116595049,RSM (I-optimal),365,16
Random Normal,Random Normal,0.2554019176946382,RSM (I-optimal),365,16
X1,X1,0.20474796422066346,RSM (I-optimal),366,16
X2,X2,0.5038307179643928,RSM (I-optimal),366,16
X3 (non-informative),X3,0.008215706105205766,RSM (I-optimal),366,16
Random Normal,Random Normal,0.2832056117097379,RSM (I-optimal),366,16
X1,X1,0.1797776185894658,RSM (I-optimal),367,16
X2,X2,0.5416421445898415,RSM (I-optimal),367,16
X3 (non-informative),X3,0.05691510896537003,RSM (I-optimal),367,16
Random Normal,Random Normal,0.22166512785532255,RSM (I-optimal),367,16
X1,X1,0.273188691939544,RSM (I-optimal),368,16
X2,X2,0.5750501781997721,RSM (I-optimal),368,16
X3 (non-informative),X3,0.030939575437995418,RSM (I-optimal),368,16
Random Normal,Random Normal,0.12082155442268847,RSM (I-optimal),368,16
X1,X1,0.2511812244355015,RSM (I-optimal),369,16
X2,X2,0.4693928404987287,RSM (I-optimal),369,16
X3 (non-informative),X3,0.03335071828096891,RSM (I-optimal),369,16
Random Normal,Random Normal,0.24607521678480082,RSM (I-optimal),369,16
X1,X1,0.24942768402496712,RSM (I-optimal),370,16
X2,X2,0.5933424918137401,RSM (I-optimal),370,16
X3 (non-informative),X3,0.04871779193549904,RSM (I-optimal),370,16
Random Normal,Random Normal,0.10851203222579381,RSM (I-optimal),370,16
X1,X1,0.07547740653779596,RSM (I-optimal),371,16
X2,X2,0.4164057323826041,RSM (I-optimal),371,16
X3 (non-informative),X3,0.024375726836593222,RSM (I-optimal),371,16
Random Normal,Random Normal,0.4837411342430068,RSM (I-optimal),371,16
X1,X1,0.2670158307379024,RSM (I-optimal),372,16
X2,X2,0.5086310960277257,RSM (I-optimal),372,16
X3 (non-informative),X3,0.029125006088462215,RSM (I-optimal),372,16
Random Normal,Random Normal,0.19522806714590962,RSM (I-optimal),372,16
X1,X1,0.21021962235946162,RSM (I-optimal),373,16
X2,X2,0.5280978741097517,RSM (I-optimal),373,16
X3 (non-informative),X3,0.038825901818309104,RSM (I-optimal),373,16
Random Normal,Random Normal,0.22285660171247754,RSM (I-optimal),373,16
X1,X1,0.1057953737037297,RSM (I-optimal),374,16
X2,X2,0.5315731051549387,RSM (I-optimal),374,16
X3 (non-informative),X3,0.03102648116452355,RSM (I-optimal),374,16
Random Normal,Random Normal,0.33160503997680807,RSM (I-optimal),374,16
X1,X1,0.2024638865853279,RSM (I-optimal),375,16
X2,X2,0.5358038751332758,RSM (I-optimal),375,16
X3 (non-informative),X3,0.027200104719443497,RSM (I-optimal),375,16
Random Normal,Random Normal,0.23453213356195277,RSM (I-optimal),375,16
X1,X1,0.2617230722581407,RSM (I-optimal),376,16
X2,X2,0.5728566939177145,RSM (I-optimal),376,16
X3 (non-informative),X3,0.02598907201074301,RSM (I-optimal),376,16
Random Normal,Random Normal,0.13943116181340173,RSM (I-optimal),376,16
X1,X1,0.19064111107015994,RSM (I-optimal),377,16
X2,X2,0.46833558000684133,RSM (I-optimal),377,16
X3 (non-informative),X3,0.06991159527111351,RSM (I-optimal),377,16
Random Normal,Random Normal,0.2711117136518852,RSM (I-optimal),377,16
X1,X1,0.17771094753437963,RSM (I-optimal),378,16
X2,X2,0.48435349973498815,RSM (I-optimal),378,16
X3 (non-informative),X3,0.03803220713603153,RSM (I-optimal),378,16
Random Normal,Random Normal,0.29990334559460075,RSM (I-optimal),378,16
X1,X1,0.24952361060140163,RSM (I-optimal),379,16
X2,X2,0.6474536719076139,RSM (I-optimal),379,16
X3 (non-informative),X3,0.02997556003684224,RSM (I-optimal),379,16
Random Normal,Random Normal,0.0730471574541422,RSM (I-optimal),379,16
X1,X1,0.2997782980038324,RSM (I-optimal),380,16
X2,X2,0.4861047432285985,RSM (I-optimal),380,16
X3 (non-informative),X3,0.033620955332506995,RSM (I-optimal),380,16
Random Normal,Random Normal,0.18049600343506217,RSM (I-optimal),380,16
X1,X1,0.29276589817578297,RSM (I-optimal),381,16
X2,X2,0.5093154301065861,RSM (I-optimal),381,16
X3 (non-informative),X3,0.03716170561235934,RSM (I-optimal),381,16
Random Normal,Random Normal,0.16075696610527157,RSM (I-optimal),381,16
X1,X1,0.23942867947135527,RSM (I-optimal),382,16
X2,X2,0.5626447050195974,RSM (I-optimal),382,16
X3 (non-informative),X3,0.028114076845473433,RSM (I-optimal),382,16
Random Normal,Random Normal,0.1698125386635738,RSM (I-optimal),382,16
X1,X1,0.20312879565582853,RSM (I-optimal),383,16
X2,X2,0.47574623243169767,RSM (I-optimal),383,16
X3 (non-informative),X3,0.025700494976238997,RSM (I-optimal),383,16
Random Normal,Random Normal,0.29542447693623486,RSM (I-optimal),383,16
X1,X1,0.31281555619495005,RSM (I-optimal),384,16
X2,X2,0.5190978618968675,RSM (I-optimal),384,16
X3 (non-informative),X3,0.03455272835332898,RSM (I-optimal),384,16
Random Normal,Random Normal,0.1335338535548536,RSM (I-optimal),384,16
X1,X1,0.21742238228822058,RSM (I-optimal),385,16
X2,X2,0.5460144565122456,RSM (I-optimal),385,16
X3 (non-informative),X3,0.06536150237996938,RSM (I-optimal),385,16
Random Normal,Random Normal,0.1712016588195645,RSM (I-optimal),385,16
X1,X1,0.278994956637612,RSM (I-optimal),386,16
X2,X2,0.6081833193995281,RSM (I-optimal),386,16
X3 (non-informative),X3,0.01636336632361447,RSM (I-optimal),386,16
Random Normal,Random Normal,0.09645835763924542,RSM (I-optimal),386,16
X1,X1,0.2888078704873746,RSM (I-optimal),387,16
X2,X2,0.5551050319688015,RSM (I-optimal),387,16
X3 (non-informative),X3,0.030743237663597874,RSM (I-optimal),387,16
Random Normal,Random Normal,0.12534385988022595,RSM (I-optimal),387,16
X1,X1,0.25182573394018004,RSM (I-optimal),388,16
X2,X2,0.5353822461204994,RSM (I-optimal),388,16
X3 (non-informative),X3,0.05006955497790975,RSM (I-optimal),388,16
Random Normal,Random Normal,0.16272246496141077,RSM (I-optimal),388,16
X1,X1,0.2375027983115467,RSM (I-optimal),389,16
X2,X2,0.6058129284039854,RSM (I-optimal),389,16
X3 (non-informative),X3,0.019886577022472336,RSM (I-optimal),389,16
Random Normal,Random Normal,0.13679769626199573,RSM (I-optimal),389,16
X1,X1,0.20243122858846527,RSM (I-optimal),390,16
X2,X2,0.5357184706841607,RSM (I-optimal),390,16
X3 (non-informative),X3,0.02703432607265975,RSM (I-optimal),390,16
Random Normal,Random Normal,0.23481597465471435,RSM (I-optimal),390,16
X1,X1,0.20994333359867787,RSM (I-optimal),391,16
X2,X2,0.5814800951026075,RSM (I-optimal),391,16
X3 (non-informative),X3,0.03338181795217687,RSM (I-optimal),391,16
Random Normal,Random Normal,0.17519475334653792,RSM (I-optimal),391,16
X1,X1,0.26936822496301643,RSM (I-optimal),392,16
X2,X2,0.5905233832446838,RSM (I-optimal),392,16
X3 (non-informative),X3,0.028354203741859697,RSM (I-optimal),392,16
Random Normal,Random Normal,0.11175418805044006,RSM (I-optimal),392,16
X1,X1,0.19072165698125038,RSM (I-optimal),393,16
X2,X2,0.5273577941116894,RSM (I-optimal),393,16
X3 (non-informative),X3,0.038808307657367994,RSM (I-optimal),393,16
Random Normal,Random Normal,0.24311224124969225,RSM (I-optimal),393,16
X1,X1,0.20653657423040758,RSM (I-optimal),394,16
X2,X2,0.5601206542757887,RSM (I-optimal),394,16
X3 (non-informative),X3,0.048358181046732944,RSM (I-optimal),394,16
Random Normal,Random Normal,0.18498459044707072,RSM (I-optimal),394,16
X1,X1,0.19421477767362874,RSM (I-optimal),395,16
X2,X2,0.5190092796838663,RSM (I-optimal),395,16
X3 (non-informative),X3,0.03759369075097259,RSM (I-optimal),395,16
Random Normal,Random Normal,0.2491822518915323,RSM (I-optimal),395,16
X1,X1,0.213316782494698,RSM (I-optimal),396,16
X2,X2,0.5666484955795653,RSM (I-optimal),396,16
X3 (non-informative),X3,0.03571900513974346,RSM (I-optimal),396,16
Random Normal,Random Normal,0.18431571678599326,RSM (I-optimal),396,16
X1,X1,0.23970802194445656,RSM (I-optimal),397,16
X2,X2,0.577223578284585,RSM (I-optimal),397,16
X3 (non-informative),X3,0.024889905470226365,RSM (I-optimal),397,16
Random Normal,Random Normal,0.15817849430073191,RSM (I-optimal),397,16
X1,X1,0.21697902454465723,RSM (I-optimal),398,16
X2,X2,0.48502382109982123,RSM (I-optimal),398,16
X3 (non-informative),X3,0.03680210014280349,RSM (I-optimal),398,16
Random Normal,Random Normal,0.26119505421271805,RSM (I-optimal),398,16
X1,X1,0.11588581801433301,RSM (I-optimal),399,16
X2,X2,0.5625996550103272,RSM (I-optimal),399,16
X3 (non-informative),X3,0.03103779138594909,RSM (I-optimal),399,16
Random Normal,Random Normal,0.29047673558939074,RSM (I-optimal),399,16
X1,X1,0.21109117756120022,RSM (I-optimal),400,16
X2,X2,0.462901834981972,RSM (I-optimal),400,16
X3 (non-informative),X3,0.041627825353477844,RSM (I-optimal),400,16
Random Normal,Random Normal,0.28437916210334996,RSM (I-optimal),400,16
X1,X1,0.3269159973159791,RSM (I-optimal),401,16
X2,X2,0.5573445700820553,RSM (I-optimal),401,16
X3 (non-informative),X3,0.014995203322200229,RSM (I-optimal),401,16
Random Normal,Random Normal,0.10074422927976538,RSM (I-optimal),401,16
X1,X1,0.1578329939101959,RSM (I-optimal),402,16
X2,X2,0.5865377247758004,RSM (I-optimal),402,16
X3 (non-informative),X3,0.025806884996548617,RSM (I-optimal),402,16
Random Normal,Random Normal,0.22982239631745516,RSM (I-optimal),402,16
X1,X1,0.21214544818063957,RSM (I-optimal),403,16
X2,X2,0.5107900975651504,RSM (I-optimal),403,16
X3 (non-informative),X3,0.054506957638941034,RSM (I-optimal),403,16
Random Normal,Random Normal,0.222557496615269,RSM (I-optimal),403,16
X1,X1,0.2769143566395309,RSM (I-optimal),404,16
X2,X2,0.5037556745308347,RSM (I-optimal),404,16
X3 (non-informative),X3,0.03176720212993319,RSM (I-optimal),404,16
Random Normal,Random Normal,0.18756276669970126,RSM (I-optimal),404,16
X1,X1,0.27070312306229205,RSM (I-optimal),405,16
X2,X2,0.6202449423770623,RSM (I-optimal),405,16
X3 (non-informative),X3,0.020313826757750616,RSM (I-optimal),405,16
Random Normal,Random Normal,0.08873810780289518,RSM (I-optimal),405,16
X1,X1,0.23956930042243704,RSM (I-optimal),406,16
X2,X2,0.5743301108058111,RSM (I-optimal),406,16
X3 (non-informative),X3,0.041846475176180446,RSM (I-optimal),406,16
Random Normal,Random Normal,0.14425411359557141,RSM (I-optimal),406,16
X1,X1,0.23790840095026602,RSM (I-optimal),407,16
X2,X2,0.4577142759103037,RSM (I-optimal),407,16
X3 (non-informative),X3,0.0405404698990879,RSM (I-optimal),407,16
Random Normal,Random Normal,0.26383685324034223,RSM (I-optimal),407,16
X1,X1,0.23324872370794808,RSM (I-optimal),408,16
X2,X2,0.6133978466135623,RSM (I-optimal),408,16
X3 (non-informative),X3,0.022196411911957918,RSM (I-optimal),408,16
Random Normal,Random Normal,0.1311570177665317,RSM (I-optimal),408,16
X1,X1,0.2356352806647227,RSM (I-optimal),409,16
X2,X2,0.5939293006759241,RSM (I-optimal),409,16
X3 (non-informative),X3,0.028619624244235767,RSM (I-optimal),409,16
Random Normal,Random Normal,0.14181579441511752,RSM (I-optimal),409,16
X1,X1,0.16498672350413873,RSM (I-optimal),410,16
X2,X2,0.5019174190498136,RSM (I-optimal),410,16
X3 (non-informative),X3,0.015546047621831887,RSM (I-optimal),410,16
Random Normal,Random Normal,0.3175498098242159,RSM (I-optimal),410,16
X1,X1,0.18765952225350932,RSM (I-optimal),411,16
X2,X2,0.5172986866908301,RSM (I-optimal),411,16
X3 (non-informative),X3,0.04658153378396958,RSM (I-optimal),411,16
Random Normal,Random Normal,0.24846025727169094,RSM (I-optimal),411,16
X1,X1,0.17470774776380593,RSM (I-optimal),412,16
X2,X2,0.49778248729394264,RSM (I-optimal),412,16
X3 (non-informative),X3,0.024147967493464168,RSM (I-optimal),412,16
Random Normal,Random Normal,0.30336179744878733,RSM (I-optimal),412,16
X1,X1,0.23542991128220636,RSM (I-optimal),413,16
X2,X2,0.5798872998735596,RSM (I-optimal),413,16
X3 (non-informative),X3,0.024184771472779587,RSM (I-optimal),413,16
Random Normal,Random Normal,0.16049801737145444,RSM (I-optimal),413,16
X1,X1,0.13802491162950864,RSM (I-optimal),414,16
X2,X2,0.47888987404280403,RSM (I-optimal),414,16
X3 (non-informative),X3,0.025994478511962727,RSM (I-optimal),414,16
Random Normal,Random Normal,0.3570907358157246,RSM (I-optimal),414,16
X1,X1,0.20559062362071895,RSM (I-optimal),415,16
X2,X2,0.5685360302532886,RSM (I-optimal),415,16
X3 (non-informative),X3,0.02868051328266358,RSM (I-optimal),415,16
Random Normal,Random Normal,0.19719283284332892,RSM (I-optimal),415,16
X1,X1,0.2377879200774171,RSM (I-optimal),416,16
X2,X2,0.6430110572580717,RSM (I-optimal),416,16
X3 (non-informative),X3,0.03155743088320264,RSM (I-optimal),416,16
Random Normal,Random Normal,0.08764359178130851,RSM (I-optimal),416,16
X1,X1,0.14469023257453736,RSM (I-optimal),417,16
X2,X2,0.5288600716319753,RSM (I-optimal),417,16
X3 (non-informative),X3,0.05151724787698201,RSM (I-optimal),417,16
Random Normal,Random Normal,0.2749324479165054,RSM (I-optimal),417,16
X1,X1,0.23046754448252635,RSM (I-optimal),418,16
X2,X2,0.5438717152153284,RSM (I-optimal),418,16
X3 (non-informative),X3,0.02768933953068533,RSM (I-optimal),418,16
Random Normal,Random Normal,0.19797140077145994,RSM (I-optimal),418,16
X1,X1,0.16520145886764404,RSM (I-optimal),419,16
X2,X2,0.5591099038912382,RSM (I-optimal),419,16
X3 (non-informative),X3,0.022424561946045918,RSM (I-optimal),419,16
Random Normal,Random Normal,0.2532640752950719,RSM (I-optimal),419,16
X1,X1,0.2831393965755856,RSM (I-optimal),420,16
X2,X2,0.4992142926149925,RSM (I-optimal),420,16
X3 (non-informative),X3,0.03927525340490595,RSM (I-optimal),420,16
Random Normal,Random Normal,0.17837105740451595,RSM (I-optimal),420,16
X1,X1,0.2785156818456256,RSM (I-optimal),421,16
X2,X2,0.5242865644031337,RSM (I-optimal),421,16
X3 (non-informative),X3,0.04607988172209252,RSM (I-optimal),421,16
Random Normal,Random Normal,0.15111787202914823,RSM (I-optimal),421,16
X1,X1,0.22477361863454998,RSM (I-optimal),422,16
X2,X2,0.5229084821980386,RSM (I-optimal),422,16
X3 (non-informative),X3,0.034002188017275295,RSM (I-optimal),422,16
Random Normal,Random Normal,0.21831571115013607,RSM (I-optimal),422,16
X1,X1,0.24752514223428287,RSM (I-optimal),423,16
X2,X2,0.606061647035655,RSM (I-optimal),423,16
X3 (non-informative),X3,0.04101790500718284,RSM (I-optimal),423,16
Random Normal,Random Normal,0.10539530572287921,RSM (I-optimal),423,16
X1,X1,0.13193830621179323,RSM (I-optimal),424,16
X2,X2,0.4682265637109398,RSM (I-optimal),424,16
X3 (non-informative),X3,0.024659501516861818,RSM (I-optimal),424,16
Random Normal,Random Normal,0.37517562856040515,RSM (I-optimal),424,16
X1,X1,0.2506183968784393,RSM (I-optimal),425,16
X2,X2,0.5736011684566086,RSM (I-optimal),425,16
X3 (non-informative),X3,0.0346447625432831,RSM (I-optimal),425,16
Random Normal,Random Normal,0.1411356721216691,RSM (I-optimal),425,16
X1,X1,0.25706826867662314,RSM (I-optimal),426,16
X2,X2,0.532433704790885,RSM (I-optimal),426,16
X3 (non-informative),X3,0.04505599656298605,RSM (I-optimal),426,16
Random Normal,Random Normal,0.16544202996950585,RSM (I-optimal),426,16
X1,X1,0.26670748465711197,RSM (I-optimal),427,16
X2,X2,0.49941261527330405,RSM (I-optimal),427,16
X3 (non-informative),X3,0.0342029779667408,RSM (I-optimal),427,16
Random Normal,Random Normal,0.19967692210284319,RSM (I-optimal),427,16
X1,X1,0.2057115056379174,RSM (I-optimal),428,16
X2,X2,0.5808100153288664,RSM (I-optimal),428,16
X3 (non-informative),X3,0.037085168992526146,RSM (I-optimal),428,16
Random Normal,Random Normal,0.17639331004068998,RSM (I-optimal),428,16
X1,X1,0.2604440973084067,RSM (I-optimal),429,16
X2,X2,0.5016986578358537,RSM (I-optimal),429,16
X3 (non-informative),X3,0.03972997658916931,RSM (I-optimal),429,16
Random Normal,Random Normal,0.1981272682665703,RSM (I-optimal),429,16
X1,X1,0.19739123532139513,RSM (I-optimal),430,16
X2,X2,0.4854186007431595,RSM (I-optimal),430,16
X3 (non-informative),X3,0.03856679489716282,RSM (I-optimal),430,16
Random Normal,Random Normal,0.2786233690382825,RSM (I-optimal),430,16
X1,X1,0.24006564422675403,RSM (I-optimal),431,16
X2,X2,0.5329320524301815,RSM (I-optimal),431,16
X3 (non-informative),X3,0.022334999128488377,RSM (I-optimal),431,16
Random Normal,Random Normal,0.2046673042145761,RSM (I-optimal),431,16
X1,X1,0.24773184927102768,RSM (I-optimal),432,16
X2,X2,0.43251085040960424,RSM (I-optimal),432,16
X3 (non-informative),X3,0.039979303703397924,RSM (I-optimal),432,16
Random Normal,Random Normal,0.2797779966159702,RSM (I-optimal),432,16
X1,X1,0.22014185788768492,RSM (I-optimal),433,16
X2,X2,0.5974747166453753,RSM (I-optimal),433,16
X3 (non-informative),X3,0.03142857648717675,RSM (I-optimal),433,16
Random Normal,Random Normal,0.150954848979763,RSM (I-optimal),433,16
X1,X1,0.1540491597138591,RSM (I-optimal),434,16
X2,X2,0.607264162138412,RSM (I-optimal),434,16
X3 (non-informative),X3,0.01874711004882681,RSM (I-optimal),434,16
Random Normal,Random Normal,0.21993956809890208,RSM (I-optimal),434,16
X1,X1,0.22633392802330454,RSM (I-optimal),435,16
X2,X2,0.5361241000142298,RSM (I-optimal),435,16
X3 (non-informative),X3,0.023288126271299635,RSM (I-optimal),435,16
Random Normal,Random Normal,0.21425384569116598,RSM (I-optimal),435,16
X1,X1,0.26375610888896966,RSM (I-optimal),436,16
X2,X2,0.5575990381625939,RSM (I-optimal),436,16
X3 (non-informative),X3,0.044666084002351385,RSM (I-optimal),436,16
Random Normal,Random Normal,0.13397876894608504,RSM (I-optimal),436,16
X1,X1,0.10620229000677289,RSM (I-optimal),437,16
X2,X2,0.52678924246091,RSM (I-optimal),437,16
X3 (non-informative),X3,0.019162513345092072,RSM (I-optimal),437,16
Random Normal,Random Normal,0.347845954187225,RSM (I-optimal),437,16
X1,X1,0.11148050455053152,RSM (I-optimal),438,16
X2,X2,0.48110275386607393,RSM (I-optimal),438,16
X3 (non-informative),X3,0.03119991143509283,RSM (I-optimal),438,16
Random Normal,Random Normal,0.37621683014830165,RSM (I-optimal),438,16
X1,X1,0.27662674005798177,RSM (I-optimal),439,16
X2,X2,0.5188144088862078,RSM (I-optimal),439,16
X3 (non-informative),X3,0.031635880979520706,RSM (I-optimal),439,16
Random Normal,Random Normal,0.17292297007628968,RSM (I-optimal),439,16
X1,X1,0.23765343169082823,RSM (I-optimal),440,16
X2,X2,0.5874403685220484,RSM (I-optimal),440,16
X3 (non-informative),X3,0.044367091616447134,RSM (I-optimal),440,16
Random Normal,Random Normal,0.1305391081706762,RSM (I-optimal),440,16
X1,X1,0.214087518973833,RSM (I-optimal),441,16
X2,X2,0.5143047499077262,RSM (I-optimal),441,16
X3 (non-informative),X3,0.07560907144173382,RSM (I-optimal),441,16
Random Normal,Random Normal,0.195998659676707,RSM (I-optimal),441,16
X1,X1,0.2949799690003245,RSM (I-optimal),442,16
X2,X2,0.5319951579878689,RSM (I-optimal),442,16
X3 (non-informative),X3,0.06710743327305224,RSM (I-optimal),442,16
Random Normal,Random Normal,0.10591743973875437,RSM (I-optimal),442,16
X1,X1,0.17171403862884624,RSM (I-optimal),443,16
X2,X2,0.5084044429923108,RSM (I-optimal),443,16
X3 (non-informative),X3,0.054219242736874534,RSM (I-optimal),443,16
Random Normal,Random Normal,0.2656622756419684,RSM (I-optimal),443,16
X1,X1,0.2862595866634438,RSM (I-optimal),444,16
X2,X2,0.49689640578125427,RSM (I-optimal),444,16
X3 (non-informative),X3,0.023256170731857224,RSM (I-optimal),444,16
Random Normal,Random Normal,0.19358783682344466,RSM (I-optimal),444,16
X1,X1,0.13631815964657135,RSM (I-optimal),445,16
X2,X2,0.5456039762382872,RSM (I-optimal),445,16
X3 (non-informative),X3,0.02487768325666812,RSM (I-optimal),445,16
Random Normal,Random Normal,0.2932001808584733,RSM (I-optimal),445,16
X1,X1,0.22300698117012213,RSM (I-optimal),446,16
X2,X2,0.5960579908843914,RSM (I-optimal),446,16
X3 (non-informative),X3,0.06079943632867871,RSM (I-optimal),446,16
Random Normal,Random Normal,0.12013559161680765,RSM (I-optimal),446,16
X1,X1,0.24258979738792297,RSM (I-optimal),447,16
X2,X2,0.5682579994384293,RSM (I-optimal),447,16
X3 (non-informative),X3,0.040013541363462087,RSM (I-optimal),447,16
Random Normal,Random Normal,0.14913866181018573,RSM (I-optimal),447,16
X1,X1,0.20312021725988877,RSM (I-optimal),448,16
X2,X2,0.480375541331305,RSM (I-optimal),448,16
X3 (non-informative),X3,0.03728780245117045,RSM (I-optimal),448,16
Random Normal,Random Normal,0.2792164389576358,RSM (I-optimal),448,16
X1,X1,0.2477948262159433,RSM (I-optimal),449,16
X2,X2,0.5563549761096487,RSM (I-optimal),449,16
X3 (non-informative),X3,0.02854749419454893,RSM (I-optimal),449,16
Random Normal,Random Normal,0.16730270347985915,RSM (I-optimal),449,16
X1,X1,0.24871771291844777,RSM (I-optimal),450,16
X2,X2,0.545599385272255,RSM (I-optimal),450,16
X3 (non-informative),X3,0.040992256493988244,RSM (I-optimal),450,16
Random Normal,Random Normal,0.164690645315309,RSM (I-optimal),450,16
X1,X1,0.1933424533506495,RSM (I-optimal),451,16
X2,X2,0.5701114889051018,RSM (I-optimal),451,16
X3 (non-informative),X3,0.037075807329851516,RSM (I-optimal),451,16
Random Normal,Random Normal,0.19947025041439714,RSM (I-optimal),451,16
X1,X1,0.26136809273059336,RSM (I-optimal),452,16
X2,X2,0.4504300511431781,RSM (I-optimal),452,16
X3 (non-informative),X3,0.04921254934155199,RSM (I-optimal),452,16
Random Normal,Random Normal,0.23898930678467656,RSM (I-optimal),452,16
X1,X1,0.23199927913217758,RSM (I-optimal),453,16
X2,X2,0.6117060202778054,RSM (I-optimal),453,16
X3 (non-informative),X3,0.01886505173369549,RSM (I-optimal),453,16
Random Normal,Random Normal,0.1374296488563216,RSM (I-optimal),453,16
X1,X1,0.1991052647556054,RSM (I-optimal),454,16
X2,X2,0.5899605770672476,RSM (I-optimal),454,16
X3 (non-informative),X3,0.02962030212745097,RSM (I-optimal),454,16
Random Normal,Random Normal,0.18131385604969621,RSM (I-optimal),454,16
X1,X1,0.14537417944805958,RSM (I-optimal),455,16
X2,X2,0.5162540730592058,RSM (I-optimal),455,16
X3 (non-informative),X3,0.03332811599649079,RSM (I-optimal),455,16
Random Normal,Random Normal,0.3050436314962439,RSM (I-optimal),455,16
X1,X1,0.13198616076007935,RSM (I-optimal),456,16
X2,X2,0.5453892612120581,RSM (I-optimal),456,16
X3 (non-informative),X3,0.04612732005982789,RSM (I-optimal),456,16
Random Normal,Random Normal,0.2764972579680346,RSM (I-optimal),456,16
X1,X1,0.18716188362323405,RSM (I-optimal),457,16
X2,X2,0.5258678893504264,RSM (I-optimal),457,16
X3 (non-informative),X3,0.03468079756501432,RSM (I-optimal),457,16
Random Normal,Random Normal,0.2522894294613252,RSM (I-optimal),457,16
X1,X1,0.11700877707121372,RSM (I-optimal),458,16
X2,X2,0.4215034798347896,RSM (I-optimal),458,16
X3 (non-informative),X3,0.02012599793797273,RSM (I-optimal),458,16
Random Normal,Random Normal,0.44136174515602394,RSM (I-optimal),458,16
X1,X1,0.27701930906378225,RSM (I-optimal),459,16
X2,X2,0.5185938381857581,RSM (I-optimal),459,16
X3 (non-informative),X3,0.028521157277386616,RSM (I-optimal),459,16
Random Normal,Random Normal,0.1758656954730729,RSM (I-optimal),459,16
X1,X1,0.2808952763947314,RSM (I-optimal),460,16
X2,X2,0.5424210588861087,RSM (I-optimal),460,16
X3 (non-informative),X3,0.03081660737946061,RSM (I-optimal),460,16
Random Normal,Random Normal,0.14586705733969932,RSM (I-optimal),460,16
X1,X1,0.2196732154629564,RSM (I-optimal),461,16
X2,X2,0.5712076923220479,RSM (I-optimal),461,16
X3 (non-informative),X3,0.026823087343750118,RSM (I-optimal),461,16
Random Normal,Random Normal,0.18229600487124561,RSM (I-optimal),461,16
X1,X1,0.24812639890173507,RSM (I-optimal),462,16
X2,X2,0.5536551361044467,RSM (I-optimal),462,16
X3 (non-informative),X3,0.0492248824725417,RSM (I-optimal),462,16
Random Normal,Random Normal,0.14899358252127642,RSM (I-optimal),462,16
X1,X1,0.30136636313553555,RSM (I-optimal),463,16
X2,X2,0.5426617849322425,RSM (I-optimal),463,16
X3 (non-informative),X3,0.0503145617000441,RSM (I-optimal),463,16
Random Normal,Random Normal,0.10565729023217786,RSM (I-optimal),463,16
X1,X1,0.259232925945959,RSM (I-optimal),464,16
X2,X2,0.470731456188418,RSM (I-optimal),464,16
X3 (non-informative),X3,0.04859916251815013,RSM (I-optimal),464,16
Random Normal,Random Normal,0.22143645534747286,RSM (I-optimal),464,16
X1,X1,0.21340359552113364,RSM (I-optimal),465,16
X2,X2,0.5951495715876439,RSM (I-optimal),465,16
X3 (non-informative),X3,0.0034350384676219933,RSM (I-optimal),465,16
Random Normal,Random Normal,0.18801179442360055,RSM (I-optimal),465,16
X1,X1,0.2407997040396452,RSM (I-optimal),466,16
X2,X2,0.5572040041837888,RSM (I-optimal),466,16
X3 (non-informative),X3,0.03914418374871086,RSM (I-optimal),466,16
Random Normal,Random Normal,0.16285210802785519,RSM (I-optimal),466,16
X1,X1,0.26045378094680144,RSM (I-optimal),467,16
X2,X2,0.46105548141630426,RSM (I-optimal),467,16
X3 (non-informative),X3,0.028109087957007527,RSM (I-optimal),467,16
Random Normal,Random Normal,0.25038164967988674,RSM (I-optimal),467,16
X1,X1,0.1629511880242739,RSM (I-optimal),468,16
X2,X2,0.5670864798323143,RSM (I-optimal),468,16
X3 (non-informative),X3,0.01925568161987476,RSM (I-optimal),468,16
Random Normal,Random Normal,0.250706650523537,RSM (I-optimal),468,16
X1,X1,0.1872022331699291,RSM (I-optimal),469,16
X2,X2,0.6034122524423337,RSM (I-optimal),469,16
X3 (non-informative),X3,0.03731039721493481,RSM (I-optimal),469,16
Random Normal,Random Normal,0.1720751171728024,RSM (I-optimal),469,16
X1,X1,0.2340840413171965,RSM (I-optimal),470,16
X2,X2,0.4697705886298846,RSM (I-optimal),470,16
X3 (non-informative),X3,0.04426834800965299,RSM (I-optimal),470,16
Random Normal,Random Normal,0.25187702204326595,RSM (I-optimal),470,16
X1,X1,0.21677443525461773,RSM (I-optimal),471,16
X2,X2,0.5635994746718822,RSM (I-optimal),471,16
X3 (non-informative),X3,0.03732168290867243,RSM (I-optimal),471,16
Random Normal,Random Normal,0.18230440716482765,RSM (I-optimal),471,16
X1,X1,0.2259641736585345,RSM (I-optimal),472,16
X2,X2,0.5611743005438847,RSM (I-optimal),472,16
X3 (non-informative),X3,0.026423946235898554,RSM (I-optimal),472,16
Random Normal,Random Normal,0.18643757956168228,RSM (I-optimal),472,16
X1,X1,0.13778555783151297,RSM (I-optimal),473,16
X2,X2,0.4690653624245375,RSM (I-optimal),473,16
X3 (non-informative),X3,0.03887077884895204,RSM (I-optimal),473,16
Random Normal,Random Normal,0.35427830089499746,RSM (I-optimal),473,16
X1,X1,0.16286575325469566,RSM (I-optimal),474,16
X2,X2,0.3958911339876673,RSM (I-optimal),474,16
X3 (non-informative),X3,0.03183913967545565,RSM (I-optimal),474,16
Random Normal,Random Normal,0.40940397308218146,RSM (I-optimal),474,16
X1,X1,0.09308419039482749,RSM (I-optimal),475,16
X2,X2,0.2034474545665409,RSM (I-optimal),475,16
X3 (non-informative),X3,0.022352597607260594,RSM (I-optimal),475,16
Random Normal,Random Normal,0.6811157574313711,RSM (I-optimal),475,16
X1,X1,0.22363478681161003,RSM (I-optimal),476,16
X2,X2,0.5845565042216526,RSM (I-optimal),476,16
X3 (non-informative),X3,0.04638925534892408,RSM (I-optimal),476,16
Random Normal,Random Normal,0.14541945361781328,RSM (I-optimal),476,16
X1,X1,0.24090575207727194,RSM (I-optimal),477,16
X2,X2,0.5308298543221636,RSM (I-optimal),477,16
X3 (non-informative),X3,0.02092817245595971,RSM (I-optimal),477,16
Random Normal,Random Normal,0.20733622114460476,RSM (I-optimal),477,16
X1,X1,0.261661547115843,RSM (I-optimal),478,16
X2,X2,0.5380339223288768,RSM (I-optimal),478,16
X3 (non-informative),X3,0.042895969044953595,RSM (I-optimal),478,16
Random Normal,Random Normal,0.1574085615103266,RSM (I-optimal),478,16
X1,X1,0.25641397642806896,RSM (I-optimal),479,16
X2,X2,0.5016744628071665,RSM (I-optimal),479,16
X3 (non-informative),X3,0.05475752544628168,RSM (I-optimal),479,16
Random Normal,Random Normal,0.18715403531848274,RSM (I-optimal),479,16
X1,X1,0.22569110356051186,RSM (I-optimal),480,16
X2,X2,0.5959985382531484,RSM (I-optimal),480,16
X3 (non-informative),X3,0.0343936021636931,RSM (I-optimal),480,16
Random Normal,Random Normal,0.14391675602264667,RSM (I-optimal),480,16
X1,X1,0.25901355969787154,RSM (I-optimal),481,16
X2,X2,0.5531216852907491,RSM (I-optimal),481,16
X3 (non-informative),X3,0.04249343832751418,RSM (I-optimal),481,16
Random Normal,Random Normal,0.14537131668386527,RSM (I-optimal),481,16
X1,X1,0.1537283921648494,RSM (I-optimal),482,16
X2,X2,0.6026132503556196,RSM (I-optimal),482,16
X3 (non-informative),X3,0.032247481572674104,RSM (I-optimal),482,16
Random Normal,Random Normal,0.21141087590685684,RSM (I-optimal),482,16
X1,X1,0.22629801856640022,RSM (I-optimal),483,16
X2,X2,0.5153432120075198,RSM (I-optimal),483,16
X3 (non-informative),X3,0.048455924672867946,RSM (I-optimal),483,16
Random Normal,Random Normal,0.20990284475321214,RSM (I-optimal),483,16
X1,X1,0.27189740714436694,RSM (I-optimal),484,16
X2,X2,0.5915614789128659,RSM (I-optimal),484,16
X3 (non-informative),X3,0.0273343573516836,RSM (I-optimal),484,16
Random Normal,Random Normal,0.10920675659108345,RSM (I-optimal),484,16
X1,X1,0.24883345163717996,RSM (I-optimal),485,16
X2,X2,0.5616100093509813,RSM (I-optimal),485,16
X3 (non-informative),X3,0.025305585402680346,RSM (I-optimal),485,16
Random Normal,Random Normal,0.16425095360915834,RSM (I-optimal),485,16
X1,X1,0.14306367599006833,RSM (I-optimal),486,16
X2,X2,0.40609226366553286,RSM (I-optimal),486,16
X3 (non-informative),X3,0.051185498626781116,RSM (I-optimal),486,16
Random Normal,Random Normal,0.39965856171761777,RSM (I-optimal),486,16
X1,X1,0.22266887892711748,RSM (I-optimal),487,16
X2,X2,0.44099203357746053,RSM (I-optimal),487,16
X3 (non-informative),X3,0.024569935491881974,RSM (I-optimal),487,16
Random Normal,Random Normal,0.31176915200353994,RSM (I-optimal),487,16
X1,X1,0.20562575457809623,RSM (I-optimal),488,16
X2,X2,0.48422242295948537,RSM (I-optimal),488,16
X3 (non-informative),X3,0.029156463997588738,RSM (I-optimal),488,16
Random Normal,Random Normal,0.2809953584648296,RSM (I-optimal),488,16
X1,X1,0.31224857054585564,RSM (I-optimal),489,16
X2,X2,0.5364964037916288,RSM (I-optimal),489,16
X3 (non-informative),X3,0.0308677737069421,RSM (I-optimal),489,16
Random Normal,Random Normal,0.1203872519555735,RSM (I-optimal),489,16
X1,X1,0.222789425051147,RSM (I-optimal),490,16
X2,X2,0.5449976585272502,RSM (I-optimal),490,16
X3 (non-informative),X3,0.04853660000533404,RSM (I-optimal),490,16
Random Normal,Random Normal,0.18367631641626883,RSM (I-optimal),490,16
X1,X1,0.23606993446413058,RSM (I-optimal),491,16
X2,X2,0.5018606517593232,RSM (I-optimal),491,16
X3 (non-informative),X3,0.02892217761250715,RSM (I-optimal),491,16
Random Normal,Random Normal,0.23314723616403904,RSM (I-optimal),491,16
X1,X1,0.20189425238418882,RSM (I-optimal),492,16
X2,X2,0.5509249115553501,RSM (I-optimal),492,16
X3 (non-informative),X3,0.03587276555072923,RSM (I-optimal),492,16
Random Normal,Random Normal,0.2113080705097318,RSM (I-optimal),492,16
X1,X1,0.26565884869570666,RSM (I-optimal),493,16
X2,X2,0.5680346626585799,RSM (I-optimal),493,16
X3 (non-informative),X3,0.039167879208641,RSM (I-optimal),493,16
Random Normal,Random Normal,0.12713860943707236,RSM (I-optimal),493,16
X1,X1,0.18874740742982027,RSM (I-optimal),494,16
X2,X2,0.49679676798441874,RSM (I-optimal),494,16
X3 (non-informative),X3,0.04653953939034938,RSM (I-optimal),494,16
Random Normal,Random Normal,0.2679162851954116,RSM (I-optimal),494,16
X1,X1,0.3054764846813032,RSM (I-optimal),495,16
X2,X2,0.4868713214116604,RSM (I-optimal),495,16
X3 (non-informative),X3,0.05023548471069538,RSM (I-optimal),495,16
Random Normal,Random Normal,0.15741670919634101,RSM (I-optimal),495,16
X1,X1,0.27214967945017565,RSM (I-optimal),496,16
X2,X2,0.533453955392686,RSM (I-optimal),496,16
X3 (non-informative),X3,0.0423073303642237,RSM (I-optimal),496,16
Random Normal,Random Normal,0.15208903479291458,RSM (I-optimal),496,16
X1,X1,0.22842158694032744,RSM (I-optimal),497,16
X2,X2,0.578677918734381,RSM (I-optimal),497,16
X3 (non-informative),X3,0.04376982000098284,RSM (I-optimal),497,16
Random Normal,Random Normal,0.14913067432430865,RSM (I-optimal),497,16
X1,X1,0.13201259367769164,RSM (I-optimal),498,16
X2,X2,0.45555806916918723,RSM (I-optimal),498,16
X3 (non-informative),X3,0.030860110549596732,RSM (I-optimal),498,16
Random Normal,Random Normal,0.3815692266035244,RSM (I-optimal),498,16
X1,X1,0.25999110639267936,RSM (I-optimal),499,16
X2,X2,0.6120202168601003,RSM (I-optimal),499,16
X3 (non-informative),X3,0.02520266317230444,RSM (I-optimal),499,16
Random Normal,Random Normal,0.10278601357491586,RSM (I-optimal),499,16
X1,X1,0.2892907872863843,RSM (I-optimal),500,16
X2,X2,0.541887850470299,RSM (I-optimal),500,16
X3 (non-informative),X3,0.020686093826371044,RSM (I-optimal),500,16
Random Normal,Random Normal,0.14813526841694566,RSM (I-optimal),500,16
X1,X1,0.23286365554391122,RSM (I-optimal),501,16
X2,X2,0.563940947285776,RSM (I-optimal),501,16
X3 (non-informative),X3,0.043696808600640874,RSM (I-optimal),501,16
Random Normal,Random Normal,0.15949858856967175,RSM (I-optimal),501,16
X1,X1,0.18169880041199485,RSM (I-optimal),502,16
X2,X2,0.5367260821699212,RSM (I-optimal),502,16
X3 (non-informative),X3,0.028361984407525614,RSM (I-optimal),502,16
Random Normal,Random Normal,0.25321313301055826,RSM (I-optimal),502,16
X1,X1,0.07592927169106033,RSM (I-optimal),503,16
X2,X2,0.41219872126312473,RSM (I-optimal),503,16
X3 (non-informative),X3,0.03502594614625396,RSM (I-optimal),503,16
Random Normal,Random Normal,0.476846060899561,RSM (I-optimal),503,16
X1,X1,0.2430625709544554,RSM (I-optimal),504,16
X2,X2,0.5355692731719899,RSM (I-optimal),504,16
X3 (non-informative),X3,0.03988824374553822,RSM (I-optimal),504,16
Random Normal,Random Normal,0.18147991212801654,RSM (I-optimal),504,16
X1,X1,0.21104220558917758,RSM (I-optimal),505,16
X2,X2,0.56922862644769,RSM (I-optimal),505,16
X3 (non-informative),X3,0.03364695433589565,RSM (I-optimal),505,16
Random Normal,Random Normal,0.1860822136272368,RSM (I-optimal),505,16
X1,X1,0.2008713576944793,RSM (I-optimal),506,16
X2,X2,0.5860512974660183,RSM (I-optimal),506,16
X3 (non-informative),X3,0.034696940865363166,RSM (I-optimal),506,16
Random Normal,Random Normal,0.1783804039741393,RSM (I-optimal),506,16
X1,X1,0.22818246187103658,RSM (I-optimal),507,16
X2,X2,0.4825793898394476,RSM (I-optimal),507,16
X3 (non-informative),X3,0.051773050528035436,RSM (I-optimal),507,16
Random Normal,Random Normal,0.23746509776148042,RSM (I-optimal),507,16
X1,X1,0.14830507129876097,RSM (I-optimal),508,16
X2,X2,0.4738477374753938,RSM (I-optimal),508,16
X3 (non-informative),X3,0.036201822177035214,RSM (I-optimal),508,16
Random Normal,Random Normal,0.34164536904881,RSM (I-optimal),508,16
X1,X1,0.20252348240075194,RSM (I-optimal),509,16
X2,X2,0.5846908739825397,RSM (I-optimal),509,16
X3 (non-informative),X3,0.0300488827590708,RSM (I-optimal),509,16
Random Normal,Random Normal,0.18273676085763751,RSM (I-optimal),509,16
X1,X1,0.29440867007401517,RSM (I-optimal),510,16
X2,X2,0.5518379978989981,RSM (I-optimal),510,16
X3 (non-informative),X3,0.026931361031944438,RSM (I-optimal),510,16
Random Normal,Random Normal,0.1268219709950421,RSM (I-optimal),510,16
X1,X1,0.24579924749217733,RSM (I-optimal),511,16
X2,X2,0.564601639061509,RSM (I-optimal),511,16
X3 (non-informative),X3,0.04227219184019997,RSM (I-optimal),511,16
Random Normal,Random Normal,0.14732692160611366,RSM (I-optimal),511,16
X1,X1,0.24523095175001702,RSM (I-optimal),512,16
X2,X2,0.508203616296329,RSM (I-optimal),512,16
X3 (non-informative),X3,0.021932875779945956,RSM (I-optimal),512,16
Random Normal,Random Normal,0.22463255617370798,RSM (I-optimal),512,16
X1,X1,0.17864091565387208,RSM (I-optimal),513,16
X2,X2,0.6181037338490174,RSM (I-optimal),513,16
X3 (non-informative),X3,0.017322852259316512,RSM (I-optimal),513,16
Random Normal,Random Normal,0.185932498237794,RSM (I-optimal),513,16
X1,X1,0.2800904455450281,RSM (I-optimal),514,16
X2,X2,0.5990949051955461,RSM (I-optimal),514,16
X3 (non-informative),X3,0.016471265582390572,RSM (I-optimal),514,16
Random Normal,Random Normal,0.10434338367703509,RSM (I-optimal),514,16
X1,X1,0.266236574427121,RSM (I-optimal),515,16
X2,X2,0.5654331406208674,RSM (I-optimal),515,16
X3 (non-informative),X3,0.03381464629753812,RSM (I-optimal),515,16
Random Normal,Random Normal,0.13451563865447358,RSM (I-optimal),515,16
X1,X1,0.30137327147190257,RSM (I-optimal),516,16
X2,X2,0.5780881777602677,RSM (I-optimal),516,16
X3 (non-informative),X3,0.017687255627902097,RSM (I-optimal),516,16
Random Normal,Random Normal,0.10285129513992779,RSM (I-optimal),516,16
X1,X1,0.2543305224636604,RSM (I-optimal),517,16
X2,X2,0.5284160700587427,RSM (I-optimal),517,16
X3 (non-informative),X3,0.033506176973262546,RSM (I-optimal),517,16
Random Normal,Random Normal,0.1837472305043343,RSM (I-optimal),517,16
X1,X1,0.21879255734813538,RSM (I-optimal),518,16
X2,X2,0.6365002035932606,RSM (I-optimal),518,16
X3 (non-informative),X3,0.012183037996869558,RSM (I-optimal),518,16
Random Normal,Random Normal,0.13252420106173443,RSM (I-optimal),518,16
X1,X1,0.19069388026078563,RSM (I-optimal),519,16
X2,X2,0.6258992126698968,RSM (I-optimal),519,16
X3 (non-informative),X3,0.027927320406300363,RSM (I-optimal),519,16
Random Normal,Random Normal,0.15547958666301726,RSM (I-optimal),519,16
X1,X1,0.23749796699310613,RSM (I-optimal),520,16
X2,X2,0.5133382189438277,RSM (I-optimal),520,16
X3 (non-informative),X3,0.019620303290913615,RSM (I-optimal),520,16
Random Normal,Random Normal,0.22954351077215251,RSM (I-optimal),520,16
X1,X1,0.12987355951868526,RSM (I-optimal),521,16
X2,X2,0.688682360092267,RSM (I-optimal),521,16
X3 (non-informative),X3,0.0,RSM (I-optimal),521,16
Random Normal,Random Normal,0.18144408038904783,RSM (I-optimal),521,16
X1,X1,0.2754104185408216,RSM (I-optimal),522,16
X2,X2,0.5288416865742889,RSM (I-optimal),522,16
X3 (non-informative),X3,0.06410164936526747,RSM (I-optimal),522,16
Random Normal,Random Normal,0.13164624551962203,RSM (I-optimal),522,16
X1,X1,0.2292160660663162,RSM (I-optimal),523,16
X2,X2,0.5510405223204574,RSM (I-optimal),523,16
X3 (non-informative),X3,0.0324877639127679,RSM (I-optimal),523,16
Random Normal,Random Normal,0.18725564770045838,RSM (I-optimal),523,16
X1,X1,0.25051979865902574,RSM (I-optimal),524,16
X2,X2,0.4800280341409649,RSM (I-optimal),524,16
X3 (non-informative),X3,0.07397788445511123,RSM (I-optimal),524,16
Random Normal,Random Normal,0.19547428274489811,RSM (I-optimal),524,16
X1,X1,0.13180203411741717,RSM (I-optimal),525,16
X2,X2,0.4176954828697763,RSM (I-optimal),525,16
X3 (non-informative),X3,0.0331986113245609,RSM (I-optimal),525,16
Random Normal,Random Normal,0.4173038716882457,RSM (I-optimal),525,16
X1,X1,0.16758761585385287,RSM (I-optimal),526,16
X2,X2,0.5543827688314288,RSM (I-optimal),526,16
X3 (non-informative),X3,0.051149715473061304,RSM (I-optimal),526,16
Random Normal,Random Normal,0.2268798998416569,RSM (I-optimal),526,16
X1,X1,0.27049111414205185,RSM (I-optimal),527,16
X2,X2,0.5413883751949624,RSM (I-optimal),527,16
X3 (non-informative),X3,0.04709236022651558,RSM (I-optimal),527,16
Random Normal,Random Normal,0.14102815043647013,RSM (I-optimal),527,16
X1,X1,0.13699830135892993,RSM (I-optimal),528,16
X2,X2,0.590800962878337,RSM (I-optimal),528,16
X3 (non-informative),X3,0.019298989582139006,RSM (I-optimal),528,16
Random Normal,Random Normal,0.2529017461805939,RSM (I-optimal),528,16
X1,X1,0.19515620298425043,RSM (I-optimal),529,16
X2,X2,0.592849125597139,RSM (I-optimal),529,16
X3 (non-informative),X3,0.02262115140683414,RSM (I-optimal),529,16
Random Normal,Random Normal,0.1893735200117764,RSM (I-optimal),529,16
X1,X1,0.20819669149631156,RSM (I-optimal),530,16
X2,X2,0.5801032239202352,RSM (I-optimal),530,16
X3 (non-informative),X3,0.03393336671217688,RSM (I-optimal),530,16
Random Normal,Random Normal,0.17776671787127638,RSM (I-optimal),530,16
X1,X1,0.1917768753663801,RSM (I-optimal),531,16
X2,X2,0.5870756947160101,RSM (I-optimal),531,16
X3 (non-informative),X3,0.0330634214300812,RSM (I-optimal),531,16
Random Normal,Random Normal,0.1880840084875286,RSM (I-optimal),531,16
X1,X1,0.27763210806067934,RSM (I-optimal),532,16
X2,X2,0.5602259067113621,RSM (I-optimal),532,16
X3 (non-informative),X3,0.037358107293160726,RSM (I-optimal),532,16
Random Normal,Random Normal,0.12478387793479785,RSM (I-optimal),532,16
X1,X1,0.29770085095617754,RSM (I-optimal),533,16
X2,X2,0.5081080852974291,RSM (I-optimal),533,16
X3 (non-informative),X3,0.05255806183065158,RSM (I-optimal),533,16
Random Normal,Random Normal,0.1416330019157418,RSM (I-optimal),533,16
X1,X1,0.2763857074620421,RSM (I-optimal),534,16
X2,X2,0.5817044258775408,RSM (I-optimal),534,16
X3 (non-informative),X3,0.030563290919725136,RSM (I-optimal),534,16
Random Normal,Random Normal,0.11134657574069187,RSM (I-optimal),534,16
X1,X1,0.23994734012278612,RSM (I-optimal),535,16
X2,X2,0.4643485842616957,RSM (I-optimal),535,16
X3 (non-informative),X3,0.02857248701182602,RSM (I-optimal),535,16
Random Normal,Random Normal,0.2671315886036921,RSM (I-optimal),535,16
X1,X1,0.2991516710656688,RSM (I-optimal),536,16
X2,X2,0.5498311681173249,RSM (I-optimal),536,16
X3 (non-informative),X3,0.02846633594856456,RSM (I-optimal),536,16
Random Normal,Random Normal,0.12255082486844178,RSM (I-optimal),536,16
X1,X1,0.2258604351351427,RSM (I-optimal),537,16
X2,X2,0.533863585701942,RSM (I-optimal),537,16
X3 (non-informative),X3,0.033021033739122185,RSM (I-optimal),537,16
Random Normal,Random Normal,0.20725494542379308,RSM (I-optimal),537,16
X1,X1,0.27088109489799145,RSM (I-optimal),538,16
X2,X2,0.6050514831706941,RSM (I-optimal),538,16
X3 (non-informative),X3,0.022267341431823268,RSM (I-optimal),538,16
Random Normal,Random Normal,0.10180008049949123,RSM (I-optimal),538,16
X1,X1,0.19373970338272714,RSM (I-optimal),539,16
X2,X2,0.5558984739735573,RSM (I-optimal),539,16
X3 (non-informative),X3,0.05051636193117494,RSM (I-optimal),539,16
Random Normal,Random Normal,0.19984546071254064,RSM (I-optimal),539,16
X1,X1,0.23420793083938374,RSM (I-optimal),540,16
X2,X2,0.5248891099956919,RSM (I-optimal),540,16
X3 (non-informative),X3,0.03115345259547488,RSM (I-optimal),540,16
Random Normal,Random Normal,0.20974950656944938,RSM (I-optimal),540,16
X1,X1,0.2835280528518196,RSM (I-optimal),541,16
X2,X2,0.5530374977609601,RSM (I-optimal),541,16
X3 (non-informative),X3,0.03589500678618952,RSM (I-optimal),541,16
Random Normal,Random Normal,0.12753944260103084,RSM (I-optimal),541,16
X1,X1,0.1846904896193011,RSM (I-optimal),542,16
X2,X2,0.6592609077307785,RSM (I-optimal),542,16
X3 (non-informative),X3,0.02186039885526913,RSM (I-optimal),542,16
Random Normal,Random Normal,0.13418820379465135,RSM (I-optimal),542,16
X1,X1,0.2558635539827726,RSM (I-optimal),543,16
X2,X2,0.5133581445778109,RSM (I-optimal),543,16
X3 (non-informative),X3,0.014430613635811,RSM (I-optimal),543,16
Random Normal,Random Normal,0.2163476878036056,RSM (I-optimal),543,16
X1,X1,0.013730100869015894,RSM (I-optimal),544,16
X2,X2,0.3758750858160812,RSM (I-optimal),544,16
X3 (non-informative),X3,0.0878693190759799,RSM (I-optimal),544,16
Random Normal,Random Normal,0.522525494238923,RSM (I-optimal),544,16
X1,X1,0.24454109031762222,RSM (I-optimal),545,16
X2,X2,0.6202211002577387,RSM (I-optimal),545,16
X3 (non-informative),X3,0.03335381334246163,RSM (I-optimal),545,16
Random Normal,Random Normal,0.10188399608217752,RSM (I-optimal),545,16
X1,X1,0.2570487352593434,RSM (I-optimal),546,16
X2,X2,0.5324629740348469,RSM (I-optimal),546,16
X3 (non-informative),X3,0.04465059948885842,RSM (I-optimal),546,16
Random Normal,Random Normal,0.1658376912169513,RSM (I-optimal),546,16
X1,X1,0.17227548007627344,RSM (I-optimal),547,16
X2,X2,0.4054774183574293,RSM (I-optimal),547,16
X3 (non-informative),X3,0.05490148920350903,RSM (I-optimal),547,16
Random Normal,Random Normal,0.3673456123627883,RSM (I-optimal),547,16
X1,X1,0.24381635268638197,RSM (I-optimal),548,16
X2,X2,0.5653443253805358,RSM (I-optimal),548,16
X3 (non-informative),X3,0.02614457911808301,RSM (I-optimal),548,16
Random Normal,Random Normal,0.1646947428149992,RSM (I-optimal),548,16
X1,X1,0.15768512954468494,RSM (I-optimal),549,16
X2,X2,0.5055403069789033,RSM (I-optimal),549,16
X3 (non-informative),X3,0.04388823149139449,RSM (I-optimal),549,16
Random Normal,Random Normal,0.2928863319850173,RSM (I-optimal),549,16
X1,X1,0.26715217862921015,RSM (I-optimal),550,16
X2,X2,0.5470013791819001,RSM (I-optimal),550,16
X3 (non-informative),X3,0.050166335621240406,RSM (I-optimal),550,16
Random Normal,Random Normal,0.1356801065676494,RSM (I-optimal),550,16
X1,X1,0.27273370440890915,RSM (I-optimal),551,16
X2,X2,0.5690759031121826,RSM (I-optimal),551,16
X3 (non-informative),X3,0.04067250177182859,RSM (I-optimal),551,16
Random Normal,Random Normal,0.11751789070707962,RSM (I-optimal),551,16
X1,X1,0.21180777089281286,RSM (I-optimal),552,16
X2,X2,0.5978255163366564,RSM (I-optimal),552,16
X3 (non-informative),X3,0.030848406241877156,RSM (I-optimal),552,16
Random Normal,Random Normal,0.15951830652865362,RSM (I-optimal),552,16
X1,X1,0.2258199489286659,RSM (I-optimal),553,16
X2,X2,0.5265380933830988,RSM (I-optimal),553,16
X3 (non-informative),X3,0.03870884747302063,RSM (I-optimal),553,16
Random Normal,Random Normal,0.20893311021521468,RSM (I-optimal),553,16
X1,X1,0.1577486902837563,RSM (I-optimal),554,16
X2,X2,0.5040544740165378,RSM (I-optimal),554,16
X3 (non-informative),X3,0.03979977860424267,RSM (I-optimal),554,16
Random Normal,Random Normal,0.29839705709546327,RSM (I-optimal),554,16
X1,X1,0.23859370375737293,RSM (I-optimal),555,16
X2,X2,0.543233344554316,RSM (I-optimal),555,16
X3 (non-informative),X3,0.033643739956760885,RSM (I-optimal),555,16
Random Normal,Random Normal,0.1845292117315501,RSM (I-optimal),555,16
X1,X1,0.12083195303244898,RSM (I-optimal),556,16
X2,X2,0.47425438656729324,RSM (I-optimal),556,16
X3 (non-informative),X3,0.054643816480601494,RSM (I-optimal),556,16
Random Normal,Random Normal,0.3502698439196563,RSM (I-optimal),556,16
X1,X1,0.25695512927767594,RSM (I-optimal),557,16
X2,X2,0.5747567676816078,RSM (I-optimal),557,16
X3 (non-informative),X3,0.02696393706094132,RSM (I-optimal),557,16
Random Normal,Random Normal,0.14132416597977496,RSM (I-optimal),557,16
X1,X1,0.22955263689273475,RSM (I-optimal),558,16
X2,X2,0.6229801614121843,RSM (I-optimal),558,16
X3 (non-informative),X3,0.016956225257241282,RSM (I-optimal),558,16
Random Normal,Random Normal,0.13051097643783974,RSM (I-optimal),558,16
X1,X1,0.12851947915466527,RSM (I-optimal),559,16
X2,X2,0.5068396326593522,RSM (I-optimal),559,16
X3 (non-informative),X3,0.1239648683963344,RSM (I-optimal),559,16
Random Normal,Random Normal,0.24067601978964817,RSM (I-optimal),559,16
X1,X1,0.19142126835482787,RSM (I-optimal),560,16
X2,X2,0.5312449524632336,RSM (I-optimal),560,16
X3 (non-informative),X3,0.0414999526275669,RSM (I-optimal),560,16
Random Normal,Random Normal,0.23583382655437177,RSM (I-optimal),560,16
X1,X1,0.25932371084285116,RSM (I-optimal),561,16
X2,X2,0.5626089039171649,RSM (I-optimal),561,16
X3 (non-informative),X3,0.02977734454720042,RSM (I-optimal),561,16
Random Normal,Random Normal,0.14829004069278356,RSM (I-optimal),561,16
X1,X1,0.3035714819631642,RSM (I-optimal),562,16
X2,X2,0.5458672413089496,RSM (I-optimal),562,16
X3 (non-informative),X3,0.024740082582061056,RSM (I-optimal),562,16
Random Normal,Random Normal,0.12582119414582524,RSM (I-optimal),562,16
X1,X1,0.22254286937421672,RSM (I-optimal),563,16
X2,X2,0.5679882001417073,RSM (I-optimal),563,16
X3 (non-informative),X3,0.03887653444642705,RSM (I-optimal),563,16
Random Normal,Random Normal,0.17059239603764903,RSM (I-optimal),563,16
X1,X1,0.15063343204688476,RSM (I-optimal),564,16
X2,X2,0.5587487211174088,RSM (I-optimal),564,16
X3 (non-informative),X3,0.021577687347675848,RSM (I-optimal),564,16
Random Normal,Random Normal,0.26904015948803056,RSM (I-optimal),564,16
X1,X1,0.24350944169606376,RSM (I-optimal),565,16
X2,X2,0.5726038893282351,RSM (I-optimal),565,16
X3 (non-informative),X3,0.037159896335747004,RSM (I-optimal),565,16
Random Normal,Random Normal,0.14672677263995407,RSM (I-optimal),565,16
X1,X1,0.28775380238563053,RSM (I-optimal),566,16
X2,X2,0.56576668022242,RSM (I-optimal),566,16
X3 (non-informative),X3,0.01776067944856118,RSM (I-optimal),566,16
Random Normal,Random Normal,0.12871883794338823,RSM (I-optimal),566,16
X1,X1,0.202982895404649,RSM (I-optimal),567,16
X2,X2,0.56409442859067,RSM (I-optimal),567,16
X3 (non-informative),X3,0.036853324310503935,RSM (I-optimal),567,16
Random Normal,Random Normal,0.19606935169417714,RSM (I-optimal),567,16
X1,X1,0.22279272169649203,RSM (I-optimal),568,16
X2,X2,0.6563998516404778,RSM (I-optimal),568,16
X3 (non-informative),X3,0.04344497068212622,RSM (I-optimal),568,16
Random Normal,Random Normal,0.07736245598090408,RSM (I-optimal),568,16
X1,X1,0.21303840069282276,RSM (I-optimal),569,16
X2,X2,0.6057177324281208,RSM (I-optimal),569,16
X3 (non-informative),X3,0.027620601435281354,RSM (I-optimal),569,16
Random Normal,Random Normal,0.15362326544377508,RSM (I-optimal),569,16
X1,X1,0.24865072478571396,RSM (I-optimal),570,16
X2,X2,0.569572558105178,RSM (I-optimal),570,16
X3 (non-informative),X3,0.041015307837531496,RSM (I-optimal),570,16
Random Normal,Random Normal,0.14076140927157646,RSM (I-optimal),570,16
X1,X1,0.1740784581065557,RSM (I-optimal),571,16
X2,X2,0.5570264457940967,RSM (I-optimal),571,16
X3 (non-informative),X3,0.03366175267559732,RSM (I-optimal),571,16
Random Normal,Random Normal,0.23523334342375024,RSM (I-optimal),571,16
X1,X1,0.20110852564770385,RSM (I-optimal),572,16
X2,X2,0.544210224097616,RSM (I-optimal),572,16
X3 (non-informative),X3,0.029923323192708313,RSM (I-optimal),572,16
Random Normal,Random Normal,0.2247579270619718,RSM (I-optimal),572,16
X1,X1,0.2560670975885864,RSM (I-optimal),573,16
X2,X2,0.5857241501139598,RSM (I-optimal),573,16
X3 (non-informative),X3,0.035477301703184555,RSM (I-optimal),573,16
Random Normal,Random Normal,0.12273145059426917,RSM (I-optimal),573,16
X1,X1,0.1750478475719498,RSM (I-optimal),574,16
X2,X2,0.5643317085717456,RSM (I-optimal),574,16
X3 (non-informative),X3,0.03890260507668976,RSM (I-optimal),574,16
Random Normal,Random Normal,0.2217178387796148,RSM (I-optimal),574,16
X1,X1,0.21327071206029508,RSM (I-optimal),575,16
X2,X2,0.627319138801723,RSM (I-optimal),575,16
X3 (non-informative),X3,0.01725251183829491,RSM (I-optimal),575,16
Random Normal,Random Normal,0.1421576372996871,RSM (I-optimal),575,16
X1,X1,0.10212559023257538,RSM (I-optimal),576,16
X2,X2,0.5392757891939011,RSM (I-optimal),576,16
X3 (non-informative),X3,0.03760821315366005,RSM (I-optimal),576,16
Random Normal,Random Normal,0.3209904074198635,RSM (I-optimal),576,16
X1,X1,0.2900043760793195,RSM (I-optimal),577,16
X2,X2,0.5479170724271373,RSM (I-optimal),577,16
X3 (non-informative),X3,0.04073686239275367,RSM (I-optimal),577,16
Random Normal,Random Normal,0.12134168910078949,RSM (I-optimal),577,16
X1,X1,0.2884723499926447,RSM (I-optimal),578,16
X2,X2,0.5256820731217257,RSM (I-optimal),578,16
X3 (non-informative),X3,0.028618650207865023,RSM (I-optimal),578,16
Random Normal,Random Normal,0.15722692667776467,RSM (I-optimal),578,16
X1,X1,0.24039685701828148,RSM (I-optimal),579,16
X2,X2,0.48712958511136795,RSM (I-optimal),579,16
X3 (non-informative),X3,0.03894747783392359,RSM (I-optimal),579,16
Random Normal,Random Normal,0.2335260800364269,RSM (I-optimal),579,16
X1,X1,0.19461378220770773,RSM (I-optimal),580,16
X2,X2,0.5352375700107707,RSM (I-optimal),580,16
X3 (non-informative),X3,0.020603826576922273,RSM (I-optimal),580,16
Random Normal,Random Normal,0.24954482120459923,RSM (I-optimal),580,16
X1,X1,0.15481645164633126,RSM (I-optimal),581,16
X2,X2,0.44050475210663986,RSM (I-optimal),581,16
X3 (non-informative),X3,0.03439683573576736,RSM (I-optimal),581,16
Random Normal,Random Normal,0.37028196051126155,RSM (I-optimal),581,16
X1,X1,0.13108261512337632,RSM (I-optimal),582,16
X2,X2,0.4144234257113922,RSM (I-optimal),582,16
X3 (non-informative),X3,0.06376187593093671,RSM (I-optimal),582,16
Random Normal,Random Normal,0.39073208323429476,RSM (I-optimal),582,16
X1,X1,0.18090425112254777,RSM (I-optimal),583,16
X2,X2,0.609960003592152,RSM (I-optimal),583,16
X3 (non-informative),X3,0.03652548906005372,RSM (I-optimal),583,16
Random Normal,Random Normal,0.17261025622524648,RSM (I-optimal),583,16
X1,X1,0.25551838931571846,RSM (I-optimal),584,16
X2,X2,0.5103537492197934,RSM (I-optimal),584,16
X3 (non-informative),X3,0.04693910675937708,RSM (I-optimal),584,16
Random Normal,Random Normal,0.18718875470511112,RSM (I-optimal),584,16
X1,X1,0.1961482900826658,RSM (I-optimal),585,16
X2,X2,0.5802374413232242,RSM (I-optimal),585,16
X3 (non-informative),X3,0.018986835122330705,RSM (I-optimal),585,16
Random Normal,Random Normal,0.2046274334717793,RSM (I-optimal),585,16
X1,X1,0.15036548512280365,RSM (I-optimal),586,16
X2,X2,0.516291607749007,RSM (I-optimal),586,16
X3 (non-informative),X3,0.053481349966776386,RSM (I-optimal),586,16
Random Normal,Random Normal,0.279861557161413,RSM (I-optimal),586,16
X1,X1,0.18580368250797227,RSM (I-optimal),587,16
X2,X2,0.5035645465962254,RSM (I-optimal),587,16
X3 (non-informative),X3,0.05184542787973916,RSM (I-optimal),587,16
Random Normal,Random Normal,0.25878634301606307,RSM (I-optimal),587,16
X1,X1,0.0753448483992524,RSM (I-optimal),588,16
X2,X2,0.34212870723054634,RSM (I-optimal),588,16
X3 (non-informative),X3,0.08169149445901797,RSM (I-optimal),588,16
Random Normal,Random Normal,0.5008349499111834,RSM (I-optimal),588,16
X1,X1,0.2735774969307951,RSM (I-optimal),589,16
X2,X2,0.5892083354962799,RSM (I-optimal),589,16
X3 (non-informative),X3,0.01862512975194437,RSM (I-optimal),589,16
Random Normal,Random Normal,0.1185890378209806,RSM (I-optimal),589,16
X1,X1,0.2541630013897456,RSM (I-optimal),590,16
X2,X2,0.5600638169049729,RSM (I-optimal),590,16
X3 (non-informative),X3,0.04375716521325115,RSM (I-optimal),590,16
Random Normal,Random Normal,0.14201601649203044,RSM (I-optimal),590,16
X1,X1,0.15746662126162497,RSM (I-optimal),591,16
X2,X2,0.6558860469418206,RSM (I-optimal),591,16
X3 (non-informative),X3,0.013071263073149672,RSM (I-optimal),591,16
Random Normal,Random Normal,0.17357606872340467,RSM (I-optimal),591,16
X1,X1,0.2557805729087315,RSM (I-optimal),592,16
X2,X2,0.5822037997518082,RSM (I-optimal),592,16
X3 (non-informative),X3,0.04939330297191532,RSM (I-optimal),592,16
Random Normal,Random Normal,0.11262232436754491,RSM (I-optimal),592,16
X1,X1,0.10841734821247197,RSM (I-optimal),593,16
X2,X2,0.43969294156116284,RSM (I-optimal),593,16
X3 (non-informative),X3,0.07633800241492449,RSM (I-optimal),593,16
Random Normal,Random Normal,0.37555170781144065,RSM (I-optimal),593,16
X1,X1,0.21878451184992362,RSM (I-optimal),594,16
X2,X2,0.5264437223734052,RSM (I-optimal),594,16
X3 (non-informative),X3,0.02901007008233589,RSM (I-optimal),594,16
Random Normal,Random Normal,0.2257616956943353,RSM (I-optimal),594,16
X1,X1,0.23161503538797082,RSM (I-optimal),595,16
X2,X2,0.6227101765516893,RSM (I-optimal),595,16
X3 (non-informative),X3,0.03958781633684289,RSM (I-optimal),595,16
Random Normal,Random Normal,0.10608697172349706,RSM (I-optimal),595,16
X1,X1,0.2599732121512566,RSM (I-optimal),596,16
X2,X2,0.5487180264037618,RSM (I-optimal),596,16
X3 (non-informative),X3,0.017892846120677958,RSM (I-optimal),596,16
Random Normal,Random Normal,0.1734159153243035,RSM (I-optimal),596,16
X1,X1,0.2838379856307351,RSM (I-optimal),597,16
X2,X2,0.5291986302698695,RSM (I-optimal),597,16
X3 (non-informative),X3,0.02543952276054965,RSM (I-optimal),597,16
Random Normal,Random Normal,0.16152386133884583,RSM (I-optimal),597,16
X1,X1,0.1883193883045316,RSM (I-optimal),598,16
X2,X2,0.537997148314185,RSM (I-optimal),598,16
X3 (non-informative),X3,0.054112857435874226,RSM (I-optimal),598,16
Random Normal,Random Normal,0.21957060594540911,RSM (I-optimal),598,16
X1,X1,0.2779388521057159,RSM (I-optimal),599,16
X2,X2,0.4783581422458396,RSM (I-optimal),599,16
X3 (non-informative),X3,0.04045967286966642,RSM (I-optimal),599,16
Random Normal,Random Normal,0.20324333277877807,RSM (I-optimal),599,16
X1,X1,0.12848395678482585,RSM (I-optimal),600,16
X2,X2,0.4667391703193589,RSM (I-optimal),600,16
X3 (non-informative),X3,0.030659909842043715,RSM (I-optimal),600,16
Random Normal,Random Normal,0.3741169630537715,RSM (I-optimal),600,16
X1,X1,0.2166985575374751,RSM (I-optimal),601,16
X2,X2,0.5586609418916056,RSM (I-optimal),601,16
X3 (non-informative),X3,0.033692106044040535,RSM (I-optimal),601,16
Random Normal,Random Normal,0.19094839452687878,RSM (I-optimal),601,16
X1,X1,0.22850175449795498,RSM (I-optimal),602,16
X2,X2,0.5567304938930608,RSM (I-optimal),602,16
X3 (non-informative),X3,0.03835311936745537,RSM (I-optimal),602,16
Random Normal,Random Normal,0.1764146322415288,RSM (I-optimal),602,16
X1,X1,0.11475489080674722,RSM (I-optimal),603,16
X2,X2,0.45655895017855525,RSM (I-optimal),603,16
X3 (non-informative),X3,0.027932050962351875,RSM (I-optimal),603,16
Random Normal,Random Normal,0.4007541080523456,RSM (I-optimal),603,16
X1,X1,0.2757306797673812,RSM (I-optimal),604,16
X2,X2,0.5206480080518252,RSM (I-optimal),604,16
X3 (non-informative),X3,0.024159699993799875,RSM (I-optimal),604,16
Random Normal,Random Normal,0.17946161218699372,RSM (I-optimal),604,16
X1,X1,0.20437754363189517,RSM (I-optimal),605,16
X2,X2,0.5780017209221602,RSM (I-optimal),605,16
X3 (non-informative),X3,0.023368493928105433,RSM (I-optimal),605,16
Random Normal,Random Normal,0.19425224151783926,RSM (I-optimal),605,16
X1,X1,0.22629419047048271,RSM (I-optimal),606,16
X2,X2,0.5589294010971275,RSM (I-optimal),606,16
X3 (non-informative),X3,0.018256328814335383,RSM (I-optimal),606,16
Random Normal,Random Normal,0.19652007961805432,RSM (I-optimal),606,16
X1,X1,0.3013141503068428,RSM (I-optimal),607,16
X2,X2,0.4815602085735522,RSM (I-optimal),607,16
X3 (non-informative),X3,0.027917300571885316,RSM (I-optimal),607,16
Random Normal,Random Normal,0.1892083405477197,RSM (I-optimal),607,16
X1,X1,0.1517298748741795,RSM (I-optimal),608,16
X2,X2,0.4808659466970168,RSM (I-optimal),608,16
X3 (non-informative),X3,0.04858952357225952,RSM (I-optimal),608,16
Random Normal,Random Normal,0.31881465485654403,RSM (I-optimal),608,16
X1,X1,0.2939262292857721,RSM (I-optimal),609,16
X2,X2,0.5170446146656953,RSM (I-optimal),609,16
X3 (non-informative),X3,0.04408158290055254,RSM (I-optimal),609,16
Random Normal,Random Normal,0.14494757314798012,RSM (I-optimal),609,16
X1,X1,0.2027747798739198,RSM (I-optimal),610,16
X2,X2,0.49020421280224397,RSM (I-optimal),610,16
X3 (non-informative),X3,0.04299497459262033,RSM (I-optimal),610,16
Random Normal,Random Normal,0.26402603273121594,RSM (I-optimal),610,16
X1,X1,0.12192308677615447,RSM (I-optimal),611,16
X2,X2,0.40841087841961815,RSM (I-optimal),611,16
X3 (non-informative),X3,0.04645214045506246,RSM (I-optimal),611,16
Random Normal,Random Normal,0.4232138943491649,RSM (I-optimal),611,16
X1,X1,0.21633945454997303,RSM (I-optimal),612,16
X2,X2,0.5674679599233858,RSM (I-optimal),612,16
X3 (non-informative),X3,0.023024282983005153,RSM (I-optimal),612,16
Random Normal,Random Normal,0.19316830254363604,RSM (I-optimal),612,16
X1,X1,0.22638243008287876,RSM (I-optimal),613,16
X2,X2,0.5097987002533247,RSM (I-optimal),613,16
X3 (non-informative),X3,0.018087903874542788,RSM (I-optimal),613,16
Random Normal,Random Normal,0.2457309657892537,RSM (I-optimal),613,16
X1,X1,0.21353827275799994,RSM (I-optimal),614,16
X2,X2,0.5693640487539907,RSM (I-optimal),614,16
X3 (non-informative),X3,0.0445196687642776,RSM (I-optimal),614,16
Random Normal,Random Normal,0.17257800972373172,RSM (I-optimal),614,16
X1,X1,0.23702416812089708,RSM (I-optimal),615,16
X2,X2,0.569889221526147,RSM (I-optimal),615,16
X3 (non-informative),X3,0.06461004964301534,RSM (I-optimal),615,16
Random Normal,Random Normal,0.1284765607099406,RSM (I-optimal),615,16
X1,X1,0.2389213455447069,RSM (I-optimal),616,16
X2,X2,0.5775091815828628,RSM (I-optimal),616,16
X3 (non-informative),X3,0.03056936659961331,RSM (I-optimal),616,16
Random Normal,Random Normal,0.15300010627281696,RSM (I-optimal),616,16
X1,X1,0.20701931501207407,RSM (I-optimal),617,16
X2,X2,0.5185780831255933,RSM (I-optimal),617,16
X3 (non-informative),X3,0.053730402791299196,RSM (I-optimal),617,16
Random Normal,Random Normal,0.22067219907103341,RSM (I-optimal),617,16
X1,X1,0.20061485328020773,RSM (I-optimal),618,16
X2,X2,0.5278242007916217,RSM (I-optimal),618,16
X3 (non-informative),X3,0.046099868685837535,RSM (I-optimal),618,16
Random Normal,Random Normal,0.225461077242333,RSM (I-optimal),618,16
X1,X1,0.24602414155809427,RSM (I-optimal),619,16
X2,X2,0.5514293552200694,RSM (I-optimal),619,16
X3 (non-informative),X3,0.03988495132044288,RSM (I-optimal),619,16
Random Normal,Random Normal,0.1626615519013934,RSM (I-optimal),619,16
X1,X1,0.30378862600201334,RSM (I-optimal),620,16
X2,X2,0.5457943788368658,RSM (I-optimal),620,16
X3 (non-informative),X3,0.03482565730480333,RSM (I-optimal),620,16
Random Normal,Random Normal,0.11559133785631756,RSM (I-optimal),620,16
X1,X1,0.1981216151161831,RSM (I-optimal),621,16
X2,X2,0.5473449146500481,RSM (I-optimal),621,16
X3 (non-informative),X3,0.03295117791314874,RSM (I-optimal),621,16
Random Normal,Random Normal,0.22158229232062002,RSM (I-optimal),621,16
X1,X1,0.24994122478875982,RSM (I-optimal),622,16
X2,X2,0.5384348892731092,RSM (I-optimal),622,16
X3 (non-informative),X3,0.03583919939824627,RSM (I-optimal),622,16
Random Normal,Random Normal,0.17578468653988472,RSM (I-optimal),622,16
X1,X1,0.2520094609398843,RSM (I-optimal),623,16
X2,X2,0.5786100842623332,RSM (I-optimal),623,16
X3 (non-informative),X3,0.02990216298885444,RSM (I-optimal),623,16
Random Normal,Random Normal,0.13947829180892804,RSM (I-optimal),623,16
X1,X1,0.18586818898966154,RSM (I-optimal),624,16
X2,X2,0.5942973777673869,RSM (I-optimal),624,16
X3 (non-informative),X3,0.024333625335013695,RSM (I-optimal),624,16
Random Normal,Random Normal,0.1955008079079378,RSM (I-optimal),624,16
X1,X1,0.2965415966536251,RSM (I-optimal),625,16
X2,X2,0.5276696262046101,RSM (I-optimal),625,16
X3 (non-informative),X3,0.045874827879289315,RSM (I-optimal),625,16
Random Normal,Random Normal,0.12991394926247546,RSM (I-optimal),625,16
X1,X1,0.19435709680167065,RSM (I-optimal),626,16
X2,X2,0.6070189268393574,RSM (I-optimal),626,16
X3 (non-informative),X3,0.01996026416089504,RSM (I-optimal),626,16
Random Normal,Random Normal,0.1786637121980769,RSM (I-optimal),626,16
X1,X1,0.30538501779197486,RSM (I-optimal),627,16
X2,X2,0.4709860752828178,RSM (I-optimal),627,16
X3 (non-informative),X3,0.022047267521233368,RSM (I-optimal),627,16
Random Normal,Random Normal,0.20158163940397403,RSM (I-optimal),627,16
X1,X1,0.26508277707579353,RSM (I-optimal),628,16
X2,X2,0.44489811645532584,RSM (I-optimal),628,16
X3 (non-informative),X3,0.03863912245386233,RSM (I-optimal),628,16
Random Normal,Random Normal,0.25137998401501827,RSM (I-optimal),628,16
X1,X1,0.24198019048804142,RSM (I-optimal),629,16
X2,X2,0.5811812786162599,RSM (I-optimal),629,16
X3 (non-informative),X3,0.03897285245315671,RSM (I-optimal),629,16
Random Normal,Random Normal,0.137865678442542,RSM (I-optimal),629,16
X1,X1,0.21395018149928113,RSM (I-optimal),630,16
X2,X2,0.4863176124940513,RSM (I-optimal),630,16
X3 (non-informative),X3,0.03950501585214574,RSM (I-optimal),630,16
Random Normal,Random Normal,0.2602271901545218,RSM (I-optimal),630,16
X1,X1,0.19422308204729405,RSM (I-optimal),631,16
X2,X2,0.48685810503102533,RSM (I-optimal),631,16
X3 (non-informative),X3,0.029239933589519068,RSM (I-optimal),631,16
Random Normal,Random Normal,0.2896788793321615,RSM (I-optimal),631,16
X1,X1,0.21169819343730797,RSM (I-optimal),632,16
X2,X2,0.45720229508898025,RSM (I-optimal),632,16
X3 (non-informative),X3,0.05241432277396785,RSM (I-optimal),632,16
Random Normal,Random Normal,0.27868518869974385,RSM (I-optimal),632,16
X1,X1,0.22394345864750206,RSM (I-optimal),633,16
X2,X2,0.5212508324813763,RSM (I-optimal),633,16
X3 (non-informative),X3,0.03685481909609617,RSM (I-optimal),633,16
Random Normal,Random Normal,0.2179508897750255,RSM (I-optimal),633,16
X1,X1,0.2786336351779849,RSM (I-optimal),634,16
X2,X2,0.4955556988814559,RSM (I-optimal),634,16
X3 (non-informative),X3,0.022814507362707917,RSM (I-optimal),634,16
Random Normal,Random Normal,0.20299615857785136,RSM (I-optimal),634,16
X1,X1,0.2273773517916646,RSM (I-optimal),635,16
X2,X2,0.5695918636721915,RSM (I-optimal),635,16
X3 (non-informative),X3,0.023730851523043245,RSM (I-optimal),635,16
Random Normal,Random Normal,0.1792999330131007,RSM (I-optimal),635,16
X1,X1,0.2575503854140655,RSM (I-optimal),636,16
X2,X2,0.5500070546238206,RSM (I-optimal),636,16
X3 (non-informative),X3,0.05574141110683543,RSM (I-optimal),636,16
Random Normal,Random Normal,0.13670114885527854,RSM (I-optimal),636,16
X1,X1,0.2641647921086246,RSM (I-optimal),637,16
X2,X2,0.5118327531244864,RSM (I-optimal),637,16
X3 (non-informative),X3,0.05325311586215953,RSM (I-optimal),637,16
Random Normal,Random Normal,0.17074933890472946,RSM (I-optimal),637,16
X1,X1,0.25037131906266946,RSM (I-optimal),638,16
X2,X2,0.5495166487596227,RSM (I-optimal),638,16
X3 (non-informative),X3,0.033130362571561864,RSM (I-optimal),638,16
Random Normal,Random Normal,0.16698166960614588,RSM (I-optimal),638,16
X1,X1,0.19308187815587513,RSM (I-optimal),639,16
X2,X2,0.40777982811395785,RSM (I-optimal),639,16
X3 (non-informative),X3,0.04090935021452393,RSM (I-optimal),639,16
Random Normal,Random Normal,0.358228943515643,RSM (I-optimal),639,16
X1,X1,0.26577132346382243,RSM (I-optimal),640,16
X2,X2,0.5613195126828161,RSM (I-optimal),640,16
X3 (non-informative),X3,0.043816320275875446,RSM (I-optimal),640,16
Random Normal,Random Normal,0.1290928435774859,RSM (I-optimal),640,16
X1,X1,0.19850990125650403,RSM (I-optimal),641,16
X2,X2,0.5984083583871289,RSM (I-optimal),641,16
X3 (non-informative),X3,0.04356268285684015,RSM (I-optimal),641,16
Random Normal,Random Normal,0.1595190574995269,RSM (I-optimal),641,16
X1,X1,0.23254933308253795,RSM (I-optimal),642,16
X2,X2,0.6010045597692506,RSM (I-optimal),642,16
X3 (non-informative),X3,0.03488340205199726,RSM (I-optimal),642,16
Random Normal,Random Normal,0.13156270509621426,RSM (I-optimal),642,16
X1,X1,0.20816906072968677,RSM (I-optimal),643,16
X2,X2,0.5011065902278226,RSM (I-optimal),643,16
X3 (non-informative),X3,0.03016815310807148,RSM (I-optimal),643,16
Random Normal,Random Normal,0.26055619593441914,RSM (I-optimal),643,16
X1,X1,0.19369442629708347,RSM (I-optimal),644,16
X2,X2,0.5501801065306745,RSM (I-optimal),644,16
X3 (non-informative),X3,0.046731788990433995,RSM (I-optimal),644,16
Random Normal,Random Normal,0.209393678181808,RSM (I-optimal),644,16
X1,X1,0.19772174950998456,RSM (I-optimal),645,16
X2,X2,0.5744879667379165,RSM (I-optimal),645,16
X3 (non-informative),X3,0.030098954628809092,RSM (I-optimal),645,16
Random Normal,Random Normal,0.19769132912328993,RSM (I-optimal),645,16
X1,X1,0.23880422448087069,RSM (I-optimal),646,16
X2,X2,0.5930233473865797,RSM (I-optimal),646,16
X3 (non-informative),X3,0.028811086401063227,RSM (I-optimal),646,16
Random Normal,Random Normal,0.13936134173148645,RSM (I-optimal),646,16
X1,X1,0.1784919036232929,RSM (I-optimal),647,16
X2,X2,0.7003888368939009,RSM (I-optimal),647,16
X3 (non-informative),X3,0.011448835048568758,RSM (I-optimal),647,16
Random Normal,Random Normal,0.10967042443423757,RSM (I-optimal),647,16
X1,X1,0.26295610751551624,RSM (I-optimal),648,16
X2,X2,0.4915750809782298,RSM (I-optimal),648,16
X3 (non-informative),X3,0.03567606910335409,RSM (I-optimal),648,16
Random Normal,Random Normal,0.2097927424028999,RSM (I-optimal),648,16
X1,X1,0.22465175381126726,RSM (I-optimal),649,16
X2,X2,0.587648596363599,RSM (I-optimal),649,16
X3 (non-informative),X3,0.034459041843544334,RSM (I-optimal),649,16
Random Normal,Random Normal,0.15324060798158945,RSM (I-optimal),649,16
X1,X1,0.26090622641271205,RSM (I-optimal),650,16
X2,X2,0.44029975679433764,RSM (I-optimal),650,16
X3 (non-informative),X3,0.044881413045531254,RSM (I-optimal),650,16
Random Normal,Random Normal,0.25391260374741914,RSM (I-optimal),650,16
X1,X1,0.24171484246194977,RSM (I-optimal),651,16
X2,X2,0.5428056519978293,RSM (I-optimal),651,16
X3 (non-informative),X3,0.03367772191895876,RSM (I-optimal),651,16
Random Normal,Random Normal,0.1818017836212621,RSM (I-optimal),651,16
X1,X1,0.09640169859064661,RSM (I-optimal),652,16
X2,X2,0.4110945360874564,RSM (I-optimal),652,16
X3 (non-informative),X3,0.06502816068628965,RSM (I-optimal),652,16
Random Normal,Random Normal,0.4274756046356073,RSM (I-optimal),652,16
X1,X1,0.22924384004289483,RSM (I-optimal),653,16
X2,X2,0.497475198342587,RSM (I-optimal),653,16
X3 (non-informative),X3,0.027159135724648502,RSM (I-optimal),653,16
Random Normal,Random Normal,0.2461218258898697,RSM (I-optimal),653,16
X1,X1,0.20250073454328416,RSM (I-optimal),654,16
X2,X2,0.5925342741529283,RSM (I-optimal),654,16
X3 (non-informative),X3,0.035705838317305956,RSM (I-optimal),654,16
Random Normal,Random Normal,0.16925915298648164,RSM (I-optimal),654,16
X1,X1,0.1924861549574264,RSM (I-optimal),655,16
X2,X2,0.5256507493009538,RSM (I-optimal),655,16
X3 (non-informative),X3,0.047868422287033405,RSM (I-optimal),655,16
Random Normal,Random Normal,0.23399467345458633,RSM (I-optimal),655,16
X1,X1,0.2987363776256833,RSM (I-optimal),656,16
X2,X2,0.5835157982550334,RSM (I-optimal),656,16
X3 (non-informative),X3,0.023291105579890146,RSM (I-optimal),656,16
Random Normal,Random Normal,0.09445671853939315,RSM (I-optimal),656,16
X1,X1,0.18424462265423092,RSM (I-optimal),657,16
X2,X2,0.5872496670900054,RSM (I-optimal),657,16
X3 (non-informative),X3,0.0440766845962349,RSM (I-optimal),657,16
Random Normal,Random Normal,0.18442902565952876,RSM (I-optimal),657,16
X1,X1,0.1602534564595558,RSM (I-optimal),658,16
X2,X2,0.5131994379774752,RSM (I-optimal),658,16
X3 (non-informative),X3,0.04488574279034153,RSM (I-optimal),658,16
Random Normal,Random Normal,0.2816613627726274,RSM (I-optimal),658,16
X1,X1,0.2518652966693061,RSM (I-optimal),659,16
X2,X2,0.5756719871991385,RSM (I-optimal),659,16
X3 (non-informative),X3,0.03917879597052647,RSM (I-optimal),659,16
Random Normal,Random Normal,0.13328392016102913,RSM (I-optimal),659,16
X1,X1,0.18728401594872326,RSM (I-optimal),660,16
X2,X2,0.5078516230490292,RSM (I-optimal),660,16
X3 (non-informative),X3,0.03335325143865582,RSM (I-optimal),660,16
Random Normal,Random Normal,0.27151110956359176,RSM (I-optimal),660,16
X1,X1,0.14619625175954848,RSM (I-optimal),661,16
X2,X2,0.6020406202028914,RSM (I-optimal),661,16
X3 (non-informative),X3,0.036661286695764,RSM (I-optimal),661,16
Random Normal,Random Normal,0.2151018413417962,RSM (I-optimal),661,16
X1,X1,0.16641270535302805,RSM (I-optimal),662,16
X2,X2,0.5282691654769556,RSM (I-optimal),662,16
X3 (non-informative),X3,0.02869087082127355,RSM (I-optimal),662,16
Random Normal,Random Normal,0.27662725834874285,RSM (I-optimal),662,16
X1,X1,0.30084347981970716,RSM (I-optimal),663,16
X2,X2,0.5685008837195576,RSM (I-optimal),663,16
X3 (non-informative),X3,0.02957193354752694,RSM (I-optimal),663,16
Random Normal,Random Normal,0.10108370291320824,RSM (I-optimal),663,16
X1,X1,0.26600231416304676,RSM (I-optimal),664,16
X2,X2,0.47678349415060345,RSM (I-optimal),664,16
X3 (non-informative),X3,0.031519253991114084,RSM (I-optimal),664,16
Random Normal,Random Normal,0.22569493769523566,RSM (I-optimal),664,16
X1,X1,0.2036641553471066,RSM (I-optimal),665,16
X2,X2,0.3717965832048776,RSM (I-optimal),665,16
X3 (non-informative),X3,0.03403296224463749,RSM (I-optimal),665,16
Random Normal,Random Normal,0.39050629920337837,RSM (I-optimal),665,16
X1,X1,0.2583548225183004,RSM (I-optimal),666,16
X2,X2,0.44717368888027753,RSM (I-optimal),666,16
X3 (non-informative),X3,0.03903509549393702,RSM (I-optimal),666,16
Random Normal,Random Normal,0.25543639310748506,RSM (I-optimal),666,16
X1,X1,0.17922654237141428,RSM (I-optimal),667,16
X2,X2,0.5658693205619933,RSM (I-optimal),667,16
X3 (non-informative),X3,0.03173208400247755,RSM (I-optimal),667,16
Random Normal,Random Normal,0.22317205306411483,RSM (I-optimal),667,16
X1,X1,0.2211432854321651,RSM (I-optimal),668,16
X2,X2,0.5472124717047755,RSM (I-optimal),668,16
X3 (non-informative),X3,0.02339190670651222,RSM (I-optimal),668,16
Random Normal,Random Normal,0.20825233615654715,RSM (I-optimal),668,16
X1,X1,0.10083324006734849,RSM (I-optimal),669,16
X2,X2,0.5731935583128918,RSM (I-optimal),669,16
X3 (non-informative),X3,0.019487558859182307,RSM (I-optimal),669,16
Random Normal,Random Normal,0.30648564276057755,RSM (I-optimal),669,16
X1,X1,0.12594626489023444,RSM (I-optimal),670,16
X2,X2,0.5678915272487746,RSM (I-optimal),670,16
X3 (non-informative),X3,0.026914390774771927,RSM (I-optimal),670,16
Random Normal,Random Normal,0.27924781708621915,RSM (I-optimal),670,16
X1,X1,0.3018504843796909,RSM (I-optimal),671,16
X2,X2,0.5222568022198213,RSM (I-optimal),671,16
X3 (non-informative),X3,0.03150606576394092,RSM (I-optimal),671,16
Random Normal,Random Normal,0.1443866476365468,RSM (I-optimal),671,16
X1,X1,0.24918633774866625,RSM (I-optimal),672,16
X2,X2,0.6443848823544626,RSM (I-optimal),672,16
X3 (non-informative),X3,0.024006518322318402,RSM (I-optimal),672,16
Random Normal,Random Normal,0.08242226157455283,RSM (I-optimal),672,16
X1,X1,0.27097236582898215,RSM (I-optimal),673,16
X2,X2,0.5309214887009577,RSM (I-optimal),673,16
X3 (non-informative),X3,0.04086877651946345,RSM (I-optimal),673,16
Random Normal,Random Normal,0.1572373689505967,RSM (I-optimal),673,16
X1,X1,0.20260528630293326,RSM (I-optimal),674,16
X2,X2,0.502575996320814,RSM (I-optimal),674,16
X3 (non-informative),X3,0.025553268141158113,RSM (I-optimal),674,16
Random Normal,Random Normal,0.26926544923509466,RSM (I-optimal),674,16
X1,X1,0.19789403195925495,RSM (I-optimal),675,16
X2,X2,0.489711619074688,RSM (I-optimal),675,16
X3 (non-informative),X3,0.057971282547022523,RSM (I-optimal),675,16
Random Normal,Random Normal,0.25442306641903445,RSM (I-optimal),675,16
X1,X1,0.22849865480635692,RSM (I-optimal),676,16
X2,X2,0.5110068892274634,RSM (I-optimal),676,16
X3 (non-informative),X3,0.024224758112377946,RSM (I-optimal),676,16
Random Normal,Random Normal,0.23626969785380172,RSM (I-optimal),676,16
X1,X1,0.286706871568882,RSM (I-optimal),677,16
X2,X2,0.5668009785895809,RSM (I-optimal),677,16
X3 (non-informative),X3,0.029726804127767906,RSM (I-optimal),677,16
Random Normal,Random Normal,0.11676534571376915,RSM (I-optimal),677,16
X1,X1,0.17398158556139684,RSM (I-optimal),678,16
X2,X2,0.5477787878072959,RSM (I-optimal),678,16
X3 (non-informative),X3,0.04430423733218966,RSM (I-optimal),678,16
Random Normal,Random Normal,0.23393538929911756,RSM (I-optimal),678,16
X1,X1,0.25850649434408607,RSM (I-optimal),679,16
X2,X2,0.5462939462798588,RSM (I-optimal),679,16
X3 (non-informative),X3,0.033615085979928266,RSM (I-optimal),679,16
Random Normal,Random Normal,0.1615844733961268,RSM (I-optimal),679,16
X1,X1,0.20047100769127357,RSM (I-optimal),680,16
X2,X2,0.5189179726450591,RSM (I-optimal),680,16
X3 (non-informative),X3,0.04775805542365157,RSM (I-optimal),680,16
Random Normal,Random Normal,0.2328529642400157,RSM (I-optimal),680,16
X1,X1,0.297275282878872,RSM (I-optimal),681,16
X2,X2,0.5278474991070946,RSM (I-optimal),681,16
X3 (non-informative),X3,0.03550540156886485,RSM (I-optimal),681,16
Random Normal,Random Normal,0.1393718164451686,RSM (I-optimal),681,16
X1,X1,0.16794195510563517,RSM (I-optimal),682,16
X2,X2,0.5313673589472486,RSM (I-optimal),682,16
X3 (non-informative),X3,0.04058296126504727,RSM (I-optimal),682,16
Random Normal,Random Normal,0.2601077246820689,RSM (I-optimal),682,16
X1,X1,0.28895372913409106,RSM (I-optimal),683,16
X2,X2,0.5660737759831075,RSM (I-optimal),683,16
X3 (non-informative),X3,0.028213983729446293,RSM (I-optimal),683,16
Random Normal,Random Normal,0.11675851115335517,RSM (I-optimal),683,16
X1,X1,0.19231575960711988,RSM (I-optimal),684,16
X2,X2,0.4717402157851688,RSM (I-optimal),684,16
X3 (non-informative),X3,0.02800082540492859,RSM (I-optimal),684,16
Random Normal,Random Normal,0.3079431992027827,RSM (I-optimal),684,16
X1,X1,0.17592543611655642,RSM (I-optimal),685,16
X2,X2,0.5095228333636478,RSM (I-optimal),685,16
X3 (non-informative),X3,0.03789652158204491,RSM (I-optimal),685,16
Random Normal,Random Normal,0.2766552089377509,RSM (I-optimal),685,16
X1,X1,0.21758980722315713,RSM (I-optimal),686,16
X2,X2,0.5376373547370978,RSM (I-optimal),686,16
X3 (non-informative),X3,0.03692852056778024,RSM (I-optimal),686,16
Random Normal,Random Normal,0.20784431747196472,RSM (I-optimal),686,16
X1,X1,0.281447288962519,RSM (I-optimal),687,16
X2,X2,0.5325571037589533,RSM (I-optimal),687,16
X3 (non-informative),X3,0.03436202926850427,RSM (I-optimal),687,16
Random Normal,Random Normal,0.15163357801002347,RSM (I-optimal),687,16
X1,X1,0.23236305132845847,RSM (I-optimal),688,16
X2,X2,0.6035389966607372,RSM (I-optimal),688,16
X3 (non-informative),X3,0.036584749926864925,RSM (I-optimal),688,16
Random Normal,Random Normal,0.12751320208393935,RSM (I-optimal),688,16
X1,X1,0.22486424673325078,RSM (I-optimal),689,16
X2,X2,0.546773815552111,RSM (I-optimal),689,16
X3 (non-informative),X3,0.022725642083145096,RSM (I-optimal),689,16
Random Normal,Random Normal,0.20563629563149313,RSM (I-optimal),689,16
X1,X1,0.2021358189392393,RSM (I-optimal),690,16
X2,X2,0.47165296693143577,RSM (I-optimal),690,16
X3 (non-informative),X3,0.020977794930889863,RSM (I-optimal),690,16
Random Normal,Random Normal,0.305233419198435,RSM (I-optimal),690,16
X1,X1,0.13870429172557547,RSM (I-optimal),691,16
X2,X2,0.5220046413107248,RSM (I-optimal),691,16
X3 (non-informative),X3,0.0279830813584787,RSM (I-optimal),691,16
Random Normal,Random Normal,0.311307985605221,RSM (I-optimal),691,16
X1,X1,0.2695820353749227,RSM (I-optimal),692,16
X2,X2,0.5841270097459338,RSM (I-optimal),692,16
X3 (non-informative),X3,0.0422220984915146,RSM (I-optimal),692,16
Random Normal,Random Normal,0.10406885638762897,RSM (I-optimal),692,16
X1,X1,0.16729343450110137,RSM (I-optimal),693,16
X2,X2,0.5505987990269312,RSM (I-optimal),693,16
X3 (non-informative),X3,0.052944091929318246,RSM (I-optimal),693,16
Random Normal,Random Normal,0.22916367454264913,RSM (I-optimal),693,16
X1,X1,0.19880847388317738,RSM (I-optimal),694,16
X2,X2,0.5670752709015582,RSM (I-optimal),694,16
X3 (non-informative),X3,0.02985005123535095,RSM (I-optimal),694,16
Random Normal,Random Normal,0.20426620397991344,RSM (I-optimal),694,16
X1,X1,0.2374985813553412,RSM (I-optimal),695,16
X2,X2,0.5284123308031428,RSM (I-optimal),695,16
X3 (non-informative),X3,0.0230605382722676,RSM (I-optimal),695,16
Random Normal,Random Normal,0.21102854956924844,RSM (I-optimal),695,16
X1,X1,0.2060444522892664,RSM (I-optimal),696,16
X2,X2,0.5131761187762375,RSM (I-optimal),696,16
X3 (non-informative),X3,0.024311080712844733,RSM (I-optimal),696,16
Random Normal,Random Normal,0.2564683482216514,RSM (I-optimal),696,16
X1,X1,0.21733191498102264,RSM (I-optimal),697,16
X2,X2,0.5787610765852012,RSM (I-optimal),697,16
X3 (non-informative),X3,0.01734581063181967,RSM (I-optimal),697,16
Random Normal,Random Normal,0.18656119780195649,RSM (I-optimal),697,16
X1,X1,0.23120240465198877,RSM (I-optimal),698,16
X2,X2,0.5573236808772413,RSM (I-optimal),698,16
X3 (non-informative),X3,0.02942549142021757,RSM (I-optimal),698,16
Random Normal,Random Normal,0.18204842305055235,RSM (I-optimal),698,16
X1,X1,0.14056664858801285,RSM (I-optimal),699,16
X2,X2,0.3975051330589157,RSM (I-optimal),699,16
X3 (non-informative),X3,0.05115032835596085,RSM (I-optimal),699,16
Random Normal,Random Normal,0.4107778899971107,RSM (I-optimal),699,16
X1,X1,0.3109873089641931,RSM (I-optimal),700,16
X2,X2,0.5153131429780894,RSM (I-optimal),700,16
X3 (non-informative),X3,0.061252705172393264,RSM (I-optimal),700,16
Random Normal,Random Normal,0.1124468428853243,RSM (I-optimal),700,16
X1,X1,0.3060333637958666,RSM (I-optimal),701,16
X2,X2,0.5252210008347934,RSM (I-optimal),701,16
X3 (non-informative),X3,0.023260502406510574,RSM (I-optimal),701,16
Random Normal,Random Normal,0.14548513296282942,RSM (I-optimal),701,16
X1,X1,0.22704883720884222,RSM (I-optimal),702,16
X2,X2,0.6438230474005217,RSM (I-optimal),702,16
X3 (non-informative),X3,0.021286396083452036,RSM (I-optimal),702,16
Random Normal,Random Normal,0.10784171930718411,RSM (I-optimal),702,16
X1,X1,0.1660743346137417,RSM (I-optimal),703,16
X2,X2,0.5410973114908783,RSM (I-optimal),703,16
X3 (non-informative),X3,0.043019407025357864,RSM (I-optimal),703,16
Random Normal,Random Normal,0.2498089468700222,RSM (I-optimal),703,16
X1,X1,0.24678435675430516,RSM (I-optimal),704,16
X2,X2,0.5648272026226558,RSM (I-optimal),704,16
X3 (non-informative),X3,0.022390750542268585,RSM (I-optimal),704,16
Random Normal,Random Normal,0.16599769008077045,RSM (I-optimal),704,16
X1,X1,0.15435720372622608,RSM (I-optimal),705,16
X2,X2,0.45326383853637464,RSM (I-optimal),705,16
X3 (non-informative),X3,0.03869759916619945,RSM (I-optimal),705,16
Random Normal,Random Normal,0.35368135857119987,RSM (I-optimal),705,16
X1,X1,0.21146897062188166,RSM (I-optimal),706,16
X2,X2,0.5579169022454726,RSM (I-optimal),706,16
X3 (non-informative),X3,0.029769861151150212,RSM (I-optimal),706,16
Random Normal,Random Normal,0.20084426598149532,RSM (I-optimal),706,16
X1,X1,0.15612788792348523,RSM (I-optimal),707,16
X2,X2,0.5178160421134425,RSM (I-optimal),707,16
X3 (non-informative),X3,0.03186275680954216,RSM (I-optimal),707,16
Random Normal,Random Normal,0.29419331315353014,RSM (I-optimal),707,16
X1,X1,0.10212337666135099,RSM (I-optimal),708,16
X2,X2,0.7335013348488479,RSM (I-optimal),708,16
X3 (non-informative),X3,0.017392423931294625,RSM (I-optimal),708,16
Random Normal,Random Normal,0.14698286455850654,RSM (I-optimal),708,16
X1,X1,0.25425716274196425,RSM (I-optimal),709,16
X2,X2,0.5835676444791597,RSM (I-optimal),709,16
X3 (non-informative),X3,0.04150287286353399,RSM (I-optimal),709,16
Random Normal,Random Normal,0.1206723199153421,RSM (I-optimal),709,16
X1,X1,0.22823977893192332,RSM (I-optimal),710,16
X2,X2,0.5809091776067162,RSM (I-optimal),710,16
X3 (non-informative),X3,0.028574820776498845,RSM (I-optimal),710,16
Random Normal,Random Normal,0.16227622268486167,RSM (I-optimal),710,16
X1,X1,0.24701160614455087,RSM (I-optimal),711,16
X2,X2,0.5964949576536501,RSM (I-optimal),711,16
X3 (non-informative),X3,0.03032912357610438,RSM (I-optimal),711,16
Random Normal,Random Normal,0.12616431262569477,RSM (I-optimal),711,16
X1,X1,0.23173699600811812,RSM (I-optimal),712,16
X2,X2,0.4409978938561566,RSM (I-optimal),712,16
X3 (non-informative),X3,0.048692684744245256,RSM (I-optimal),712,16
Random Normal,Random Normal,0.27857242539147997,RSM (I-optimal),712,16
X1,X1,0.1877491381271136,RSM (I-optimal),713,16
X2,X2,0.5562974578892024,RSM (I-optimal),713,16
X3 (non-informative),X3,0.024941260895193024,RSM (I-optimal),713,16
Random Normal,Random Normal,0.23101214308849108,RSM (I-optimal),713,16
X1,X1,0.20799899667723853,RSM (I-optimal),714,16
X2,X2,0.492881228461789,RSM (I-optimal),714,16
X3 (non-informative),X3,0.03488521648861227,RSM (I-optimal),714,16
Random Normal,Random Normal,0.2642345583723601,RSM (I-optimal),714,16
X1,X1,0.21845232814347978,RSM (I-optimal),715,16
X2,X2,0.5568867075662925,RSM (I-optimal),715,16
X3 (non-informative),X3,0.0648832227557991,RSM (I-optimal),715,16
Random Normal,Random Normal,0.15977774153442856,RSM (I-optimal),715,16
X1,X1,0.22716562864667036,RSM (I-optimal),716,16
X2,X2,0.5776748619156532,RSM (I-optimal),716,16
X3 (non-informative),X3,0.03553378172177679,RSM (I-optimal),716,16
Random Normal,Random Normal,0.15962572771589967,RSM (I-optimal),716,16
X1,X1,0.1807612316865089,RSM (I-optimal),717,16
X2,X2,0.5590859580335905,RSM (I-optimal),717,16
X3 (non-informative),X3,0.057691090632456664,RSM (I-optimal),717,16
Random Normal,Random Normal,0.20246171964744392,RSM (I-optimal),717,16
X1,X1,0.06941803975878244,RSM (I-optimal),718,16
X2,X2,0.3925502939490974,RSM (I-optimal),718,16
X3 (non-informative),X3,0.0535253225496895,RSM (I-optimal),718,16
Random Normal,Random Normal,0.48450634374243073,RSM (I-optimal),718,16
X1,X1,0.2248466227654144,RSM (I-optimal),719,16
X2,X2,0.5506405985787408,RSM (I-optimal),719,16
X3 (non-informative),X3,0.049946380486408815,RSM (I-optimal),719,16
Random Normal,Random Normal,0.174566398169436,RSM (I-optimal),719,16
X1,X1,0.2673422563233295,RSM (I-optimal),720,16
X2,X2,0.5335662736588094,RSM (I-optimal),720,16
X3 (non-informative),X3,0.03322911743690365,RSM (I-optimal),720,16
Random Normal,Random Normal,0.1658623525809575,RSM (I-optimal),720,16
X1,X1,0.28000906203899506,RSM (I-optimal),721,16
X2,X2,0.550911404907088,RSM (I-optimal),721,16
X3 (non-informative),X3,0.04576850548090978,RSM (I-optimal),721,16
Random Normal,Random Normal,0.12331102757300717,RSM (I-optimal),721,16
X1,X1,0.19951229292783126,RSM (I-optimal),722,16
X2,X2,0.5239438061908893,RSM (I-optimal),722,16
X3 (non-informative),X3,0.04226064164677559,RSM (I-optimal),722,16
Random Normal,Random Normal,0.2342832592345038,RSM (I-optimal),722,16
X1,X1,0.21348055306028657,RSM (I-optimal),723,16
X2,X2,0.5105633183187724,RSM (I-optimal),723,16
X3 (non-informative),X3,0.020924621831150063,RSM (I-optimal),723,16
Random Normal,Random Normal,0.2550315067897909,RSM (I-optimal),723,16
X1,X1,0.28296457895690313,RSM (I-optimal),724,16
X2,X2,0.5582581953759126,RSM (I-optimal),724,16
X3 (non-informative),X3,0.02088623278175518,RSM (I-optimal),724,16
Random Normal,Random Normal,0.1378909928854291,RSM (I-optimal),724,16
X1,X1,0.11400142631790566,RSM (I-optimal),725,16
X2,X2,0.42833957510510956,RSM (I-optimal),725,16
X3 (non-informative),X3,0.031254464827172874,RSM (I-optimal),725,16
Random Normal,Random Normal,0.42640453374981185,RSM (I-optimal),725,16
X1,X1,0.3101352118289874,RSM (I-optimal),726,16
X2,X2,0.5787187907371004,RSM (I-optimal),726,16
X3 (non-informative),X3,0.03192311981275806,RSM (I-optimal),726,16
Random Normal,Random Normal,0.079222877621154,RSM (I-optimal),726,16
X1,X1,0.26901831924179587,RSM (I-optimal),727,16
X2,X2,0.5680864855183015,RSM (I-optimal),727,16
X3 (non-informative),X3,0.016602470756942954,RSM (I-optimal),727,16
Random Normal,Random Normal,0.14629272448295966,RSM (I-optimal),727,16
X1,X1,0.26875564292513754,RSM (I-optimal),728,16
X2,X2,0.575879252670369,RSM (I-optimal),728,16
X3 (non-informative),X3,0.027576405582201487,RSM (I-optimal),728,16
Random Normal,Random Normal,0.12778869882229188,RSM (I-optimal),728,16
X1,X1,0.26908442185100745,RSM (I-optimal),729,16
X2,X2,0.5638242490588496,RSM (I-optimal),729,16
X3 (non-informative),X3,0.04046523057227882,RSM (I-optimal),729,16
Random Normal,Random Normal,0.12662609851786413,RSM (I-optimal),729,16
X1,X1,0.20972798733824416,RSM (I-optimal),730,16
X2,X2,0.598736903341136,RSM (I-optimal),730,16
X3 (non-informative),X3,0.034859068528302624,RSM (I-optimal),730,16
Random Normal,Random Normal,0.15667604079231706,RSM (I-optimal),730,16
X1,X1,0.20479989953369296,RSM (I-optimal),731,16
X2,X2,0.5844856043650957,RSM (I-optimal),731,16
X3 (non-informative),X3,0.02637945739306691,RSM (I-optimal),731,16
Random Normal,Random Normal,0.18433503870814452,RSM (I-optimal),731,16
X1,X1,0.30581653324432007,RSM (I-optimal),732,16
X2,X2,0.5535983841003178,RSM (I-optimal),732,16
X3 (non-informative),X3,0.024467343721250884,RSM (I-optimal),732,16
Random Normal,Random Normal,0.1161177389341113,RSM (I-optimal),732,16
X1,X1,0.2003985884516428,RSM (I-optimal),733,16
X2,X2,0.5305216990690443,RSM (I-optimal),733,16
X3 (non-informative),X3,0.020130066022759817,RSM (I-optimal),733,16
Random Normal,Random Normal,0.248949646456553,RSM (I-optimal),733,16
X1,X1,0.18408229578569535,RSM (I-optimal),734,16
X2,X2,0.5046500661163804,RSM (I-optimal),734,16
X3 (non-informative),X3,0.051958907077779296,RSM (I-optimal),734,16
Random Normal,Random Normal,0.25930873102014496,RSM (I-optimal),734,16
X1,X1,0.21378937392465375,RSM (I-optimal),735,16
X2,X2,0.6227156577266151,RSM (I-optimal),735,16
X3 (non-informative),X3,0.03055253205127421,RSM (I-optimal),735,16
Random Normal,Random Normal,0.13294243629745692,RSM (I-optimal),735,16
X1,X1,0.2621643183866042,RSM (I-optimal),736,16
X2,X2,0.3850738089732648,RSM (I-optimal),736,16
X3 (non-informative),X3,0.019305729746745794,RSM (I-optimal),736,16
Random Normal,Random Normal,0.33345614289338515,RSM (I-optimal),736,16
X1,X1,0.3320045763597489,RSM (I-optimal),737,16
X2,X2,0.5677136516499455,RSM (I-optimal),737,16
X3 (non-informative),X3,0.028301300118599236,RSM (I-optimal),737,16
Random Normal,Random Normal,0.07198047187170642,RSM (I-optimal),737,16
X1,X1,0.23871064758716923,RSM (I-optimal),738,16
X2,X2,0.5983540941968558,RSM (I-optimal),738,16
X3 (non-informative),X3,0.04510783495483221,RSM (I-optimal),738,16
Random Normal,Random Normal,0.11782742326114269,RSM (I-optimal),738,16
X1,X1,0.26610789353302294,RSM (I-optimal),739,16
X2,X2,0.5612491926798855,RSM (I-optimal),739,16
X3 (non-informative),X3,0.015273585826536007,RSM (I-optimal),739,16
Random Normal,Random Normal,0.15736932796055556,RSM (I-optimal),739,16
X1,X1,0.16634158595268775,RSM (I-optimal),740,16
X2,X2,0.5250717821181662,RSM (I-optimal),740,16
X3 (non-informative),X3,0.028016323450410368,RSM (I-optimal),740,16
Random Normal,Random Normal,0.2805703084787357,RSM (I-optimal),740,16
X1,X1,0.2070840258620605,RSM (I-optimal),741,16
X2,X2,0.5310674635230379,RSM (I-optimal),741,16
X3 (non-informative),X3,0.024291924176645135,RSM (I-optimal),741,16
Random Normal,Random Normal,0.23755658643825647,RSM (I-optimal),741,16
X1,X1,0.264565730418457,RSM (I-optimal),742,16
X2,X2,0.48609161519120014,RSM (I-optimal),742,16
X3 (non-informative),X3,0.03250783920285073,RSM (I-optimal),742,16
Random Normal,Random Normal,0.21683481518749212,RSM (I-optimal),742,16
X1,X1,0.2181430112712941,RSM (I-optimal),743,16
X2,X2,0.48166556938606764,RSM (I-optimal),743,16
X3 (non-informative),X3,0.03657440764447807,RSM (I-optimal),743,16
Random Normal,Random Normal,0.26361701169816015,RSM (I-optimal),743,16
X1,X1,0.2538321115025196,RSM (I-optimal),744,16
X2,X2,0.5566654664149763,RSM (I-optimal),744,16
X3 (non-informative),X3,0.039794597361991466,RSM (I-optimal),744,16
Random Normal,Random Normal,0.1497078247205126,RSM (I-optimal),744,16
X1,X1,0.27168373276337365,RSM (I-optimal),745,16
X2,X2,0.5799548934942216,RSM (I-optimal),745,16
X3 (non-informative),X3,0.03224581541452424,RSM (I-optimal),745,16
Random Normal,Random Normal,0.11611555832788055,RSM (I-optimal),745,16
X1,X1,0.12467661722476217,RSM (I-optimal),746,16
X2,X2,0.47653639115655255,RSM (I-optimal),746,16
X3 (non-informative),X3,0.055376567252070207,RSM (I-optimal),746,16
Random Normal,Random Normal,0.343410424366615,RSM (I-optimal),746,16
X1,X1,0.22839006335140605,RSM (I-optimal),747,16
X2,X2,0.5078552877400553,RSM (I-optimal),747,16
X3 (non-informative),X3,0.02308490681532984,RSM (I-optimal),747,16
Random Normal,Random Normal,0.24066974209320885,RSM (I-optimal),747,16
X1,X1,0.21164022016212347,RSM (I-optimal),748,16
X2,X2,0.53880879145415,RSM (I-optimal),748,16
X3 (non-informative),X3,0.024591531432873997,RSM (I-optimal),748,16
Random Normal,Random Normal,0.22495945695085257,RSM (I-optimal),748,16
X1,X1,0.1694401532543523,RSM (I-optimal),749,16
X2,X2,0.45682257539425525,RSM (I-optimal),749,16
X3 (non-informative),X3,0.024192004071998494,RSM (I-optimal),749,16
Random Normal,Random Normal,0.3495452672793939,RSM (I-optimal),749,16
X1,X1,0.22926229985715782,RSM (I-optimal),750,16
X2,X2,0.5403035252280072,RSM (I-optimal),750,16
X3 (non-informative),X3,0.021724714257543236,RSM (I-optimal),750,16
Random Normal,Random Normal,0.2087094606572918,RSM (I-optimal),750,16
X1,X1,0.25272288516855995,RSM (I-optimal),751,16
X2,X2,0.5872636734218117,RSM (I-optimal),751,16
X3 (non-informative),X3,0.018811734124827957,RSM (I-optimal),751,16
Random Normal,Random Normal,0.1412017072848005,RSM (I-optimal),751,16
X1,X1,0.201447156986709,RSM (I-optimal),752,16
X2,X2,0.45061273167359245,RSM (I-optimal),752,16
X3 (non-informative),X3,0.03244980018692295,RSM (I-optimal),752,16
Random Normal,Random Normal,0.31549031115277554,RSM (I-optimal),752,16
X1,X1,0.2353936661848363,RSM (I-optimal),753,16
X2,X2,0.6066652276298722,RSM (I-optimal),753,16
X3 (non-informative),X3,0.026158618249671556,RSM (I-optimal),753,16
Random Normal,Random Normal,0.13178248793561997,RSM (I-optimal),753,16
X1,X1,0.19065030965971164,RSM (I-optimal),754,16
X2,X2,0.5339413984664763,RSM (I-optimal),754,16
X3 (non-informative),X3,0.04513125770560974,RSM (I-optimal),754,16
Random Normal,Random Normal,0.23027703416820225,RSM (I-optimal),754,16
X1,X1,0.2556313062164669,RSM (I-optimal),755,16
X2,X2,0.49775061498056544,RSM (I-optimal),755,16
X3 (non-informative),X3,0.043689996003335035,RSM (I-optimal),755,16
Random Normal,Random Normal,0.2029280827996326,RSM (I-optimal),755,16
X1,X1,0.23673511724608318,RSM (I-optimal),756,16
X2,X2,0.5779745360794007,RSM (I-optimal),756,16
X3 (non-informative),X3,0.029241109011035177,RSM (I-optimal),756,16
Random Normal,Random Normal,0.15604923766348083,RSM (I-optimal),756,16
X1,X1,0.19942170775630652,RSM (I-optimal),757,16
X2,X2,0.5223326345841747,RSM (I-optimal),757,16
X3 (non-informative),X3,0.02798434602943825,RSM (I-optimal),757,16
Random Normal,Random Normal,0.25026131163008064,RSM (I-optimal),757,16
X1,X1,0.22798930056224406,RSM (I-optimal),758,16
X2,X2,0.5227131028642511,RSM (I-optimal),758,16
X3 (non-informative),X3,0.04467746742046846,RSM (I-optimal),758,16
Random Normal,Random Normal,0.2046201291530363,RSM (I-optimal),758,16
X1,X1,0.015621451296874344,RSM (I-optimal),759,16
X2,X2,0.5119145457852138,RSM (I-optimal),759,16
X3 (non-informative),X3,0.01980433813694462,RSM (I-optimal),759,16
Random Normal,Random Normal,0.4526596647809672,RSM (I-optimal),759,16
X1,X1,0.007917585027959844,RSM (I-optimal),760,16
X2,X2,0.6803620618604882,RSM (I-optimal),760,16
X3 (non-informative),X3,0.06454392101688537,RSM (I-optimal),760,16
Random Normal,Random Normal,0.2471764320946666,RSM (I-optimal),760,16
X1,X1,0.2519062779249361,RSM (I-optimal),761,16
X2,X2,0.651566583575472,RSM (I-optimal),761,16
X3 (non-informative),X3,0.022575312424886324,RSM (I-optimal),761,16
Random Normal,Random Normal,0.07395182607470552,RSM (I-optimal),761,16
X1,X1,0.1430450361585567,RSM (I-optimal),762,16
X2,X2,0.44774433812240744,RSM (I-optimal),762,16
X3 (non-informative),X3,0.030529898787948685,RSM (I-optimal),762,16
Random Normal,Random Normal,0.3786807269310872,RSM (I-optimal),762,16
X1,X1,0.2899580223225933,RSM (I-optimal),763,16
X2,X2,0.5265291120850301,RSM (I-optimal),763,16
X3 (non-informative),X3,0.020648703727652394,RSM (I-optimal),763,16
Random Normal,Random Normal,0.16286416186472416,RSM (I-optimal),763,16
X1,X1,0.24507212674491283,RSM (I-optimal),764,16
X2,X2,0.5719087212913629,RSM (I-optimal),764,16
X3 (non-informative),X3,0.02633375996121212,RSM (I-optimal),764,16
Random Normal,Random Normal,0.1566853920025122,RSM (I-optimal),764,16
X1,X1,0.20316902876240925,RSM (I-optimal),765,16
X2,X2,0.5127226946350631,RSM (I-optimal),765,16
X3 (non-informative),X3,0.03895277646003067,RSM (I-optimal),765,16
Random Normal,Random Normal,0.2451555001424969,RSM (I-optimal),765,16
X1,X1,0.2150652080109965,RSM (I-optimal),766,16
X2,X2,0.6179478418176153,RSM (I-optimal),766,16
X3 (non-informative),X3,0.0188222938257825,RSM (I-optimal),766,16
Random Normal,Random Normal,0.14816465634560558,RSM (I-optimal),766,16
X1,X1,0.2508686021403424,RSM (I-optimal),767,16
X2,X2,0.5585162817285341,RSM (I-optimal),767,16
X3 (non-informative),X3,0.0199981331690368,RSM (I-optimal),767,16
Random Normal,Random Normal,0.1706169829620867,RSM (I-optimal),767,16
X1,X1,0.22768158891725518,RSM (I-optimal),768,16
X2,X2,0.5025854525053205,RSM (I-optimal),768,16
X3 (non-informative),X3,0.056668504976836676,RSM (I-optimal),768,16
Random Normal,Random Normal,0.21306445360058765,RSM (I-optimal),768,16
X1,X1,0.26016888512105496,RSM (I-optimal),769,16
X2,X2,0.5211591917829201,RSM (I-optimal),769,16
X3 (non-informative),X3,0.024653454293294078,RSM (I-optimal),769,16
Random Normal,Random Normal,0.1940184688027308,RSM (I-optimal),769,16
X1,X1,0.2618872370493689,RSM (I-optimal),770,16
X2,X2,0.5261989781029807,RSM (I-optimal),770,16
X3 (non-informative),X3,0.04209889056711272,RSM (I-optimal),770,16
Random Normal,Random Normal,0.16981489428053778,RSM (I-optimal),770,16
X1,X1,0.18226623080628923,RSM (I-optimal),771,16
X2,X2,0.4204148480182705,RSM (I-optimal),771,16
X3 (non-informative),X3,0.026722576827897956,RSM (I-optimal),771,16
Random Normal,Random Normal,0.37059634434754235,RSM (I-optimal),771,16
X1,X1,0.3130916982382208,RSM (I-optimal),772,16
X2,X2,0.5308768851411276,RSM (I-optimal),772,16
X3 (non-informative),X3,0.034471964508664237,RSM (I-optimal),772,16
Random Normal,Random Normal,0.12155945211198732,RSM (I-optimal),772,16
X1,X1,0.21624629542416182,RSM (I-optimal),773,16
X2,X2,0.6074141909396987,RSM (I-optimal),773,16
X3 (non-informative),X3,0.0244305042587814,RSM (I-optimal),773,16
Random Normal,Random Normal,0.15190900937735802,RSM (I-optimal),773,16
X1,X1,0.34424306586884873,RSM (I-optimal),774,16
X2,X2,0.5201250730402849,RSM (I-optimal),774,16
X3 (non-informative),X3,0.0403491315103316,RSM (I-optimal),774,16
Random Normal,Random Normal,0.0952827295805347,RSM (I-optimal),774,16
X1,X1,0.2384515032009751,RSM (I-optimal),775,16
X2,X2,0.5520505731700296,RSM (I-optimal),775,16
X3 (non-informative),X3,0.06043687559837099,RSM (I-optimal),775,16
Random Normal,Random Normal,0.14906104803062437,RSM (I-optimal),775,16
X1,X1,0.10730507607689364,RSM (I-optimal),776,16
X2,X2,0.454842724613412,RSM (I-optimal),776,16
X3 (non-informative),X3,0.03858719744431641,RSM (I-optimal),776,16
Random Normal,Random Normal,0.39926500186537794,RSM (I-optimal),776,16
X1,X1,0.2984464064182879,RSM (I-optimal),777,16
X2,X2,0.5500842673431369,RSM (I-optimal),777,16
X3 (non-informative),X3,0.027254329001031294,RSM (I-optimal),777,16
Random Normal,Random Normal,0.12421499723754392,RSM (I-optimal),777,16
X1,X1,0.18948545436839967,RSM (I-optimal),778,16
X2,X2,0.4705981389403607,RSM (I-optimal),778,16
X3 (non-informative),X3,0.02624535473903496,RSM (I-optimal),778,16
Random Normal,Random Normal,0.31367105195220474,RSM (I-optimal),778,16
X1,X1,0.19215527336000365,RSM (I-optimal),779,16
X2,X2,0.5213953141585773,RSM (I-optimal),779,16
X3 (non-informative),X3,0.05429408202365459,RSM (I-optimal),779,16
Random Normal,Random Normal,0.23215533045776449,RSM (I-optimal),779,16
X1,X1,0.24103374900963107,RSM (I-optimal),780,16
X2,X2,0.5485038105536144,RSM (I-optimal),780,16
X3 (non-informative),X3,0.03618360665745875,RSM (I-optimal),780,16
Random Normal,Random Normal,0.17427883377929565,RSM (I-optimal),780,16
X1,X1,0.22476285401803456,RSM (I-optimal),781,16
X2,X2,0.5742406135277441,RSM (I-optimal),781,16
X3 (non-informative),X3,0.034703894952118765,RSM (I-optimal),781,16
Random Normal,Random Normal,0.16629263750210252,RSM (I-optimal),781,16
X1,X1,0.18951498846389545,RSM (I-optimal),782,16
X2,X2,0.5289783078144735,RSM (I-optimal),782,16
X3 (non-informative),X3,0.029976271559323666,RSM (I-optimal),782,16
Random Normal,Random Normal,0.25153043216230736,RSM (I-optimal),782,16
X1,X1,0.11373756447118777,RSM (I-optimal),783,16
X2,X2,0.6694247451210414,RSM (I-optimal),783,16
X3 (non-informative),X3,0.018592455405876424,RSM (I-optimal),783,16
Random Normal,Random Normal,0.19824523500189442,RSM (I-optimal),783,16
X1,X1,0.19634862322218305,RSM (I-optimal),784,16
X2,X2,0.5382033064935576,RSM (I-optimal),784,16
X3 (non-informative),X3,0.027368076450353798,RSM (I-optimal),784,16
Random Normal,Random Normal,0.23807999383390555,RSM (I-optimal),784,16
X1,X1,0.28370672884657194,RSM (I-optimal),785,16
X2,X2,0.5684963039125346,RSM (I-optimal),785,16
X3 (non-informative),X3,0.02565734980564137,RSM (I-optimal),785,16
Random Normal,Random Normal,0.12213961743525216,RSM (I-optimal),785,16
X1,X1,0.13730772081910458,RSM (I-optimal),786,16
X2,X2,0.5321345713609584,RSM (I-optimal),786,16
X3 (non-informative),X3,0.055036454478082066,RSM (I-optimal),786,16
Random Normal,Random Normal,0.2755212533418549,RSM (I-optimal),786,16
X1,X1,0.2055737953283915,RSM (I-optimal),787,16
X2,X2,0.5421792678006706,RSM (I-optimal),787,16
X3 (non-informative),X3,0.042194860227823816,RSM (I-optimal),787,16
Random Normal,Random Normal,0.2100520766431141,RSM (I-optimal),787,16
X1,X1,0.3058598716411606,RSM (I-optimal),788,16
X2,X2,0.48264213696637454,RSM (I-optimal),788,16
X3 (non-informative),X3,0.03632245473416068,RSM (I-optimal),788,16
Random Normal,Random Normal,0.17517553665830413,RSM (I-optimal),788,16
X1,X1,0.20737773147775407,RSM (I-optimal),789,16
X2,X2,0.5702628463449041,RSM (I-optimal),789,16
X3 (non-informative),X3,0.03697423962094676,RSM (I-optimal),789,16
Random Normal,Random Normal,0.18538518255639508,RSM (I-optimal),789,16
X1,X1,0.304825034690926,RSM (I-optimal),790,16
X2,X2,0.5234601253194282,RSM (I-optimal),790,16
X3 (non-informative),X3,0.019755242862481176,RSM (I-optimal),790,16
Random Normal,Random Normal,0.1519595971271646,RSM (I-optimal),790,16
X1,X1,0.19058484030195014,RSM (I-optimal),791,16
X2,X2,0.5682192183170185,RSM (I-optimal),791,16
X3 (non-informative),X3,0.04130522559405788,RSM (I-optimal),791,16
Random Normal,Random Normal,0.19989071578697346,RSM (I-optimal),791,16
X1,X1,0.1932811665284741,RSM (I-optimal),792,16
X2,X2,0.6330595728383753,RSM (I-optimal),792,16
X3 (non-informative),X3,0.02851393537902792,RSM (I-optimal),792,16
Random Normal,Random Normal,0.1451453252541227,RSM (I-optimal),792,16
X1,X1,0.26489646682907936,RSM (I-optimal),793,16
X2,X2,0.5113922888126589,RSM (I-optimal),793,16
X3 (non-informative),X3,0.02393885187992648,RSM (I-optimal),793,16
Random Normal,Random Normal,0.19977239247833534,RSM (I-optimal),793,16
X1,X1,0.2181504358445816,RSM (I-optimal),794,16
X2,X2,0.5394411711056929,RSM (I-optimal),794,16
X3 (non-informative),X3,0.01998420744196466,RSM (I-optimal),794,16
Random Normal,Random Normal,0.2224241856077608,RSM (I-optimal),794,16
X1,X1,0.23374157551011757,RSM (I-optimal),795,16
X2,X2,0.5168523542708336,RSM (I-optimal),795,16
X3 (non-informative),X3,0.02513276027854195,RSM (I-optimal),795,16
Random Normal,Random Normal,0.2242733099405067,RSM (I-optimal),795,16
X1,X1,0.17583026491219364,RSM (I-optimal),796,16
X2,X2,0.45794824312371085,RSM (I-optimal),796,16
X3 (non-informative),X3,0.04647566710732764,RSM (I-optimal),796,16
Random Normal,Random Normal,0.31974582485676795,RSM (I-optimal),796,16
X1,X1,0.3247076096832862,RSM (I-optimal),797,16
X2,X2,0.5351419076879692,RSM (I-optimal),797,16
X3 (non-informative),X3,0.03336355038638566,RSM (I-optimal),797,16
Random Normal,Random Normal,0.1067869322423589,RSM (I-optimal),797,16
X1,X1,0.13238666292189777,RSM (I-optimal),798,16
X2,X2,0.4398690800046184,RSM (I-optimal),798,16
X3 (non-informative),X3,0.03377655888298166,RSM (I-optimal),798,16
Random Normal,Random Normal,0.3939676981905021,RSM (I-optimal),798,16
X1,X1,0.1593985116503733,RSM (I-optimal),799,16
X2,X2,0.5784796416813048,RSM (I-optimal),799,16
X3 (non-informative),X3,0.01771595633291385,RSM (I-optimal),799,16
Random Normal,Random Normal,0.244405890335408,RSM (I-optimal),799,16
X1,X1,0.221220382121141,RSM (I-optimal),800,16
X2,X2,0.5220728620885882,RSM (I-optimal),800,16
X3 (non-informative),X3,0.045530209588167815,RSM (I-optimal),800,16
Random Normal,Random Normal,0.211176546202103,RSM (I-optimal),800,16
X1,X1,0.2886146020735594,RSM (I-optimal),801,16
X2,X2,0.5227810224430341,RSM (I-optimal),801,16
X3 (non-informative),X3,0.047597900585959085,RSM (I-optimal),801,16
Random Normal,Random Normal,0.14100647489744725,RSM (I-optimal),801,16
X1,X1,0.2538783654115478,RSM (I-optimal),802,16
X2,X2,0.48267014167888594,RSM (I-optimal),802,16
X3 (non-informative),X3,0.0490711787082452,RSM (I-optimal),802,16
Random Normal,Random Normal,0.2143803142013211,RSM (I-optimal),802,16
X1,X1,0.12021478732804401,RSM (I-optimal),803,16
X2,X2,0.6095663399978307,RSM (I-optimal),803,16
X3 (non-informative),X3,0.08102109844470709,RSM (I-optimal),803,16
Random Normal,Random Normal,0.18919777422941822,RSM (I-optimal),803,16
X1,X1,0.20574427104975238,RSM (I-optimal),804,16
X2,X2,0.5324078588627255,RSM (I-optimal),804,16
X3 (non-informative),X3,0.028897678608778832,RSM (I-optimal),804,16
Random Normal,Random Normal,0.2329501914787434,RSM (I-optimal),804,16
X1,X1,0.180016949670462,RSM (I-optimal),805,16
X2,X2,0.36909854649892376,RSM (I-optimal),805,16
X3 (non-informative),X3,0.03230704157341611,RSM (I-optimal),805,16
Random Normal,Random Normal,0.41857746225719805,RSM (I-optimal),805,16
X1,X1,0.2525813429315655,RSM (I-optimal),806,16
X2,X2,0.535370094069182,RSM (I-optimal),806,16
X3 (non-informative),X3,0.039072899529899445,RSM (I-optimal),806,16
Random Normal,Random Normal,0.17297566346935306,RSM (I-optimal),806,16
X1,X1,0.22992786830699544,RSM (I-optimal),807,16
X2,X2,0.5442871919083455,RSM (I-optimal),807,16
X3 (non-informative),X3,0.023817350148522647,RSM (I-optimal),807,16
Random Normal,Random Normal,0.20196758963613648,RSM (I-optimal),807,16
X1,X1,0.30552369670335106,RSM (I-optimal),808,16
X2,X2,0.5511766693615637,RSM (I-optimal),808,16
X3 (non-informative),X3,0.0221734905375749,RSM (I-optimal),808,16
Random Normal,Random Normal,0.12112614339751032,RSM (I-optimal),808,16
X1,X1,0.20399107600987737,RSM (I-optimal),809,16
X2,X2,0.6037459029766119,RSM (I-optimal),809,16
X3 (non-informative),X3,0.026255397377629937,RSM (I-optimal),809,16
Random Normal,Random Normal,0.1660076236358808,RSM (I-optimal),809,16
X1,X1,0.23690345674878202,RSM (I-optimal),810,16
X2,X2,0.5726748171539396,RSM (I-optimal),810,16
X3 (non-informative),X3,0.006017882866619697,RSM (I-optimal),810,16
Random Normal,Random Normal,0.18440384323065867,RSM (I-optimal),810,16
X1,X1,0.2569432870928899,RSM (I-optimal),811,16
X2,X2,0.5603846925816591,RSM (I-optimal),811,16
X3 (non-informative),X3,0.02652774393403892,RSM (I-optimal),811,16
Random Normal,Random Normal,0.156144276391412,RSM (I-optimal),811,16
X1,X1,0.190809617239079,RSM (I-optimal),812,16
X2,X2,0.4978652380553955,RSM (I-optimal),812,16
X3 (non-informative),X3,0.039135684306940616,RSM (I-optimal),812,16
Random Normal,Random Normal,0.27218946039858494,RSM (I-optimal),812,16
X1,X1,0.28853847405999894,RSM (I-optimal),813,16
X2,X2,0.5038501237858809,RSM (I-optimal),813,16
X3 (non-informative),X3,0.042334442991539295,RSM (I-optimal),813,16
Random Normal,Random Normal,0.1652769591625808,RSM (I-optimal),813,16
X1,X1,0.2706601899491496,RSM (I-optimal),814,16
X2,X2,0.5800349292394281,RSM (I-optimal),814,16
X3 (non-informative),X3,0.03051839896005139,RSM (I-optimal),814,16
Random Normal,Random Normal,0.11878648185137095,RSM (I-optimal),814,16
X1,X1,0.2514186623617504,RSM (I-optimal),815,16
X2,X2,0.5892983429773455,RSM (I-optimal),815,16
X3 (non-informative),X3,0.0246519984904428,RSM (I-optimal),815,16
Random Normal,Random Normal,0.1346309961704612,RSM (I-optimal),815,16
X1,X1,0.15568506283877578,RSM (I-optimal),816,16
X2,X2,0.532474621595311,RSM (I-optimal),816,16
X3 (non-informative),X3,0.04813591497829274,RSM (I-optimal),816,16
Random Normal,Random Normal,0.2637044005876204,RSM (I-optimal),816,16
X1,X1,0.2937946920482151,RSM (I-optimal),817,16
X2,X2,0.5378388218183711,RSM (I-optimal),817,16
X3 (non-informative),X3,0.030446052665254898,RSM (I-optimal),817,16
Random Normal,Random Normal,0.137920433468159,RSM (I-optimal),817,16
X1,X1,0.2341933198929536,RSM (I-optimal),818,16
X2,X2,0.5363164162758586,RSM (I-optimal),818,16
X3 (non-informative),X3,0.03420453902333805,RSM (I-optimal),818,16
Random Normal,Random Normal,0.19528572480784975,RSM (I-optimal),818,16
X1,X1,0.30947237488337714,RSM (I-optimal),819,16
X2,X2,0.4994955219764833,RSM (I-optimal),819,16
X3 (non-informative),X3,0.020568171822072625,RSM (I-optimal),819,16
Random Normal,Random Normal,0.17046393131806697,RSM (I-optimal),819,16
X1,X1,0.17191769074188962,RSM (I-optimal),820,16
X2,X2,0.5217984125657543,RSM (I-optimal),820,16
X3 (non-informative),X3,0.0374647806823629,RSM (I-optimal),820,16
Random Normal,Random Normal,0.26881911600999325,RSM (I-optimal),820,16
X1,X1,0.10558170341074229,RSM (I-optimal),821,16
X2,X2,0.34185385006644575,RSM (I-optimal),821,16
X3 (non-informative),X3,0.020386902745212373,RSM (I-optimal),821,16
Random Normal,Random Normal,0.5321775437775996,RSM (I-optimal),821,16
X1,X1,0.2532549673665187,RSM (I-optimal),822,16
X2,X2,0.5331460407029404,RSM (I-optimal),822,16
X3 (non-informative),X3,0.027581050315553246,RSM (I-optimal),822,16
Random Normal,Random Normal,0.18601794161498764,RSM (I-optimal),822,16
X1,X1,0.26388907010539975,RSM (I-optimal),823,16
X2,X2,0.5076472483416685,RSM (I-optimal),823,16
X3 (non-informative),X3,0.04294419589349982,RSM (I-optimal),823,16
Random Normal,Random Normal,0.18551948565943185,RSM (I-optimal),823,16
X1,X1,0.26851538121376106,RSM (I-optimal),824,16
X2,X2,0.58068188039716,RSM (I-optimal),824,16
X3 (non-informative),X3,0.029676386393225288,RSM (I-optimal),824,16
Random Normal,Random Normal,0.12112635199585373,RSM (I-optimal),824,16
X1,X1,0.12152991519686884,RSM (I-optimal),825,16
X2,X2,0.29232794844043825,RSM (I-optimal),825,16
X3 (non-informative),X3,0.02385234771910055,RSM (I-optimal),825,16
Random Normal,Random Normal,0.5622897886435924,RSM (I-optimal),825,16
X1,X1,0.24420454554652035,RSM (I-optimal),826,16
X2,X2,0.5786152600639448,RSM (I-optimal),826,16
X3 (non-informative),X3,0.02925812717687713,RSM (I-optimal),826,16
Random Normal,Random Normal,0.14792206721265783,RSM (I-optimal),826,16
X1,X1,0.2695240339466956,RSM (I-optimal),827,16
X2,X2,0.5397189557148856,RSM (I-optimal),827,16
X3 (non-informative),X3,0.025867299726476233,RSM (I-optimal),827,16
Random Normal,Random Normal,0.16488971061194263,RSM (I-optimal),827,16
X1,X1,0.27338921245259085,RSM (I-optimal),828,16
X2,X2,0.5560026573054908,RSM (I-optimal),828,16
X3 (non-informative),X3,0.04052455188493835,RSM (I-optimal),828,16
Random Normal,Random Normal,0.13008357835698012,RSM (I-optimal),828,16
X1,X1,0.13794617508399312,RSM (I-optimal),829,16
X2,X2,0.3863112415508694,RSM (I-optimal),829,16
X3 (non-informative),X3,0.02514537496377561,RSM (I-optimal),829,16
Random Normal,Random Normal,0.4505972084013619,RSM (I-optimal),829,16
X1,X1,0.2733194580137109,RSM (I-optimal),830,16
X2,X2,0.5333048798111253,RSM (I-optimal),830,16
X3 (non-informative),X3,0.0110714188987031,RSM (I-optimal),830,16
Random Normal,Random Normal,0.18230424327646075,RSM (I-optimal),830,16
X1,X1,0.1550397701608097,RSM (I-optimal),831,16
X2,X2,0.5610165037153219,RSM (I-optimal),831,16
X3 (non-informative),X3,0.01928215422431243,RSM (I-optimal),831,16
Random Normal,Random Normal,0.264661571899556,RSM (I-optimal),831,16
X1,X1,0.23401456604515292,RSM (I-optimal),832,16
X2,X2,0.5907628883668449,RSM (I-optimal),832,16
X3 (non-informative),X3,0.016589962468874946,RSM (I-optimal),832,16
Random Normal,Random Normal,0.1586325831191272,RSM (I-optimal),832,16
X1,X1,0.15965882685047875,RSM (I-optimal),833,16
X2,X2,0.41216139042275035,RSM (I-optimal),833,16
X3 (non-informative),X3,0.047110041091846695,RSM (I-optimal),833,16
Random Normal,Random Normal,0.3810697416349243,RSM (I-optimal),833,16
X1,X1,0.16716745102908773,RSM (I-optimal),834,16
X2,X2,0.585344710019988,RSM (I-optimal),834,16
X3 (non-informative),X3,0.045299226912209584,RSM (I-optimal),834,16
Random Normal,Random Normal,0.20218861203871474,RSM (I-optimal),834,16
X1,X1,0.2881905168757712,RSM (I-optimal),835,16
X2,X2,0.5233027468109853,RSM (I-optimal),835,16
X3 (non-informative),X3,0.047461363762209816,RSM (I-optimal),835,16
Random Normal,Random Normal,0.1410453725510337,RSM (I-optimal),835,16
X1,X1,0.2491855412449066,RSM (I-optimal),836,16
X2,X2,0.5643827275154708,RSM (I-optimal),836,16
X3 (non-informative),X3,0.03437438641191628,RSM (I-optimal),836,16
Random Normal,Random Normal,0.15205734482770636,RSM (I-optimal),836,16
X1,X1,0.2683512582270033,RSM (I-optimal),837,16
X2,X2,0.5294851535665158,RSM (I-optimal),837,16
X3 (non-informative),X3,0.026910421154063856,RSM (I-optimal),837,16
Random Normal,Random Normal,0.175253167052417,RSM (I-optimal),837,16
X1,X1,0.2860371725877546,RSM (I-optimal),838,16
X2,X2,0.5389934735096655,RSM (I-optimal),838,16
X3 (non-informative),X3,0.04238016251830156,RSM (I-optimal),838,16
Random Normal,Random Normal,0.13258919138427833,RSM (I-optimal),838,16
X1,X1,0.15130636496321542,RSM (I-optimal),839,16
X2,X2,0.5086558705654349,RSM (I-optimal),839,16
X3 (non-informative),X3,0.07387888643874184,RSM (I-optimal),839,16
Random Normal,Random Normal,0.26615887803260774,RSM (I-optimal),839,16
X1,X1,0.20976158835994388,RSM (I-optimal),840,16
X2,X2,0.6039880014565011,RSM (I-optimal),840,16
X3 (non-informative),X3,0.017759678012073746,RSM (I-optimal),840,16
Random Normal,Random Normal,0.1684907321714814,RSM (I-optimal),840,16
X1,X1,0.22514051965522489,RSM (I-optimal),841,16
X2,X2,0.5318994136382987,RSM (I-optimal),841,16
X3 (non-informative),X3,0.034584558229664795,RSM (I-optimal),841,16
Random Normal,Random Normal,0.2083755084768116,RSM (I-optimal),841,16
X1,X1,0.24011025815914877,RSM (I-optimal),842,16
X2,X2,0.5525114481384161,RSM (I-optimal),842,16
X3 (non-informative),X3,0.01904934487467571,RSM (I-optimal),842,16
Random Normal,Random Normal,0.1883289488277594,RSM (I-optimal),842,16
X1,X1,0.19204652373218287,RSM (I-optimal),843,16
X2,X2,0.6139057858671942,RSM (I-optimal),843,16
X3 (non-informative),X3,0.01976499663814585,RSM (I-optimal),843,16
Random Normal,Random Normal,0.17428269376247704,RSM (I-optimal),843,16
X1,X1,0.19880788835820964,RSM (I-optimal),844,16
X2,X2,0.5422117127219312,RSM (I-optimal),844,16
X3 (non-informative),X3,0.048915615753966156,RSM (I-optimal),844,16
Random Normal,Random Normal,0.21006478316589303,RSM (I-optimal),844,16
X1,X1,0.2997815266896377,RSM (I-optimal),845,16
X2,X2,0.5520915280195282,RSM (I-optimal),845,16
X3 (non-informative),X3,0.03154079173226975,RSM (I-optimal),845,16
Random Normal,Random Normal,0.11658615355856426,RSM (I-optimal),845,16
X1,X1,0.27270972039345476,RSM (I-optimal),846,16
X2,X2,0.5388334041261635,RSM (I-optimal),846,16
X3 (non-informative),X3,0.015644089127411203,RSM (I-optimal),846,16
Random Normal,Random Normal,0.1728127863529704,RSM (I-optimal),846,16
X1,X1,0.2518829358191114,RSM (I-optimal),847,16
X2,X2,0.6128168373023548,RSM (I-optimal),847,16
X3 (non-informative),X3,0.022494621368731964,RSM (I-optimal),847,16
Random Normal,Random Normal,0.11280560550980186,RSM (I-optimal),847,16
X1,X1,0.28165545583024565,RSM (I-optimal),848,16
X2,X2,0.5607203387758058,RSM (I-optimal),848,16
X3 (non-informative),X3,0.035870703406181204,RSM (I-optimal),848,16
Random Normal,Random Normal,0.12175350198776722,RSM (I-optimal),848,16
X1,X1,0.2711931094493438,RSM (I-optimal),849,16
X2,X2,0.5606950077422653,RSM (I-optimal),849,16
X3 (non-informative),X3,0.03310416241095698,RSM (I-optimal),849,16
Random Normal,Random Normal,0.13500772039743375,RSM (I-optimal),849,16
X1,X1,0.3287662076260515,RSM (I-optimal),850,16
X2,X2,0.5417035537734269,RSM (I-optimal),850,16
X3 (non-informative),X3,0.04108199614168749,RSM (I-optimal),850,16
Random Normal,Random Normal,0.08844824245883413,RSM (I-optimal),850,16
X1,X1,0.14350171718308322,RSM (I-optimal),851,16
X2,X2,0.5898459065613535,RSM (I-optimal),851,16
X3 (non-informative),X3,0.03063094375226948,RSM (I-optimal),851,16
Random Normal,Random Normal,0.23602143250329377,RSM (I-optimal),851,16
X1,X1,0.25221154616634384,RSM (I-optimal),852,16
X2,X2,0.5366670664569666,RSM (I-optimal),852,16
X3 (non-informative),X3,0.02112629717259075,RSM (I-optimal),852,16
Random Normal,Random Normal,0.1899950902040989,RSM (I-optimal),852,16
X1,X1,0.19847165331829153,RSM (I-optimal),853,16
X2,X2,0.7058345360114193,RSM (I-optimal),853,16
X3 (non-informative),X3,0.005370060585203918,RSM (I-optimal),853,16
Random Normal,Random Normal,0.09032375008508521,RSM (I-optimal),853,16
X1,X1,0.2308656478070013,RSM (I-optimal),854,16
X2,X2,0.5031278274348977,RSM (I-optimal),854,16
X3 (non-informative),X3,0.055483180173722044,RSM (I-optimal),854,16
Random Normal,Random Normal,0.21052334458437888,RSM (I-optimal),854,16
X1,X1,0.22840108856989677,RSM (I-optimal),855,16
X2,X2,0.5384710504348285,RSM (I-optimal),855,16
X3 (non-informative),X3,0.033702430527207575,RSM (I-optimal),855,16
Random Normal,Random Normal,0.19942543046806713,RSM (I-optimal),855,16
X1,X1,0.17031134665165684,RSM (I-optimal),856,16
X2,X2,0.5766596167295491,RSM (I-optimal),856,16
X3 (non-informative),X3,0.03990295677517191,RSM (I-optimal),856,16
Random Normal,Random Normal,0.21312607984362208,RSM (I-optimal),856,16
X1,X1,0.2606742819668485,RSM (I-optimal),857,16
X2,X2,0.5535416311505654,RSM (I-optimal),857,16
X3 (non-informative),X3,0.030925586162520204,RSM (I-optimal),857,16
Random Normal,Random Normal,0.15485850072006593,RSM (I-optimal),857,16
X1,X1,0.1317025682678172,RSM (I-optimal),858,16
X2,X2,0.4648733785873903,RSM (I-optimal),858,16
X3 (non-informative),X3,0.035458082375684694,RSM (I-optimal),858,16
Random Normal,Random Normal,0.36796597076910786,RSM (I-optimal),858,16
X1,X1,0.27527880611547784,RSM (I-optimal),859,16
X2,X2,0.45953083222332913,RSM (I-optimal),859,16
X3 (non-informative),X3,0.036870056470895786,RSM (I-optimal),859,16
Random Normal,Random Normal,0.22832030519029728,RSM (I-optimal),859,16
X1,X1,0.2354081340215838,RSM (I-optimal),860,16
X2,X2,0.5958186967391403,RSM (I-optimal),860,16
X3 (non-informative),X3,0.03486825512730982,RSM (I-optimal),860,16
Random Normal,Random Normal,0.13390491411196598,RSM (I-optimal),860,16
X1,X1,0.0918132304260767,RSM (I-optimal),861,16
X2,X2,0.43543136361662055,RSM (I-optimal),861,16
X3 (non-informative),X3,0.04192040993776034,RSM (I-optimal),861,16
Random Normal,Random Normal,0.43083499601954245,RSM (I-optimal),861,16
X1,X1,0.3058337548457927,RSM (I-optimal),862,16
X2,X2,0.515124365946349,RSM (I-optimal),862,16
X3 (non-informative),X3,0.035353690985144,RSM (I-optimal),862,16
Random Normal,Random Normal,0.14368818822271426,RSM (I-optimal),862,16
X1,X1,0.21089682494170056,RSM (I-optimal),863,16
X2,X2,0.5836218205762612,RSM (I-optimal),863,16
X3 (non-informative),X3,0.026560553455798996,RSM (I-optimal),863,16
Random Normal,Random Normal,0.17892080102623925,RSM (I-optimal),863,16
X1,X1,0.18665613440120024,RSM (I-optimal),864,16
X2,X2,0.49670185252805055,RSM (I-optimal),864,16
X3 (non-informative),X3,0.04691247854684832,RSM (I-optimal),864,16
Random Normal,Random Normal,0.26972953452390086,RSM (I-optimal),864,16
X1,X1,0.28481396457289354,RSM (I-optimal),865,16
X2,X2,0.5709757220026184,RSM (I-optimal),865,16
X3 (non-informative),X3,0.019753632137528374,RSM (I-optimal),865,16
Random Normal,Random Normal,0.12445668128695969,RSM (I-optimal),865,16
X1,X1,0.2274076026037985,RSM (I-optimal),866,16
X2,X2,0.48288165767310687,RSM (I-optimal),866,16
X3 (non-informative),X3,0.05898686926749595,RSM (I-optimal),866,16
Random Normal,Random Normal,0.23072387045559864,RSM (I-optimal),866,16
X1,X1,0.23129159202516125,RSM (I-optimal),867,16
X2,X2,0.5139485675589625,RSM (I-optimal),867,16
X3 (non-informative),X3,0.03167037387473226,RSM (I-optimal),867,16
Random Normal,Random Normal,0.22308946654114403,RSM (I-optimal),867,16
X1,X1,0.2731127777002908,RSM (I-optimal),868,16
X2,X2,0.5507238464686601,RSM (I-optimal),868,16
X3 (non-informative),X3,0.021070794207500878,RSM (I-optimal),868,16
Random Normal,Random Normal,0.1550925816235482,RSM (I-optimal),868,16
X1,X1,0.270232670311779,RSM (I-optimal),869,16
X2,X2,0.5564344034280092,RSM (I-optimal),869,16
X3 (non-informative),X3,0.037768834367977115,RSM (I-optimal),869,16
Random Normal,Random Normal,0.1355640918922347,RSM (I-optimal),869,16
X1,X1,0.2915390365584103,RSM (I-optimal),870,16
X2,X2,0.535822692881313,RSM (I-optimal),870,16
X3 (non-informative),X3,0.038491443335273545,RSM (I-optimal),870,16
Random Normal,Random Normal,0.13414682722500318,RSM (I-optimal),870,16
X1,X1,0.2158441428280621,RSM (I-optimal),871,16
X2,X2,0.6240282487741747,RSM (I-optimal),871,16
X3 (non-informative),X3,0.02460036106887353,RSM (I-optimal),871,16
Random Normal,Random Normal,0.13552724732888968,RSM (I-optimal),871,16
X1,X1,0.31220672711775266,RSM (I-optimal),872,16
X2,X2,0.5022231630717507,RSM (I-optimal),872,16
X3 (non-informative),X3,0.02564389779251144,RSM (I-optimal),872,16
Random Normal,Random Normal,0.15992621201798518,RSM (I-optimal),872,16
X1,X1,0.23143007261002704,RSM (I-optimal),873,16
X2,X2,0.3381848750072228,RSM (I-optimal),873,16
X3 (non-informative),X3,0.03770595064257783,RSM (I-optimal),873,16
Random Normal,Random Normal,0.3926791017401723,RSM (I-optimal),873,16
X1,X1,0.2717215034369359,RSM (I-optimal),874,16
X2,X2,0.5678806994355236,RSM (I-optimal),874,16
X3 (non-informative),X3,0.03436492316498213,RSM (I-optimal),874,16
Random Normal,Random Normal,0.1260328739625584,RSM (I-optimal),874,16
X1,X1,0.11159443891977026,RSM (I-optimal),875,16
X2,X2,0.44498196047342503,RSM (I-optimal),875,16
X3 (non-informative),X3,0.021702712440315634,RSM (I-optimal),875,16
Random Normal,Random Normal,0.4217208881664891,RSM (I-optimal),875,16
X1,X1,0.19950835840143968,RSM (I-optimal),876,16
X2,X2,0.5167596248810942,RSM (I-optimal),876,16
X3 (non-informative),X3,0.030063014385051927,RSM (I-optimal),876,16
Random Normal,Random Normal,0.2536690023324143,RSM (I-optimal),876,16
X1,X1,0.20866796905041265,RSM (I-optimal),877,16
X2,X2,0.512695052013798,RSM (I-optimal),877,16
X3 (non-informative),X3,0.036714884071546744,RSM (I-optimal),877,16
Random Normal,Random Normal,0.24192209486424276,RSM (I-optimal),877,16
X1,X1,0.15664030734868786,RSM (I-optimal),878,16
X2,X2,0.46925732711833157,RSM (I-optimal),878,16
X3 (non-informative),X3,0.0681024322544151,RSM (I-optimal),878,16
Random Normal,Random Normal,0.3059999332785655,RSM (I-optimal),878,16
X1,X1,0.17182860201122874,RSM (I-optimal),879,16
X2,X2,0.5020332576957244,RSM (I-optimal),879,16
X3 (non-informative),X3,0.057985372839392604,RSM (I-optimal),879,16
Random Normal,Random Normal,0.2681527674536543,RSM (I-optimal),879,16
X1,X1,0.2722427289306999,RSM (I-optimal),880,16
X2,X2,0.6043038142382237,RSM (I-optimal),880,16
X3 (non-informative),X3,0.031788095326105964,RSM (I-optimal),880,16
Random Normal,Random Normal,0.09166536150497044,RSM (I-optimal),880,16
X1,X1,0.21244667655842137,RSM (I-optimal),881,16
X2,X2,0.5317382547493819,RSM (I-optimal),881,16
X3 (non-informative),X3,0.04185086185760506,RSM (I-optimal),881,16
Random Normal,Random Normal,0.21396420683459175,RSM (I-optimal),881,16
X1,X1,0.24246714004245398,RSM (I-optimal),882,16
X2,X2,0.5957686510547179,RSM (I-optimal),882,16
X3 (non-informative),X3,0.023019570185113997,RSM (I-optimal),882,16
Random Normal,Random Normal,0.138744638717714,RSM (I-optimal),882,16
X1,X1,0.19825864327520815,RSM (I-optimal),883,16
X2,X2,0.5265364498155888,RSM (I-optimal),883,16
X3 (non-informative),X3,0.030911956612498143,RSM (I-optimal),883,16
Random Normal,Random Normal,0.24429295029670495,RSM (I-optimal),883,16
X1,X1,0.2214300376570343,RSM (I-optimal),884,16
X2,X2,0.6094419837044615,RSM (I-optimal),884,16
X3 (non-informative),X3,0.03789475568138983,RSM (I-optimal),884,16
Random Normal,Random Normal,0.13123322295711443,RSM (I-optimal),884,16
X1,X1,0.1658331486605351,RSM (I-optimal),885,16
X2,X2,0.5107135986735127,RSM (I-optimal),885,16
X3 (non-informative),X3,0.03269106416641003,RSM (I-optimal),885,16
Random Normal,Random Normal,0.2907621884995421,RSM (I-optimal),885,16
X1,X1,0.24407637241249094,RSM (I-optimal),886,16
X2,X2,0.5023466470021376,RSM (I-optimal),886,16
X3 (non-informative),X3,0.047426071919587726,RSM (I-optimal),886,16
Random Normal,Random Normal,0.20615090866578373,RSM (I-optimal),886,16
X1,X1,0.2169381225964644,RSM (I-optimal),887,16
X2,X2,0.5869324232456555,RSM (I-optimal),887,16
X3 (non-informative),X3,0.03356180960201803,RSM (I-optimal),887,16
Random Normal,Random Normal,0.16256764455586198,RSM (I-optimal),887,16
X1,X1,0.2330749500924299,RSM (I-optimal),888,16
X2,X2,0.5258376529494662,RSM (I-optimal),888,16
X3 (non-informative),X3,0.06341289294237826,RSM (I-optimal),888,16
Random Normal,Random Normal,0.17767450401572568,RSM (I-optimal),888,16
X1,X1,0.24541888776640153,RSM (I-optimal),889,16
X2,X2,0.5778580877083878,RSM (I-optimal),889,16
X3 (non-informative),X3,0.020327441692936394,RSM (I-optimal),889,16
Random Normal,Random Normal,0.15639558283227423,RSM (I-optimal),889,16
X1,X1,0.2733240128724232,RSM (I-optimal),890,16
X2,X2,0.5269683378603417,RSM (I-optimal),890,16
X3 (non-informative),X3,0.027765965969863533,RSM (I-optimal),890,16
Random Normal,Random Normal,0.1719416832973715,RSM (I-optimal),890,16
X1,X1,0.1909698741794771,RSM (I-optimal),891,16
X2,X2,0.60933925404826,RSM (I-optimal),891,16
X3 (non-informative),X3,0.02077665626377459,RSM (I-optimal),891,16
Random Normal,Random Normal,0.17891421550848827,RSM (I-optimal),891,16
X1,X1,0.22678332246418248,RSM (I-optimal),892,16
X2,X2,0.61157659420637,RSM (I-optimal),892,16
X3 (non-informative),X3,0.03319997746276925,RSM (I-optimal),892,16
Random Normal,Random Normal,0.12844010586667828,RSM (I-optimal),892,16
X1,X1,0.2698262164874753,RSM (I-optimal),893,16
X2,X2,0.5405944229507446,RSM (I-optimal),893,16
X3 (non-informative),X3,0.03503168529730693,RSM (I-optimal),893,16
Random Normal,Random Normal,0.1545476752644732,RSM (I-optimal),893,16
X1,X1,0.2487726919469424,RSM (I-optimal),894,16
X2,X2,0.5542603556220232,RSM (I-optimal),894,16
X3 (non-informative),X3,0.030656867651529952,RSM (I-optimal),894,16
Random Normal,Random Normal,0.16631008477950443,RSM (I-optimal),894,16
X1,X1,0.2570966985826882,RSM (I-optimal),895,16
X2,X2,0.5093840896031218,RSM (I-optimal),895,16
X3 (non-informative),X3,0.02922703076972117,RSM (I-optimal),895,16
Random Normal,Random Normal,0.20429218104446883,RSM (I-optimal),895,16
X1,X1,0.2765611509173955,RSM (I-optimal),896,16
X2,X2,0.5210217646896651,RSM (I-optimal),896,16
X3 (non-informative),X3,0.05689496029164957,RSM (I-optimal),896,16
Random Normal,Random Normal,0.14552212410128995,RSM (I-optimal),896,16
X1,X1,0.24543207435466718,RSM (I-optimal),897,16
X2,X2,0.4766317292996051,RSM (I-optimal),897,16
X3 (non-informative),X3,0.006915585715683628,RSM (I-optimal),897,16
Random Normal,Random Normal,0.2710206106300441,RSM (I-optimal),897,16
X1,X1,0.2511020778091836,RSM (I-optimal),898,16
X2,X2,0.5971860993674657,RSM (I-optimal),898,16
X3 (non-informative),X3,0.047863993215615575,RSM (I-optimal),898,16
Random Normal,Random Normal,0.10384782960773517,RSM (I-optimal),898,16
X1,X1,0.2771522942120248,RSM (I-optimal),899,16
X2,X2,0.5891959698480743,RSM (I-optimal),899,16
X3 (non-informative),X3,0.02376282327039515,RSM (I-optimal),899,16
Random Normal,Random Normal,0.10988891266950568,RSM (I-optimal),899,16
X1,X1,0.11624015483418988,RSM (I-optimal),900,16
X2,X2,0.5279488836543604,RSM (I-optimal),900,16
X3 (non-informative),X3,0.040866476938116854,RSM (I-optimal),900,16
Random Normal,Random Normal,0.31494448457333274,RSM (I-optimal),900,16
X1,X1,0.2670413153202069,RSM (I-optimal),901,16
X2,X2,0.5634385556262749,RSM (I-optimal),901,16
X3 (non-informative),X3,0.023238471288849784,RSM (I-optimal),901,16
Random Normal,Random Normal,0.14628165776466845,RSM (I-optimal),901,16
X1,X1,0.20913501933840264,RSM (I-optimal),902,16
X2,X2,0.5926058221564803,RSM (I-optimal),902,16
X3 (non-informative),X3,0.03493126817156243,RSM (I-optimal),902,16
Random Normal,Random Normal,0.16332789033355463,RSM (I-optimal),902,16
X1,X1,0.23941554623945396,RSM (I-optimal),903,16
X2,X2,0.5692593814170265,RSM (I-optimal),903,16
X3 (non-informative),X3,0.04384879305885893,RSM (I-optimal),903,16
Random Normal,Random Normal,0.14747627928466053,RSM (I-optimal),903,16
X1,X1,0.21921237592297493,RSM (I-optimal),904,16
X2,X2,0.5326041847010118,RSM (I-optimal),904,16
X3 (non-informative),X3,0.06088518604316115,RSM (I-optimal),904,16
Random Normal,Random Normal,0.18729825333285213,RSM (I-optimal),904,16
X1,X1,0.2040235330832539,RSM (I-optimal),905,16
X2,X2,0.49650295051736326,RSM (I-optimal),905,16
X3 (non-informative),X3,0.036530677887501604,RSM (I-optimal),905,16
Random Normal,Random Normal,0.26294283851188116,RSM (I-optimal),905,16
X1,X1,0.29075752322223264,RSM (I-optimal),906,16
X2,X2,0.521596430348549,RSM (I-optimal),906,16
X3 (non-informative),X3,0.03203740689255454,RSM (I-optimal),906,16
Random Normal,Random Normal,0.15560863953666387,RSM (I-optimal),906,16
X1,X1,0.14693410218830785,RSM (I-optimal),907,16
X2,X2,0.42332588700895113,RSM (I-optimal),907,16
X3 (non-informative),X3,0.0421522496169922,RSM (I-optimal),907,16
Random Normal,Random Normal,0.3875877611857488,RSM (I-optimal),907,16
X1,X1,0.1962204887646004,RSM (I-optimal),908,16
X2,X2,0.45942168830104485,RSM (I-optimal),908,16
X3 (non-informative),X3,0.09023443512309796,RSM (I-optimal),908,16
Random Normal,Random Normal,0.2541233878112567,RSM (I-optimal),908,16
X1,X1,0.2274652533521436,RSM (I-optimal),909,16
X2,X2,0.5884664471404307,RSM (I-optimal),909,16
X3 (non-informative),X3,0.035669018422475565,RSM (I-optimal),909,16
Random Normal,Random Normal,0.1483992810849502,RSM (I-optimal),909,16
X1,X1,0.251314239355048,RSM (I-optimal),910,16
X2,X2,0.43415400246324615,RSM (I-optimal),910,16
X3 (non-informative),X3,0.01664976384047743,RSM (I-optimal),910,16
Random Normal,Random Normal,0.2978819943412285,RSM (I-optimal),910,16
X1,X1,0.2691911532816053,RSM (I-optimal),911,16
X2,X2,0.5522478729605429,RSM (I-optimal),911,16
X3 (non-informative),X3,0.021285869938393542,RSM (I-optimal),911,16
Random Normal,Random Normal,0.15727510381945828,RSM (I-optimal),911,16
X1,X1,0.21914076091409138,RSM (I-optimal),912,16
X2,X2,0.42272338921936903,RSM (I-optimal),912,16
X3 (non-informative),X3,0.061762694570984836,RSM (I-optimal),912,16
Random Normal,Random Normal,0.29637315529555486,RSM (I-optimal),912,16
X1,X1,0.19771791593695298,RSM (I-optimal),913,16
X2,X2,0.5678826082149107,RSM (I-optimal),913,16
X3 (non-informative),X3,0.04545107978505291,RSM (I-optimal),913,16
Random Normal,Random Normal,0.18894839606308345,RSM (I-optimal),913,16
X1,X1,0.21030998130450668,RSM (I-optimal),914,16
X2,X2,0.47816773996938206,RSM (I-optimal),914,16
X3 (non-informative),X3,0.051385716145345504,RSM (I-optimal),914,16
Random Normal,Random Normal,0.26013656258076573,RSM (I-optimal),914,16
X1,X1,0.2177905042133685,RSM (I-optimal),915,16
X2,X2,0.5241312539173891,RSM (I-optimal),915,16
X3 (non-informative),X3,0.028359805058214067,RSM (I-optimal),915,16
Random Normal,Random Normal,0.22971843681102827,RSM (I-optimal),915,16
X1,X1,0.137781316960926,RSM (I-optimal),916,16
X2,X2,0.4785928005343893,RSM (I-optimal),916,16
X3 (non-informative),X3,0.06213018150220965,RSM (I-optimal),916,16
Random Normal,Random Normal,0.32149570100247504,RSM (I-optimal),916,16
X1,X1,0.19595814042869134,RSM (I-optimal),917,16
X2,X2,0.48905021654934544,RSM (I-optimal),917,16
X3 (non-informative),X3,0.04555399607966924,RSM (I-optimal),917,16
Random Normal,Random Normal,0.2694376469422939,RSM (I-optimal),917,16
X1,X1,0.26352588702479907,RSM (I-optimal),918,16
X2,X2,0.46672612254894474,RSM (I-optimal),918,16
X3 (non-informative),X3,0.06159087410168711,RSM (I-optimal),918,16
Random Normal,Random Normal,0.20815711632456907,RSM (I-optimal),918,16
X1,X1,0.2733119941946742,RSM (I-optimal),919,16
X2,X2,0.534011808912773,RSM (I-optimal),919,16
X3 (non-informative),X3,0.04346959494255761,RSM (I-optimal),919,16
Random Normal,Random Normal,0.1492066019499951,RSM (I-optimal),919,16
X1,X1,0.1815296784823485,RSM (I-optimal),920,16
X2,X2,0.5929797801745935,RSM (I-optimal),920,16
X3 (non-informative),X3,0.041753220977409446,RSM (I-optimal),920,16
Random Normal,Random Normal,0.1837373203656486,RSM (I-optimal),920,16
X1,X1,0.22712956988596017,RSM (I-optimal),921,16
X2,X2,0.5879327888992696,RSM (I-optimal),921,16
X3 (non-informative),X3,0.03879763238859141,RSM (I-optimal),921,16
Random Normal,Random Normal,0.14614000882617878,RSM (I-optimal),921,16
X1,X1,0.23365581601499022,RSM (I-optimal),922,16
X2,X2,0.5718813401391417,RSM (I-optimal),922,16
X3 (non-informative),X3,0.03400419860837082,RSM (I-optimal),922,16
Random Normal,Random Normal,0.16045864523749712,RSM (I-optimal),922,16
X1,X1,0.2944165175022752,RSM (I-optimal),923,16
X2,X2,0.5440272343282534,RSM (I-optimal),923,16
X3 (non-informative),X3,0.025545547482173674,RSM (I-optimal),923,16
Random Normal,Random Normal,0.13601070068729756,RSM (I-optimal),923,16
X1,X1,0.2328059390451609,RSM (I-optimal),924,16
X2,X2,0.6302927057113312,RSM (I-optimal),924,16
X3 (non-informative),X3,0.0317928871281859,RSM (I-optimal),924,16
Random Normal,Random Normal,0.10510846811532204,RSM (I-optimal),924,16
X1,X1,0.23271302744938482,RSM (I-optimal),925,16
X2,X2,0.5074351293492526,RSM (I-optimal),925,16
X3 (non-informative),X3,0.027931161370125773,RSM (I-optimal),925,16
Random Normal,Random Normal,0.2319206818312368,RSM (I-optimal),925,16
X1,X1,0.20762054624132478,RSM (I-optimal),926,16
X2,X2,0.5666949619583619,RSM (I-optimal),926,16
X3 (non-informative),X3,0.027604113904616957,RSM (I-optimal),926,16
Random Normal,Random Normal,0.19808037789569644,RSM (I-optimal),926,16
X1,X1,0.25441905108069746,RSM (I-optimal),927,16
X2,X2,0.5479301392424442,RSM (I-optimal),927,16
X3 (non-informative),X3,0.03863187259886653,RSM (I-optimal),927,16
Random Normal,Random Normal,0.1590189370779919,RSM (I-optimal),927,16
X1,X1,0.180982063200466,RSM (I-optimal),928,16
X2,X2,0.518894643587261,RSM (I-optimal),928,16
X3 (non-informative),X3,0.02788793491165288,RSM (I-optimal),928,16
Random Normal,Random Normal,0.2722353583006201,RSM (I-optimal),928,16
X1,X1,0.20127389855680736,RSM (I-optimal),929,16
X2,X2,0.616291162219165,RSM (I-optimal),929,16
X3 (non-informative),X3,0.026640827828669222,RSM (I-optimal),929,16
Random Normal,Random Normal,0.15579411139535831,RSM (I-optimal),929,16
X1,X1,0.27989933276294715,RSM (I-optimal),930,16
X2,X2,0.5191709476306727,RSM (I-optimal),930,16
X3 (non-informative),X3,0.02183507769796416,RSM (I-optimal),930,16
Random Normal,Random Normal,0.17909464190841598,RSM (I-optimal),930,16
X1,X1,0.2463012295499113,RSM (I-optimal),931,16
X2,X2,0.5033436479078899,RSM (I-optimal),931,16
X3 (non-informative),X3,0.03468327857022117,RSM (I-optimal),931,16
Random Normal,Random Normal,0.21567184397197764,RSM (I-optimal),931,16
X1,X1,0.22839083099907026,RSM (I-optimal),932,16
X2,X2,0.5077062249144041,RSM (I-optimal),932,16
X3 (non-informative),X3,0.028361778112332627,RSM (I-optimal),932,16
Random Normal,Random Normal,0.23554116597419297,RSM (I-optimal),932,16
X1,X1,0.16851375727650192,RSM (I-optimal),933,16
X2,X2,0.519501170663046,RSM (I-optimal),933,16
X3 (non-informative),X3,0.04008183749881487,RSM (I-optimal),933,16
Random Normal,Random Normal,0.27190323456163723,RSM (I-optimal),933,16
X1,X1,0.2452217480899131,RSM (I-optimal),934,16
X2,X2,0.5170102140932972,RSM (I-optimal),934,16
X3 (non-informative),X3,0.03309563689672356,RSM (I-optimal),934,16
Random Normal,Random Normal,0.2046724009200662,RSM (I-optimal),934,16
X1,X1,0.25078067908011115,RSM (I-optimal),935,16
X2,X2,0.5759945080195923,RSM (I-optimal),935,16
X3 (non-informative),X3,0.03471619233563082,RSM (I-optimal),935,16
Random Normal,Random Normal,0.13850862056466562,RSM (I-optimal),935,16
X1,X1,0.24218185367473774,RSM (I-optimal),936,16
X2,X2,0.5131700285326961,RSM (I-optimal),936,16
X3 (non-informative),X3,0.03957134759175611,RSM (I-optimal),936,16
Random Normal,Random Normal,0.20507677020080997,RSM (I-optimal),936,16
X1,X1,0.2448578687456434,RSM (I-optimal),937,16
X2,X2,0.6364419923597928,RSM (I-optimal),937,16
X3 (non-informative),X3,0.03192327567899295,RSM (I-optimal),937,16
Random Normal,Random Normal,0.08677686321557082,RSM (I-optimal),937,16
X1,X1,0.23284355418404806,RSM (I-optimal),938,16
X2,X2,0.48797377647276724,RSM (I-optimal),938,16
X3 (non-informative),X3,0.024102411999757208,RSM (I-optimal),938,16
Random Normal,Random Normal,0.2550802573434274,RSM (I-optimal),938,16
X1,X1,0.039195114292130184,RSM (I-optimal),939,16
X2,X2,0.5516354226148579,RSM (I-optimal),939,16
X3 (non-informative),X3,0.03345591824181227,RSM (I-optimal),939,16
Random Normal,Random Normal,0.3757135448511996,RSM (I-optimal),939,16
X1,X1,0.27266105712294575,RSM (I-optimal),940,16
X2,X2,0.572922680496841,RSM (I-optimal),940,16
X3 (non-informative),X3,0.03290419063696059,RSM (I-optimal),940,16
Random Normal,Random Normal,0.12151207174325263,RSM (I-optimal),940,16
X1,X1,0.2672767227230576,RSM (I-optimal),941,16
X2,X2,0.549599579320116,RSM (I-optimal),941,16
X3 (non-informative),X3,0.024442083177588128,RSM (I-optimal),941,16
Random Normal,Random Normal,0.1586816147792383,RSM (I-optimal),941,16
X1,X1,0.17369250304704614,RSM (I-optimal),942,16
X2,X2,0.47408148769605585,RSM (I-optimal),942,16
X3 (non-informative),X3,0.03413213473030259,RSM (I-optimal),942,16
Random Normal,Random Normal,0.3180938745265954,RSM (I-optimal),942,16
X1,X1,0.1716590641313391,RSM (I-optimal),943,16
X2,X2,0.5821532768314674,RSM (I-optimal),943,16
X3 (non-informative),X3,0.0424083408387024,RSM (I-optimal),943,16
Random Normal,Random Normal,0.203779318198491,RSM (I-optimal),943,16
X1,X1,0.15056654644516163,RSM (I-optimal),944,16
X2,X2,0.5719372846707738,RSM (I-optimal),944,16
X3 (non-informative),X3,0.02407805606970549,RSM (I-optimal),944,16
Random Normal,Random Normal,0.2534181128143591,RSM (I-optimal),944,16
X1,X1,0.27737840550734927,RSM (I-optimal),945,16
X2,X2,0.5420128615185617,RSM (I-optimal),945,16
X3 (non-informative),X3,0.02473080751008085,RSM (I-optimal),945,16
Random Normal,Random Normal,0.15587792546400825,RSM (I-optimal),945,16
X1,X1,0.3108368126533511,RSM (I-optimal),946,16
X2,X2,0.5039689630568647,RSM (I-optimal),946,16
X3 (non-informative),X3,0.026109505823849976,RSM (I-optimal),946,16
Random Normal,Random Normal,0.15908471846593425,RSM (I-optimal),946,16
X1,X1,0.2077983498738697,RSM (I-optimal),947,16
X2,X2,0.4695923955655298,RSM (I-optimal),947,16
X3 (non-informative),X3,0.02123181722003787,RSM (I-optimal),947,16
Random Normal,Random Normal,0.30137743734056255,RSM (I-optimal),947,16
X1,X1,0.21088406288049247,RSM (I-optimal),948,16
X2,X2,0.5403762786418256,RSM (I-optimal),948,16
X3 (non-informative),X3,0.0354761562624155,RSM (I-optimal),948,16
Random Normal,Random Normal,0.21326350221526638,RSM (I-optimal),948,16
X1,X1,0.27731978310434896,RSM (I-optimal),949,16
X2,X2,0.4957788674291322,RSM (I-optimal),949,16
X3 (non-informative),X3,0.04841197151682563,RSM (I-optimal),949,16
Random Normal,Random Normal,0.17848937794969322,RSM (I-optimal),949,16
X1,X1,0.18462113824059054,RSM (I-optimal),950,16
X2,X2,0.5321324532206209,RSM (I-optimal),950,16
X3 (non-informative),X3,0.022966602285844222,RSM (I-optimal),950,16
Random Normal,Random Normal,0.26027980625294445,RSM (I-optimal),950,16
X1,X1,0.26263836128768503,RSM (I-optimal),951,16
X2,X2,0.5776625968767959,RSM (I-optimal),951,16
X3 (non-informative),X3,0.036362393327489716,RSM (I-optimal),951,16
Random Normal,Random Normal,0.12333664850802939,RSM (I-optimal),951,16
X1,X1,0.21706764864413877,RSM (I-optimal),952,16
X2,X2,0.5319418274396661,RSM (I-optimal),952,16
X3 (non-informative),X3,0.028941908506366965,RSM (I-optimal),952,16
Random Normal,Random Normal,0.22204861540982818,RSM (I-optimal),952,16
X1,X1,0.1994400643158799,RSM (I-optimal),953,16
X2,X2,0.5404393279236186,RSM (I-optimal),953,16
X3 (non-informative),X3,0.03124396766442494,RSM (I-optimal),953,16
Random Normal,Random Normal,0.22887664009607647,RSM (I-optimal),953,16
X1,X1,0.07761159749536256,RSM (I-optimal),954,16
X2,X2,0.399705304192557,RSM (I-optimal),954,16
X3 (non-informative),X3,0.022235200264524205,RSM (I-optimal),954,16
Random Normal,Random Normal,0.5004478980475561,RSM (I-optimal),954,16
X1,X1,0.21458058896247847,RSM (I-optimal),955,16
X2,X2,0.5804624458179504,RSM (I-optimal),955,16
X3 (non-informative),X3,0.04755742235821296,RSM (I-optimal),955,16
Random Normal,Random Normal,0.1573995428613582,RSM (I-optimal),955,16
X1,X1,0.1841516479310184,RSM (I-optimal),956,16
X2,X2,0.5827842023737148,RSM (I-optimal),956,16
X3 (non-informative),X3,0.03973864926593268,RSM (I-optimal),956,16
Random Normal,Random Normal,0.19332550042933408,RSM (I-optimal),956,16
X1,X1,0.22500862347171469,RSM (I-optimal),957,16
X2,X2,0.5180314097439108,RSM (I-optimal),957,16
X3 (non-informative),X3,0.04777192442922706,RSM (I-optimal),957,16
Random Normal,Random Normal,0.2091880423551474,RSM (I-optimal),957,16
X1,X1,0.08830395033111518,RSM (I-optimal),958,16
X2,X2,0.3579590560685156,RSM (I-optimal),958,16
X3 (non-informative),X3,0.06276449908292651,RSM (I-optimal),958,16
Random Normal,Random Normal,0.49097249451744274,RSM (I-optimal),958,16
X1,X1,0.25999118508085955,RSM (I-optimal),959,16
X2,X2,0.5760538094389963,RSM (I-optimal),959,16
X3 (non-informative),X3,0.032525205511809326,RSM (I-optimal),959,16
Random Normal,Random Normal,0.13142979996833482,RSM (I-optimal),959,16
X1,X1,0.21314872488034148,RSM (I-optimal),960,16
X2,X2,0.5239433911696867,RSM (I-optimal),960,16
X3 (non-informative),X3,0.028602053242332896,RSM (I-optimal),960,16
Random Normal,Random Normal,0.23430583070763888,RSM (I-optimal),960,16
X1,X1,0.22346473762633365,RSM (I-optimal),961,16
X2,X2,0.6124198716644285,RSM (I-optimal),961,16
X3 (non-informative),X3,0.048013586864414655,RSM (I-optimal),961,16
Random Normal,Random Normal,0.11610180384482321,RSM (I-optimal),961,16
X1,X1,0.2932792443978969,RSM (I-optimal),962,16
X2,X2,0.4804669017918096,RSM (I-optimal),962,16
X3 (non-informative),X3,0.025733876958078706,RSM (I-optimal),962,16
Random Normal,Random Normal,0.2005199768522149,RSM (I-optimal),962,16
X1,X1,0.24247716327439148,RSM (I-optimal),963,16
X2,X2,0.5492371848491786,RSM (I-optimal),963,16
X3 (non-informative),X3,0.044513082549141055,RSM (I-optimal),963,16
Random Normal,Random Normal,0.1637725693272889,RSM (I-optimal),963,16
X1,X1,0.28146519684175375,RSM (I-optimal),964,16
X2,X2,0.5298848179162461,RSM (I-optimal),964,16
X3 (non-informative),X3,0.043242650461792986,RSM (I-optimal),964,16
Random Normal,Random Normal,0.14540733478020715,RSM (I-optimal),964,16
X1,X1,0.22912977161950646,RSM (I-optimal),965,16
X2,X2,0.5654974601510492,RSM (I-optimal),965,16
X3 (non-informative),X3,0.03447888105870068,RSM (I-optimal),965,16
Random Normal,Random Normal,0.1708938871707437,RSM (I-optimal),965,16
X1,X1,0.23293688131738177,RSM (I-optimal),966,16
X2,X2,0.6124301893493451,RSM (I-optimal),966,16
X3 (non-informative),X3,0.02202614967353402,RSM (I-optimal),966,16
Random Normal,Random Normal,0.13260677965973913,RSM (I-optimal),966,16
X1,X1,0.21011265807611582,RSM (I-optimal),967,16
X2,X2,0.6136500411617902,RSM (I-optimal),967,16
X3 (non-informative),X3,0.01642473188939265,RSM (I-optimal),967,16
Random Normal,Random Normal,0.15981256887270123,RSM (I-optimal),967,16
X1,X1,0.23768357757538208,RSM (I-optimal),968,16
X2,X2,0.5600555631730563,RSM (I-optimal),968,16
X3 (non-informative),X3,0.048286472935078165,RSM (I-optimal),968,16
Random Normal,Random Normal,0.15397438631648352,RSM (I-optimal),968,16
X1,X1,0.24845003864729492,RSM (I-optimal),969,16
X2,X2,0.5386921697329013,RSM (I-optimal),969,16
X3 (non-informative),X3,0.04489154554231452,RSM (I-optimal),969,16
Random Normal,Random Normal,0.1679662460774891,RSM (I-optimal),969,16
X1,X1,0.1776979562531878,RSM (I-optimal),970,16
X2,X2,0.4894138740100383,RSM (I-optimal),970,16
X3 (non-informative),X3,0.02933667092391811,RSM (I-optimal),970,16
Random Normal,Random Normal,0.30355149881285587,RSM (I-optimal),970,16
X1,X1,0.23601991369541184,RSM (I-optimal),971,16
X2,X2,0.5254284225765339,RSM (I-optimal),971,16
X3 (non-informative),X3,0.03654138361456197,RSM (I-optimal),971,16
Random Normal,Random Normal,0.2020102801134923,RSM (I-optimal),971,16
X1,X1,0.1868016494724636,RSM (I-optimal),972,16
X2,X2,0.48242405728072874,RSM (I-optimal),972,16
X3 (non-informative),X3,0.03049448327091515,RSM (I-optimal),972,16
Random Normal,Random Normal,0.30027980997589254,RSM (I-optimal),972,16
X1,X1,0.2162649886226336,RSM (I-optimal),973,16
X2,X2,0.584652609632717,RSM (I-optimal),973,16
X3 (non-informative),X3,0.02306646459349353,RSM (I-optimal),973,16
Random Normal,Random Normal,0.17601593715115577,RSM (I-optimal),973,16
X1,X1,0.2430957629386098,RSM (I-optimal),974,16
X2,X2,0.6028312996577613,RSM (I-optimal),974,16
X3 (non-informative),X3,0.02525476271576588,RSM (I-optimal),974,16
Random Normal,Random Normal,0.12881817468786302,RSM (I-optimal),974,16
X1,X1,0.2694866753139925,RSM (I-optimal),975,16
X2,X2,0.6188862369218773,RSM (I-optimal),975,16
X3 (non-informative),X3,0.018142933609894295,RSM (I-optimal),975,16
Random Normal,Random Normal,0.09348415415423589,RSM (I-optimal),975,16
X1,X1,0.20757504941751545,RSM (I-optimal),976,16
X2,X2,0.5653109952349362,RSM (I-optimal),976,16
X3 (non-informative),X3,0.031841547791585455,RSM (I-optimal),976,16
Random Normal,Random Normal,0.1952724075559629,RSM (I-optimal),976,16
X1,X1,0.2561477861072392,RSM (I-optimal),977,16
X2,X2,0.5378312963722738,RSM (I-optimal),977,16
X3 (non-informative),X3,0.02513258692561047,RSM (I-optimal),977,16
Random Normal,Random Normal,0.18088833059487655,RSM (I-optimal),977,16
X1,X1,0.12285733373504351,RSM (I-optimal),978,16
X2,X2,0.3073563335950526,RSM (I-optimal),978,16
X3 (non-informative),X3,0.026620855737179202,RSM (I-optimal),978,16
Random Normal,Random Normal,0.5431654769327247,RSM (I-optimal),978,16
X1,X1,0.17064928258184983,RSM (I-optimal),979,16
X2,X2,0.49454720556010495,RSM (I-optimal),979,16
X3 (non-informative),X3,0.026563366171328352,RSM (I-optimal),979,16
Random Normal,Random Normal,0.30824014568671676,RSM (I-optimal),979,16
X1,X1,0.2784097872319147,RSM (I-optimal),980,16
X2,X2,0.5768545827809891,RSM (I-optimal),980,16
X3 (non-informative),X3,0.02644284047059782,RSM (I-optimal),980,16
Random Normal,Random Normal,0.11829278951649852,RSM (I-optimal),980,16
X1,X1,0.2173354108502169,RSM (I-optimal),981,16
X2,X2,0.46274489746242536,RSM (I-optimal),981,16
X3 (non-informative),X3,0.028546892246114657,RSM (I-optimal),981,16
Random Normal,Random Normal,0.29137279944124306,RSM (I-optimal),981,16
X1,X1,0.1532485645770378,RSM (I-optimal),982,16
X2,X2,0.640234203702304,RSM (I-optimal),982,16
X3 (non-informative),X3,0.021165460532473156,RSM (I-optimal),982,16
Random Normal,Random Normal,0.18535177118818513,RSM (I-optimal),982,16
X1,X1,0.22616789328727857,RSM (I-optimal),983,16
X2,X2,0.5343765057717732,RSM (I-optimal),983,16
X3 (non-informative),X3,0.025460518981836912,RSM (I-optimal),983,16
Random Normal,Random Normal,0.21399508195911135,RSM (I-optimal),983,16
X1,X1,0.203681469159909,RSM (I-optimal),984,16
X2,X2,0.5052680476566083,RSM (I-optimal),984,16
X3 (non-informative),X3,0.04268975738557469,RSM (I-optimal),984,16
Random Normal,Random Normal,0.24836072579790808,RSM (I-optimal),984,16
X1,X1,0.20301184785779305,RSM (I-optimal),985,16
X2,X2,0.5456404436300919,RSM (I-optimal),985,16
X3 (non-informative),X3,0.03541646891496949,RSM (I-optimal),985,16
Random Normal,Random Normal,0.2159312395971455,RSM (I-optimal),985,16
X1,X1,0.2027865438363631,RSM (I-optimal),986,16
X2,X2,0.4700037548126431,RSM (I-optimal),986,16
X3 (non-informative),X3,0.04984577337994487,RSM (I-optimal),986,16
Random Normal,Random Normal,0.27736392797104886,RSM (I-optimal),986,16
X1,X1,0.24235647446921252,RSM (I-optimal),987,16
X2,X2,0.5977095180135463,RSM (I-optimal),987,16
X3 (non-informative),X3,0.01723728052273874,RSM (I-optimal),987,16
Random Normal,Random Normal,0.14269672699450248,RSM (I-optimal),987,16
X1,X1,0.19865289009617337,RSM (I-optimal),988,16
X2,X2,0.43156277775246765,RSM (I-optimal),988,16
X3 (non-informative),X3,0.02961488595922087,RSM (I-optimal),988,16
Random Normal,Random Normal,0.3401694461921382,RSM (I-optimal),988,16
X1,X1,0.2500338325782762,RSM (I-optimal),989,16
X2,X2,0.5938412800188186,RSM (I-optimal),989,16
X3 (non-informative),X3,0.041628730502248044,RSM (I-optimal),989,16
Random Normal,Random Normal,0.1144961569006571,RSM (I-optimal),989,16
X1,X1,0.29733566956948015,RSM (I-optimal),990,16
X2,X2,0.5854819501858894,RSM (I-optimal),990,16
X3 (non-informative),X3,0.028344557528627752,RSM (I-optimal),990,16
Random Normal,Random Normal,0.0888378227160027,RSM (I-optimal),990,16
X1,X1,0.2783648772809923,RSM (I-optimal),991,16
X2,X2,0.516808779327465,RSM (I-optimal),991,16
X3 (non-informative),X3,0.01573705131838547,RSM (I-optimal),991,16
Random Normal,Random Normal,0.18908929207315714,RSM (I-optimal),991,16
X1,X1,0.22884199653617235,RSM (I-optimal),992,16
X2,X2,0.5672777033735252,RSM (I-optimal),992,16
X3 (non-informative),X3,0.04058272799404265,RSM (I-optimal),992,16
Random Normal,Random Normal,0.16329757209625975,RSM (I-optimal),992,16
X1,X1,0.23721732830643186,RSM (I-optimal),993,16
X2,X2,0.5439003452613203,RSM (I-optimal),993,16
X3 (non-informative),X3,0.036283070267005994,RSM (I-optimal),993,16
Random Normal,Random Normal,0.18259925616524186,RSM (I-optimal),993,16
X1,X1,0.29292907393345374,RSM (I-optimal),994,16
X2,X2,0.5270669236648495,RSM (I-optimal),994,16
X3 (non-informative),X3,0.02802321582309997,RSM (I-optimal),994,16
Random Normal,Random Normal,0.15198078657859682,RSM (I-optimal),994,16
X1,X1,0.19720642463663357,RSM (I-optimal),995,16
X2,X2,0.5405033850916923,RSM (I-optimal),995,16
X3 (non-informative),X3,0.029521653508536225,RSM (I-optimal),995,16
Random Normal,Random Normal,0.2327685367631379,RSM (I-optimal),995,16
X1,X1,0.1877561976764241,RSM (I-optimal),996,16
X2,X2,0.6411648990727251,RSM (I-optimal),996,16
X3 (non-informative),X3,0.033220773498807615,RSM (I-optimal),996,16
Random Normal,Random Normal,0.13785812975204317,RSM (I-optimal),996,16
X1,X1,0.19296719860450146,RSM (I-optimal),997,16
X2,X2,0.5165207261685917,RSM (I-optimal),997,16
X3 (non-informative),X3,0.04883970611254886,RSM (I-optimal),997,16
Random Normal,Random Normal,0.24167236911435794,RSM (I-optimal),997,16
X1,X1,0.22157931521314242,RSM (I-optimal),998,16
X2,X2,0.5739447938655677,RSM (I-optimal),998,16
X3 (non-informative),X3,0.02777417307636124,RSM (I-optimal),998,16
Random Normal,Random Normal,0.1767017178449286,RSM (I-optimal),998,16
X1,X1,0.25369437764457,RSM (I-optimal),999,16
X2,X2,0.4932493922165164,RSM (I-optimal),999,16
X3 (non-informative),X3,0.02592706605676843,RSM (I-optimal),999,16
Random Normal,Random Normal,0.22712916408214515,RSM (I-optimal),999,16
X1,X1,0.22615773432778674,RSM (I-optimal),1000,16
X2,X2,0.5947814060699744,RSM (I-optimal),1000,16
X3 (non-informative),X3,0.040922894724879526,RSM (I-optimal),1000,16
Random Normal,Random Normal,0.13813796487735924,RSM (I-optimal),1000,16
X1,X1,0.17185885212215743,Space filling (16),1,16
X2,X2,0.5470623714639304,Space filling (16),1,16
X3 (non-informative),X3,0.11314670736957141,Space filling (16),1,16
Random Normal,Random Normal,0.16793206904434071,Space filling (16),1,16
X1,X1,0.18715552372908276,Space filling (16),2,16
X2,X2,0.552755663303486,Space filling (16),2,16
X3 (non-informative),X3,0.15885824859033154,Space filling (16),2,16
Random Normal,Random Normal,0.10123056437709974,Space filling (16),2,16
X1,X1,0.1749187587048869,Space filling (16),3,16
X2,X2,0.5839055973127846,Space filling (16),3,16
X3 (non-informative),X3,0.1659300212202201,Space filling (16),3,16
Random Normal,Random Normal,0.07524562276210844,Space filling (16),3,16
X1,X1,0.16025071640605237,Space filling (16),4,16
X2,X2,0.521677142402784,Space filling (16),4,16
X3 (non-informative),X3,0.11489563147019553,Space filling (16),4,16
Random Normal,Random Normal,0.20317650972096815,Space filling (16),4,16
X1,X1,0.18986271695600296,Space filling (16),5,16
X2,X2,0.5438468420761262,Space filling (16),5,16
X3 (non-informative),X3,0.16600078678526492,Space filling (16),5,16
Random Normal,Random Normal,0.10028965418260595,Space filling (16),5,16
X1,X1,0.17597568854446974,Space filling (16),6,16
X2,X2,0.5844440791157265,Space filling (16),6,16
X3 (non-informative),X3,0.1486520442647084,Space filling (16),6,16
Random Normal,Random Normal,0.0909281880750954,Space filling (16),6,16
X1,X1,0.19155507846087277,Space filling (16),7,16
X2,X2,0.567470924007679,Space filling (16),7,16
X3 (non-informative),X3,0.1621905289334567,Space filling (16),7,16
Random Normal,Random Normal,0.07878346859799151,Space filling (16),7,16
X1,X1,0.17527077922499457,Space filling (16),8,16
X2,X2,0.5078267305428444,Space filling (16),8,16
X3 (non-informative),X3,0.11773762569142145,Space filling (16),8,16
Random Normal,Random Normal,0.1991648645407396,Space filling (16),8,16
X1,X1,0.13493298659547664,Space filling (16),9,16
X2,X2,0.5036069627265296,Space filling (16),9,16
X3 (non-informative),X3,0.09626440735974756,Space filling (16),9,16
Random Normal,Random Normal,0.2651956433182462,Space filling (16),9,16
X1,X1,0.17149204092112863,Space filling (16),10,16
X2,X2,0.592836594722459,Space filling (16),10,16
X3 (non-informative),X3,0.0859439523191371,Space filling (16),10,16
Random Normal,Random Normal,0.14972741203727524,Space filling (16),10,16
X1,X1,0.1734802603933699,Space filling (16),11,16
X2,X2,0.5625437397802459,Space filling (16),11,16
X3 (non-informative),X3,0.11072872260496075,Space filling (16),11,16
Random Normal,Random Normal,0.1532472772214235,Space filling (16),11,16
X1,X1,0.17878886597475535,Space filling (16),12,16
X2,X2,0.4732848396045544,Space filling (16),12,16
X3 (non-informative),X3,0.17510107186669918,Space filling (16),12,16
Random Normal,Random Normal,0.17282522255399102,Space filling (16),12,16
X1,X1,0.18570040687785022,Space filling (16),13,16
X2,X2,0.5527379102921745,Space filling (16),13,16
X3 (non-informative),X3,0.18013843573173594,Space filling (16),13,16
Random Normal,Random Normal,0.08142324709823938,Space filling (16),13,16
X1,X1,0.16946516109390958,Space filling (16),14,16
X2,X2,0.594960294812451,Space filling (16),14,16
X3 (non-informative),X3,0.12491366088047214,Space filling (16),14,16
Random Normal,Random Normal,0.11066088321316725,Space filling (16),14,16
X1,X1,0.20383838259374348,Space filling (16),15,16
X2,X2,0.4959177952411675,Space filling (16),15,16
X3 (non-informative),X3,0.17640622836627748,Space filling (16),15,16
Random Normal,Random Normal,0.12383759379881148,Space filling (16),15,16
X1,X1,0.20851391842183456,Space filling (16),16,16
X2,X2,0.52658740357669,Space filling (16),16,16
X3 (non-informative),X3,0.13362933787291323,Space filling (16),16,16
Random Normal,Random Normal,0.1312693401285622,Space filling (16),16,16
X1,X1,0.16943666781644826,Space filling (16),17,16
X2,X2,0.5253217999315735,Space filling (16),17,16
X3 (non-informative),X3,0.15218120871227414,Space filling (16),17,16
Random Normal,Random Normal,0.1530603235397041,Space filling (16),17,16
X1,X1,0.17831261416563782,Space filling (16),18,16
X2,X2,0.5798330202547534,Space filling (16),18,16
X3 (non-informative),X3,0.11492553944794166,Space filling (16),18,16
Random Normal,Random Normal,0.12692882613166717,Space filling (16),18,16
X1,X1,0.15757547294986177,Space filling (16),19,16
X2,X2,0.5218812227906394,Space filling (16),19,16
X3 (non-informative),X3,0.1180747534073453,Space filling (16),19,16
Random Normal,Random Normal,0.2024685508521535,Space filling (16),19,16
X1,X1,0.1732037990374087,Space filling (16),20,16
X2,X2,0.49438575358174924,Space filling (16),20,16
X3 (non-informative),X3,0.14255488944254768,Space filling (16),20,16
Random Normal,Random Normal,0.18985555793829437,Space filling (16),20,16
X1,X1,0.21638845319173894,Space filling (16),21,16
X2,X2,0.5545135077261105,Space filling (16),21,16
X3 (non-informative),X3,0.12631869070053436,Space filling (16),21,16
Random Normal,Random Normal,0.10277934838161618,Space filling (16),21,16
X1,X1,0.15139028391794523,Space filling (16),22,16
X2,X2,0.5345580081019444,Space filling (16),22,16
X3 (non-informative),X3,0.17565109882850857,Space filling (16),22,16
Random Normal,Random Normal,0.13840060915160185,Space filling (16),22,16
X1,X1,0.07859533787309565,Space filling (16),23,16
X2,X2,0.5074936832379477,Space filling (16),23,16
X3 (non-informative),X3,0.09142627654601658,Space filling (16),23,16
Random Normal,Random Normal,0.32248470234294,Space filling (16),23,16
X1,X1,0.1757517307133949,Space filling (16),24,16
X2,X2,0.597890303570637,Space filling (16),24,16
X3 (non-informative),X3,0.1347399894064954,Space filling (16),24,16
Random Normal,Random Normal,0.09161797630947272,Space filling (16),24,16
X1,X1,0.17631494028847447,Space filling (16),25,16
X2,X2,0.5285945319192539,Space filling (16),25,16
X3 (non-informative),X3,0.15865469409956462,Space filling (16),25,16
Random Normal,Random Normal,0.13643583369270704,Space filling (16),25,16
X1,X1,0.18926217985692495,Space filling (16),26,16
X2,X2,0.5940221085012716,Space filling (16),26,16
X3 (non-informative),X3,0.13457749881268546,Space filling (16),26,16
Random Normal,Random Normal,0.082138212829118,Space filling (16),26,16
X1,X1,0.18021107342030093,Space filling (16),27,16
X2,X2,0.5286576679423975,Space filling (16),27,16
X3 (non-informative),X3,0.05783036029726794,Space filling (16),27,16
Random Normal,Random Normal,0.23330089834003356,Space filling (16),27,16
X1,X1,0.1892916456186085,Space filling (16),28,16
X2,X2,0.5354679901755619,Space filling (16),28,16
X3 (non-informative),X3,0.09142786340270712,Space filling (16),28,16
Random Normal,Random Normal,0.18381250080312245,Space filling (16),28,16
X1,X1,0.14031227366939394,Space filling (16),29,16
X2,X2,0.5377142741426676,Space filling (16),29,16
X3 (non-informative),X3,0.09076029497889641,Space filling (16),29,16
Random Normal,Random Normal,0.2312131572090421,Space filling (16),29,16
X1,X1,0.1831926337282721,Space filling (16),30,16
X2,X2,0.6048756396178462,Space filling (16),30,16
X3 (non-informative),X3,0.12274295631422885,Space filling (16),30,16
Random Normal,Random Normal,0.08918877033965285,Space filling (16),30,16
X1,X1,0.1903813028099182,Space filling (16),31,16
X2,X2,0.5446882965659328,Space filling (16),31,16
X3 (non-informative),X3,0.13607775528041638,Space filling (16),31,16
Random Normal,Random Normal,0.12885264534373259,Space filling (16),31,16
X1,X1,0.17675269088590548,Space filling (16),32,16
X2,X2,0.5552234025309372,Space filling (16),32,16
X3 (non-informative),X3,0.09576570106281901,Space filling (16),32,16
Random Normal,Random Normal,0.17225820552033833,Space filling (16),32,16
X1,X1,0.1101567003383818,Space filling (16),33,16
X2,X2,0.5762887509798124,Space filling (16),33,16
X3 (non-informative),X3,0.11346366627888814,Space filling (16),33,16
Random Normal,Random Normal,0.20009088240291764,Space filling (16),33,16
X1,X1,0.1597804582836522,Space filling (16),34,16
X2,X2,0.49335942370054353,Space filling (16),34,16
X3 (non-informative),X3,0.1519881132676695,Space filling (16),34,16
Random Normal,Random Normal,0.19487200474813476,Space filling (16),34,16
X1,X1,0.14679409933435428,Space filling (16),35,16
X2,X2,0.52618984250261,Space filling (16),35,16
X3 (non-informative),X3,0.10763279618297486,Space filling (16),35,16
Random Normal,Random Normal,0.21938326198006083,Space filling (16),35,16
X1,X1,0.15271883251504953,Space filling (16),36,16
X2,X2,0.5922582495827496,Space filling (16),36,16
X3 (non-informative),X3,0.1278973106541053,Space filling (16),36,16
Random Normal,Random Normal,0.12712560724809555,Space filling (16),36,16
X1,X1,0.18622511135699799,Space filling (16),37,16
X2,X2,0.522799566872911,Space filling (16),37,16
X3 (non-informative),X3,0.0768178266629318,Space filling (16),37,16
Random Normal,Random Normal,0.2141574951071593,Space filling (16),37,16
X1,X1,0.1482358569700288,Space filling (16),38,16
X2,X2,0.41762264061138105,Space filling (16),38,16
X3 (non-informative),X3,0.16960362017918162,Space filling (16),38,16
Random Normal,Random Normal,0.26453788223940855,Space filling (16),38,16
X1,X1,0.14901534497009206,Space filling (16),39,16
X2,X2,0.5690003351858729,Space filling (16),39,16
X3 (non-informative),X3,0.15719865257310092,Space filling (16),39,16
Random Normal,Random Normal,0.12478566727093417,Space filling (16),39,16
X1,X1,0.18094819081218114,Space filling (16),40,16
X2,X2,0.5142515953445935,Space filling (16),40,16
X3 (non-informative),X3,0.14294220953798698,Space filling (16),40,16
Random Normal,Random Normal,0.16185800430523833,Space filling (16),40,16
X1,X1,0.18307263273079166,Space filling (16),41,16
X2,X2,0.5565614197653506,Space filling (16),41,16
X3 (non-informative),X3,0.1328769207741525,Space filling (16),41,16
Random Normal,Random Normal,0.1274890267297053,Space filling (16),41,16
X1,X1,0.24615503720570753,Space filling (16),42,16
X2,X2,0.5480025335662676,Space filling (16),42,16
X3 (non-informative),X3,0.03547033501360947,Space filling (16),42,16
Random Normal,Random Normal,0.1703720942144154,Space filling (16),42,16
X1,X1,0.19502749473089392,Space filling (16),43,16
X2,X2,0.56121013804276,Space filling (16),43,16
X3 (non-informative),X3,0.158599449750399,Space filling (16),43,16
Random Normal,Random Normal,0.08516291747594715,Space filling (16),43,16
X1,X1,0.09463022499475382,Space filling (16),44,16
X2,X2,0.5077142420606766,Space filling (16),44,16
X3 (non-informative),X3,0.07733169546787444,Space filling (16),44,16
Random Normal,Random Normal,0.32032383747669513,Space filling (16),44,16
X1,X1,0.17881264417497356,Space filling (16),45,16
X2,X2,0.5602431630967057,Space filling (16),45,16
X3 (non-informative),X3,0.1084363995275014,Space filling (16),45,16
Random Normal,Random Normal,0.15250779320081934,Space filling (16),45,16
X1,X1,0.19754165765704781,Space filling (16),46,16
X2,X2,0.5410585741929866,Space filling (16),46,16
X3 (non-informative),X3,0.170850283748275,Space filling (16),46,16
Random Normal,Random Normal,0.09054948440169053,Space filling (16),46,16
X1,X1,0.16642181995894098,Space filling (16),47,16
X2,X2,0.5247455681525196,Space filling (16),47,16
X3 (non-informative),X3,0.18523680594215766,Space filling (16),47,16
Random Normal,Random Normal,0.12359580594638173,Space filling (16),47,16
X1,X1,0.18733817759723906,Space filling (16),48,16
X2,X2,0.5284939355135307,Space filling (16),48,16
X3 (non-informative),X3,0.16571792715212674,Space filling (16),48,16
Random Normal,Random Normal,0.11844995973710351,Space filling (16),48,16
X1,X1,0.13686867233366018,Space filling (16),49,16
X2,X2,0.4340506232217823,Space filling (16),49,16
X3 (non-informative),X3,0.14953527192686603,Space filling (16),49,16
Random Normal,Random Normal,0.27954543251769154,Space filling (16),49,16
X1,X1,0.1787001671594013,Space filling (16),50,16
X2,X2,0.5580440022341752,Space filling (16),50,16
X3 (non-informative),X3,0.1916239230240792,Space filling (16),50,16
Random Normal,Random Normal,0.07163190758234433,Space filling (16),50,16
X1,X1,0.1751786460671871,Space filling (16),51,16
X2,X2,0.5367383041195829,Space filling (16),51,16
X3 (non-informative),X3,0.2066656987420912,Space filling (16),51,16
Random Normal,Random Normal,0.08141735107113876,Space filling (16),51,16
X1,X1,0.1639385350170898,Space filling (16),52,16
X2,X2,0.5365132519608885,Space filling (16),52,16
X3 (non-informative),X3,0.18390667865910043,Space filling (16),52,16
Random Normal,Random Normal,0.11564153436292134,Space filling (16),52,16
X1,X1,0.17483966888253769,Space filling (16),53,16
X2,X2,0.48648690499239367,Space filling (16),53,16
X3 (non-informative),X3,0.11055014860838834,Space filling (16),53,16
Random Normal,Random Normal,0.2281232775166803,Space filling (16),53,16
X1,X1,0.1537894944617845,Space filling (16),54,16
X2,X2,0.5334660922679005,Space filling (16),54,16
X3 (non-informative),X3,0.11460084682128646,Space filling (16),54,16
Random Normal,Random Normal,0.19814356644902853,Space filling (16),54,16
X1,X1,0.1667133002678952,Space filling (16),55,16
X2,X2,0.5346880257404569,Space filling (16),55,16
X3 (non-informative),X3,0.12875509371536015,Space filling (16),55,16
Random Normal,Random Normal,0.16984358027628776,Space filling (16),55,16
X1,X1,0.2135435404729274,Space filling (16),56,16
X2,X2,0.5084118474276293,Space filling (16),56,16
X3 (non-informative),X3,0.15434445299875296,Space filling (16),56,16
Random Normal,Random Normal,0.12370015910069024,Space filling (16),56,16
X1,X1,0.1718034739725705,Space filling (16),57,16
X2,X2,0.6133228948518759,Space filling (16),57,16
X3 (non-informative),X3,0.13913333252149906,Space filling (16),57,16
Random Normal,Random Normal,0.07574029865405461,Space filling (16),57,16
X1,X1,0.10114423091383729,Space filling (16),58,16
X2,X2,0.4012488257088406,Space filling (16),58,16
X3 (non-informative),X3,0.07752694589357616,Space filling (16),58,16
Random Normal,Random Normal,0.42007999748374597,Space filling (16),58,16
X1,X1,0.1383565260606818,Space filling (16),59,16
X2,X2,0.5793997292267563,Space filling (16),59,16
X3 (non-informative),X3,0.1699741949966613,Space filling (16),59,16
Random Normal,Random Normal,0.11226954971590057,Space filling (16),59,16
X1,X1,0.16388933170453354,Space filling (16),60,16
X2,X2,0.5463052276168576,Space filling (16),60,16
X3 (non-informative),X3,0.13868511427472463,Space filling (16),60,16
Random Normal,Random Normal,0.15112032640388415,Space filling (16),60,16
X1,X1,0.1618336280101914,Space filling (16),61,16
X2,X2,0.5496713082922813,Space filling (16),61,16
X3 (non-informative),X3,0.16639353937269424,Space filling (16),61,16
Random Normal,Random Normal,0.12210152432483301,Space filling (16),61,16
X1,X1,0.1597825251115527,Space filling (16),62,16
X2,X2,0.5402848123427315,Space filling (16),62,16
X3 (non-informative),X3,0.0944257856280838,Space filling (16),62,16
Random Normal,Random Normal,0.205506876917632,Space filling (16),62,16
X1,X1,0.1529512201735522,Space filling (16),63,16
X2,X2,0.6044401220231566,Space filling (16),63,16
X3 (non-informative),X3,0.15828648265331335,Space filling (16),63,16
Random Normal,Random Normal,0.0843221751499779,Space filling (16),63,16
X1,X1,0.12112789527493771,Space filling (16),64,16
X2,X2,0.56673011644606,Space filling (16),64,16
X3 (non-informative),X3,0.14048227815181538,Space filling (16),64,16
Random Normal,Random Normal,0.17165971012718698,Space filling (16),64,16
X1,X1,0.1710115195225559,Space filling (16),65,16
X2,X2,0.6089657073350567,Space filling (16),65,16
X3 (non-informative),X3,0.16224387289766495,Space filling (16),65,16
Random Normal,Random Normal,0.05777890024472244,Space filling (16),65,16
X1,X1,0.14778465959326573,Space filling (16),66,16
X2,X2,0.5375890103741443,Space filling (16),66,16
X3 (non-informative),X3,0.13007197605230136,Space filling (16),66,16
Random Normal,Random Normal,0.18455435398028858,Space filling (16),66,16
X1,X1,0.11591293712058541,Space filling (16),67,16
X2,X2,0.4299831604401258,Space filling (16),67,16
X3 (non-informative),X3,0.1062327849290923,Space filling (16),67,16
Random Normal,Random Normal,0.3478711175101965,Space filling (16),67,16
X1,X1,0.13066406388106283,Space filling (16),68,16
X2,X2,0.4708966175756398,Space filling (16),68,16
X3 (non-informative),X3,0.10546136661539271,Space filling (16),68,16
Random Normal,Random Normal,0.29297795192790466,Space filling (16),68,16
X1,X1,0.221314113884125,Space filling (16),69,16
X2,X2,0.5413669400627827,Space filling (16),69,16
X3 (non-informative),X3,0.13161841243701333,Space filling (16),69,16
Random Normal,Random Normal,0.1057005336160789,Space filling (16),69,16
X1,X1,0.16360301508659456,Space filling (16),70,16
X2,X2,0.5265038144053111,Space filling (16),70,16
X3 (non-informative),X3,0.13808616531521992,Space filling (16),70,16
Random Normal,Random Normal,0.17180700519287445,Space filling (16),70,16
X1,X1,0.15792468607110882,Space filling (16),71,16
X2,X2,0.6021384536336534,Space filling (16),71,16
X3 (non-informative),X3,0.159589726267479,Space filling (16),71,16
Random Normal,Random Normal,0.08034713402775878,Space filling (16),71,16
X1,X1,0.0972049352666184,Space filling (16),72,16
X2,X2,0.4833003102262536,Space filling (16),72,16
X3 (non-informative),X3,0.09877731563956814,Space filling (16),72,16
Random Normal,Random Normal,0.3207174388675599,Space filling (16),72,16
X1,X1,0.1526404888270891,Space filling (16),73,16
X2,X2,0.5340035622040368,Space filling (16),73,16
X3 (non-informative),X3,0.15696198467715403,Space filling (16),73,16
Random Normal,Random Normal,0.15639396429172012,Space filling (16),73,16
X1,X1,0.12816145737776732,Space filling (16),74,16
X2,X2,0.6235509204993799,Space filling (16),74,16
X3 (non-informative),X3,0.10369083395754111,Space filling (16),74,16
Random Normal,Random Normal,0.14459678816531174,Space filling (16),74,16
X1,X1,0.17143445708495905,Space filling (16),75,16
X2,X2,0.5175718259061832,Space filling (16),75,16
X3 (non-informative),X3,0.1493165674995676,Space filling (16),75,16
Random Normal,Random Normal,0.16167714950929013,Space filling (16),75,16
X1,X1,0.14309269599144284,Space filling (16),76,16
X2,X2,0.46817838372010295,Space filling (16),76,16
X3 (non-informative),X3,0.09378561461889365,Space filling (16),76,16
Random Normal,Random Normal,0.29494330566956056,Space filling (16),76,16
X1,X1,0.18849434001371157,Space filling (16),77,16
X2,X2,0.585675018031613,Space filling (16),77,16
X3 (non-informative),X3,0.14811688732585215,Space filling (16),77,16
Random Normal,Random Normal,0.07771375462882328,Space filling (16),77,16
X1,X1,0.18357284679638422,Space filling (16),78,16
X2,X2,0.5949109293317103,Space filling (16),78,16
X3 (non-informative),X3,0.13095774549280942,Space filling (16),78,16
Random Normal,Random Normal,0.09055847837909607,Space filling (16),78,16
X1,X1,0.17295109389922284,Space filling (16),79,16
X2,X2,0.5237216972876789,Space filling (16),79,16
X3 (non-informative),X3,0.1885154966377908,Space filling (16),79,16
Random Normal,Random Normal,0.11481171217530749,Space filling (16),79,16
X1,X1,0.1447751624500748,Space filling (16),80,16
X2,X2,0.5853948660444419,Space filling (16),80,16
X3 (non-informative),X3,0.09173149242331875,Space filling (16),80,16
Random Normal,Random Normal,0.1780984790821645,Space filling (16),80,16
X1,X1,0.16957749910663156,Space filling (16),81,16
X2,X2,0.548245903409606,Space filling (16),81,16
X3 (non-informative),X3,0.12830809058068302,Space filling (16),81,16
Random Normal,Random Normal,0.15386850690307946,Space filling (16),81,16
X1,X1,0.16301308798282707,Space filling (16),82,16
X2,X2,0.5876006231868431,Space filling (16),82,16
X3 (non-informative),X3,0.12164656104695616,Space filling (16),82,16
Random Normal,Random Normal,0.12773972778337367,Space filling (16),82,16
X1,X1,0.19864788378613382,Space filling (16),83,16
X2,X2,0.5287542074433679,Space filling (16),83,16
X3 (non-informative),X3,0.15714489806008466,Space filling (16),83,16
Random Normal,Random Normal,0.11545301071041367,Space filling (16),83,16
X1,X1,0.11896213484789618,Space filling (16),84,16
X2,X2,0.5369634893259425,Space filling (16),84,16
X3 (non-informative),X3,0.15898707551821076,Space filling (16),84,16
Random Normal,Random Normal,0.1850873003079506,Space filling (16),84,16
X1,X1,0.16774485408582063,Space filling (16),85,16
X2,X2,0.6105774529738816,Space filling (16),85,16
X3 (non-informative),X3,0.15487798372559394,Space filling (16),85,16
Random Normal,Random Normal,0.06679970921470389,Space filling (16),85,16
X1,X1,0.1307162981694724,Space filling (16),86,16
X2,X2,0.5377338545255841,Space filling (16),86,16
X3 (non-informative),X3,0.1450303446103362,Space filling (16),86,16
Random Normal,Random Normal,0.18651950269460732,Space filling (16),86,16
X1,X1,0.07611436070988403,Space filling (16),87,16
X2,X2,0.31475637022679726,Space filling (16),87,16
X3 (non-informative),X3,0.048565699805656434,Space filling (16),87,16
Random Normal,Random Normal,0.5605635692576623,Space filling (16),87,16
X1,X1,0.1077433693628012,Space filling (16),88,16
X2,X2,0.5171609926060972,Space filling (16),88,16
X3 (non-informative),X3,0.1203332725743957,Space filling (16),88,16
Random Normal,Random Normal,0.25476236545670594,Space filling (16),88,16
X1,X1,0.12633382643792837,Space filling (16),89,16
X2,X2,0.5042060668860366,Space filling (16),89,16
X3 (non-informative),X3,0.1439396476775051,Space filling (16),89,16
Random Normal,Random Normal,0.22552045899852988,Space filling (16),89,16
X1,X1,0.13190238777499513,Space filling (16),90,16
X2,X2,0.5989089794602066,Space filling (16),90,16
X3 (non-informative),X3,0.14387712931464236,Space filling (16),90,16
Random Normal,Random Normal,0.1253115034501559,Space filling (16),90,16
X1,X1,0.11320397080379917,Space filling (16),91,16
X2,X2,0.6542845192620925,Space filling (16),91,16
X3 (non-informative),X3,0.11261667466517994,Space filling (16),91,16
Random Normal,Random Normal,0.11989483526892837,Space filling (16),91,16
X1,X1,0.11305803255548028,Space filling (16),92,16
X2,X2,0.5053471653012744,Space filling (16),92,16
X3 (non-informative),X3,0.13648822290688878,Space filling (16),92,16
Random Normal,Random Normal,0.2451065792363565,Space filling (16),92,16
X1,X1,0.17949027874280613,Space filling (16),93,16
X2,X2,0.6122418366688277,Space filling (16),93,16
X3 (non-informative),X3,0.09707335338009446,Space filling (16),93,16
Random Normal,Random Normal,0.11119453120827168,Space filling (16),93,16
X1,X1,0.13313287770460508,Space filling (16),94,16
X2,X2,0.49830918857716333,Space filling (16),94,16
X3 (non-informative),X3,0.12470404253402155,Space filling (16),94,16
Random Normal,Random Normal,0.24385389118421,Space filling (16),94,16
X1,X1,0.13538205446244064,Space filling (16),95,16
X2,X2,0.6045372306034675,Space filling (16),95,16
X3 (non-informative),X3,0.09594792517017775,Space filling (16),95,16
Random Normal,Random Normal,0.16413278976391407,Space filling (16),95,16
X1,X1,0.16513962792221407,Space filling (16),96,16
X2,X2,0.566715914587783,Space filling (16),96,16
X3 (non-informative),X3,0.14785826515741315,Space filling (16),96,16
Random Normal,Random Normal,0.12028619233258978,Space filling (16),96,16
X1,X1,0.14945048266795208,Space filling (16),97,16
X2,X2,0.6367676864927581,Space filling (16),97,16
X3 (non-informative),X3,0.14655477923355714,Space filling (16),97,16
Random Normal,Random Normal,0.06722705160573274,Space filling (16),97,16
X1,X1,0.14842698192510728,Space filling (16),98,16
X2,X2,0.4990301740107329,Space filling (16),98,16
X3 (non-informative),X3,0.17384848420064228,Space filling (16),98,16
Random Normal,Random Normal,0.1786943598635175,Space filling (16),98,16
X1,X1,0.18769538292964155,Space filling (16),99,16
X2,X2,0.5185611416525066,Space filling (16),99,16
X3 (non-informative),X3,0.18834208813603853,Space filling (16),99,16
Random Normal,Random Normal,0.10540138728181335,Space filling (16),99,16
X1,X1,0.15935078296835056,Space filling (16),100,16
X2,X2,0.5550665202773443,Space filling (16),100,16
X3 (non-informative),X3,0.07253927014354561,Space filling (16),100,16
Random Normal,Random Normal,0.21304342661075956,Space filling (16),100,16
X1,X1,0.14778170167991492,Space filling (16),101,16
X2,X2,0.6117700910927641,Space filling (16),101,16
X3 (non-informative),X3,0.15048760599572122,Space filling (16),101,16
Random Normal,Random Normal,0.08996060123159966,Space filling (16),101,16
X1,X1,0.17976013010475342,Space filling (16),102,16
X2,X2,0.5942995919083701,Space filling (16),102,16
X3 (non-informative),X3,0.15865026188900286,Space filling (16),102,16
Random Normal,Random Normal,0.06729001609787362,Space filling (16),102,16
X1,X1,0.15229884615191358,Space filling (16),103,16
X2,X2,0.5589269853209157,Space filling (16),103,16
X3 (non-informative),X3,0.11720774479919058,Space filling (16),103,16
Random Normal,Random Normal,0.1715664237279802,Space filling (16),103,16
X1,X1,0.16479438595719162,Space filling (16),104,16
X2,X2,0.5654861721422045,Space filling (16),104,16
X3 (non-informative),X3,0.16335186727210704,Space filling (16),104,16
Random Normal,Random Normal,0.10636757462849683,Space filling (16),104,16
X1,X1,0.18665108038771458,Space filling (16),105,16
X2,X2,0.4814980087913515,Space filling (16),105,16
X3 (non-informative),X3,0.1298870615383002,Space filling (16),105,16
Random Normal,Random Normal,0.2019638492826337,Space filling (16),105,16
X1,X1,0.07527565329843894,Space filling (16),106,16
X2,X2,0.44055279479663073,Space filling (16),106,16
X3 (non-informative),X3,0.07382010767190594,Space filling (16),106,16
Random Normal,Random Normal,0.4103514442330244,Space filling (16),106,16
X1,X1,0.1846490465338476,Space filling (16),107,16
X2,X2,0.5450087380122461,Space filling (16),107,16
X3 (non-informative),X3,0.09206311255778106,Space filling (16),107,16
Random Normal,Random Normal,0.17827910289612517,Space filling (16),107,16
X1,X1,0.13993168536586323,Space filling (16),108,16
X2,X2,0.6121495239849893,Space filling (16),108,16
X3 (non-informative),X3,0.1492972889815294,Space filling (16),108,16
Random Normal,Random Normal,0.09862150166761799,Space filling (16),108,16
X1,X1,0.16812217775311314,Space filling (16),109,16
X2,X2,0.5718930507270992,Space filling (16),109,16
X3 (non-informative),X3,0.16174759933237512,Space filling (16),109,16
Random Normal,Random Normal,0.0982371721874125,Space filling (16),109,16
X1,X1,0.14603273190096516,Space filling (16),110,16
X2,X2,0.5952848291163282,Space filling (16),110,16
X3 (non-informative),X3,0.16360971858214693,Space filling (16),110,16
Random Normal,Random Normal,0.09507272040055978,Space filling (16),110,16
X1,X1,0.15044962017121685,Space filling (16),111,16
X2,X2,0.4661372642340524,Space filling (16),111,16
X3 (non-informative),X3,0.16615995668342654,Space filling (16),111,16
Random Normal,Random Normal,0.21725315891130423,Space filling (16),111,16
X1,X1,0.15457344413483876,Space filling (16),112,16
X2,X2,0.5280094835255753,Space filling (16),112,16
X3 (non-informative),X3,0.1470898195600033,Space filling (16),112,16
Random Normal,Random Normal,0.17032725277958258,Space filling (16),112,16
X1,X1,0.1559572083984161,Space filling (16),113,16
X2,X2,0.6161289550393165,Space filling (16),113,16
X3 (non-informative),X3,0.1431540068542599,Space filling (16),113,16
Random Normal,Random Normal,0.08475982970800752,Space filling (16),113,16
X1,X1,0.13517897049559785,Space filling (16),114,16
X2,X2,0.6100723643609766,Space filling (16),114,16
X3 (non-informative),X3,0.142498349236838,Space filling (16),114,16
Random Normal,Random Normal,0.11225031590658756,Space filling (16),114,16
X1,X1,0.16490216915241515,Space filling (16),115,16
X2,X2,0.5251914028335465,Space filling (16),115,16
X3 (non-informative),X3,0.15870321164940543,Space filling (16),115,16
Random Normal,Random Normal,0.1512032163646329,Space filling (16),115,16
X1,X1,0.18437843105327295,Space filling (16),116,16
X2,X2,0.5590560110920884,Space filling (16),116,16
X3 (non-informative),X3,0.14328531948898737,Space filling (16),116,16
Random Normal,Random Normal,0.11328023836565133,Space filling (16),116,16
X1,X1,0.114954659228636,Space filling (16),117,16
X2,X2,0.6367243157637488,Space filling (16),117,16
X3 (non-informative),X3,0.10240568056197968,Space filling (16),117,16
Random Normal,Random Normal,0.14591534444563553,Space filling (16),117,16
X1,X1,0.13353886222480932,Space filling (16),118,16
X2,X2,0.39398786631781113,Space filling (16),118,16
X3 (non-informative),X3,0.10790647552062273,Space filling (16),118,16
Random Normal,Random Normal,0.3645667959367568,Space filling (16),118,16
X1,X1,0.15732187855122054,Space filling (16),119,16
X2,X2,0.5273999230078179,Space filling (16),119,16
X3 (non-informative),X3,0.1266844973431529,Space filling (16),119,16
Random Normal,Random Normal,0.18859370109780868,Space filling (16),119,16
X1,X1,0.16966663840107318,Space filling (16),120,16
X2,X2,0.5666383507680565,Space filling (16),120,16
X3 (non-informative),X3,0.10969747851126123,Space filling (16),120,16
Random Normal,Random Normal,0.15399753231960908,Space filling (16),120,16
X1,X1,0.18260443192279666,Space filling (16),121,16
X2,X2,0.5335180020440078,Space filling (16),121,16
X3 (non-informative),X3,0.14727707915816882,Space filling (16),121,16
Random Normal,Random Normal,0.13660048687502668,Space filling (16),121,16
X1,X1,0.08913111897958167,Space filling (16),122,16
X2,X2,0.5014102226530721,Space filling (16),122,16
X3 (non-informative),X3,0.1390810809277043,Space filling (16),122,16
Random Normal,Random Normal,0.2703775774396419,Space filling (16),122,16
X1,X1,0.11847637683136487,Space filling (16),123,16
X2,X2,0.605809252416402,Space filling (16),123,16
X3 (non-informative),X3,0.1626589625688578,Space filling (16),123,16
Random Normal,Random Normal,0.11305540818337523,Space filling (16),123,16
X1,X1,0.14624022250050142,Space filling (16),124,16
X2,X2,0.5903500882497513,Space filling (16),124,16
X3 (non-informative),X3,0.163354371517977,Space filling (16),124,16
Random Normal,Random Normal,0.10005531773177025,Space filling (16),124,16
X1,X1,0.14598419472839905,Space filling (16),125,16
X2,X2,0.6521511199669141,Space filling (16),125,16
X3 (non-informative),X3,0.13317438859166866,Space filling (16),125,16
Random Normal,Random Normal,0.06869029671301816,Space filling (16),125,16
X1,X1,0.09250850739725384,Space filling (16),126,16
X2,X2,0.4391575598298615,Space filling (16),126,16
X3 (non-informative),X3,0.07578256881667307,Space filling (16),126,16
Random Normal,Random Normal,0.3925513639562116,Space filling (16),126,16
X1,X1,0.18347218501110554,Space filling (16),127,16
X2,X2,0.504417555563298,Space filling (16),127,16
X3 (non-informative),X3,0.12581225761673356,Space filling (16),127,16
Random Normal,Random Normal,0.1862980018088629,Space filling (16),127,16
X1,X1,0.1516715978513652,Space filling (16),128,16
X2,X2,0.580110573555375,Space filling (16),128,16
X3 (non-informative),X3,0.18010288289638796,Space filling (16),128,16
Random Normal,Random Normal,0.0881149456968719,Space filling (16),128,16
X1,X1,0.11234049979996344,Space filling (16),129,16
X2,X2,0.3982649753431958,Space filling (16),129,16
X3 (non-informative),X3,0.12681346845552977,Space filling (16),129,16
Random Normal,Random Normal,0.362581056401311,Space filling (16),129,16
X1,X1,0.20427107042964826,Space filling (16),130,16
X2,X2,0.4896419913414041,Space filling (16),130,16
X3 (non-informative),X3,0.11962246126014493,Space filling (16),130,16
Random Normal,Random Normal,0.18646447696880264,Space filling (16),130,16
X1,X1,0.20676385143605244,Space filling (16),131,16
X2,X2,0.5551216496368824,Space filling (16),131,16
X3 (non-informative),X3,0.12577383248159593,Space filling (16),131,16
Random Normal,Random Normal,0.11234066644546926,Space filling (16),131,16
X1,X1,0.19725119375122319,Space filling (16),132,16
X2,X2,0.538837840923414,Space filling (16),132,16
X3 (non-informative),X3,0.17902340964729063,Space filling (16),132,16
Random Normal,Random Normal,0.08488755567807212,Space filling (16),132,16
X1,X1,0.15071760007364426,Space filling (16),133,16
X2,X2,0.5999158520489212,Space filling (16),133,16
X3 (non-informative),X3,0.13718974196571618,Space filling (16),133,16
Random Normal,Random Normal,0.11217680591171839,Space filling (16),133,16
X1,X1,0.2085973178718284,Space filling (16),134,16
X2,X2,0.4655364431537263,Space filling (16),134,16
X3 (non-informative),X3,0.13212290872180693,Space filling (16),134,16
Random Normal,Random Normal,0.1937433302526384,Space filling (16),134,16
X1,X1,0.1474367862898412,Space filling (16),135,16
X2,X2,0.488418700684934,Space filling (16),135,16
X3 (non-informative),X3,0.16226676430165224,Space filling (16),135,16
Random Normal,Random Normal,0.20187774872357256,Space filling (16),135,16
X1,X1,0.16039989523746226,Space filling (16),136,16
X2,X2,0.4863571664240936,Space filling (16),136,16
X3 (non-informative),X3,0.11880695010707568,Space filling (16),136,16
Random Normal,Random Normal,0.23443598823136846,Space filling (16),136,16
X1,X1,0.1835787906684767,Space filling (16),137,16
X2,X2,0.5328357240003286,Space filling (16),137,16
X3 (non-informative),X3,0.17129706519490137,Space filling (16),137,16
Random Normal,Random Normal,0.11228842013629328,Space filling (16),137,16
X1,X1,0.1544232931265987,Space filling (16),138,16
X2,X2,0.585650271311348,Space filling (16),138,16
X3 (non-informative),X3,0.13713169439309902,Space filling (16),138,16
Random Normal,Random Normal,0.12279474116895432,Space filling (16),138,16
X1,X1,0.21078693700138698,Space filling (16),139,16
X2,X2,0.5734670473840437,Space filling (16),139,16
X3 (non-informative),X3,0.16166200702958722,Space filling (16),139,16
Random Normal,Random Normal,0.054084008584982,Space filling (16),139,16
X1,X1,0.214100052176861,Space filling (16),140,16
X2,X2,0.5316338823929562,Space filling (16),140,16
X3 (non-informative),X3,0.12496683510467822,Space filling (16),140,16
Random Normal,Random Normal,0.12929923032550464,Space filling (16),140,16
X1,X1,0.16683005888501662,Space filling (16),141,16
X2,X2,0.5482518109435581,Space filling (16),141,16
X3 (non-informative),X3,0.16622213889269483,Space filling (16),141,16
Random Normal,Random Normal,0.11869599127873036,Space filling (16),141,16
X1,X1,0.1883502055800504,Space filling (16),142,16
X2,X2,0.5142954664377891,Space filling (16),142,16
X3 (non-informative),X3,0.15217620509746327,Space filling (16),142,16
Random Normal,Random Normal,0.14517812288469725,Space filling (16),142,16
X1,X1,0.1284297074319822,Space filling (16),143,16
X2,X2,0.5963504331303833,Space filling (16),143,16
X3 (non-informative),X3,0.12818489821979265,Space filling (16),143,16
Random Normal,Random Normal,0.14703496121784182,Space filling (16),143,16
X1,X1,0.11228316312339749,Space filling (16),144,16
X2,X2,0.5582439417371473,Space filling (16),144,16
X3 (non-informative),X3,0.06364991112571305,Space filling (16),144,16
Random Normal,Random Normal,0.2658229840137421,Space filling (16),144,16
X1,X1,0.15582354496442136,Space filling (16),145,16
X2,X2,0.5755496731016265,Space filling (16),145,16
X3 (non-informative),X3,0.11863102883044617,Space filling (16),145,16
Random Normal,Random Normal,0.14999575310350596,Space filling (16),145,16
X1,X1,0.12687929326214292,Space filling (16),146,16
X2,X2,0.3582154938668296,Space filling (16),146,16
X3 (non-informative),X3,0.11805112991247546,Space filling (16),146,16
Random Normal,Random Normal,0.396854082958552,Space filling (16),146,16
X1,X1,0.10684578408236131,Space filling (16),147,16
X2,X2,0.4961815247904755,Space filling (16),147,16
X3 (non-informative),X3,0.11392267451657276,Space filling (16),147,16
Random Normal,Random Normal,0.2830500166105904,Space filling (16),147,16
X1,X1,0.18911168057116629,Space filling (16),148,16
X2,X2,0.5129852289123832,Space filling (16),148,16
X3 (non-informative),X3,0.1363604343879649,Space filling (16),148,16
Random Normal,Random Normal,0.16154265612848565,Space filling (16),148,16
X1,X1,0.12117311457257438,Space filling (16),149,16
X2,X2,0.6225662191214965,Space filling (16),149,16
X3 (non-informative),X3,0.1038057441786597,Space filling (16),149,16
Random Normal,Random Normal,0.15245492212726952,Space filling (16),149,16
X1,X1,0.1315564967588083,Space filling (16),150,16
X2,X2,0.5049360858790909,Space filling (16),150,16
X3 (non-informative),X3,0.07208958797636471,Space filling (16),150,16
Random Normal,Random Normal,0.2914178293857361,Space filling (16),150,16
X1,X1,0.10993078517082962,Space filling (16),151,16
X2,X2,0.3161671862020133,Space filling (16),151,16
X3 (non-informative),X3,0.05883237426273322,Space filling (16),151,16
Random Normal,Random Normal,0.5150696543644239,Space filling (16),151,16
X1,X1,0.12534198068846786,Space filling (16),152,16
X2,X2,0.4729338713472894,Space filling (16),152,16
X3 (non-informative),X3,0.08601183191961131,Space filling (16),152,16
Random Normal,Random Normal,0.31571231604463146,Space filling (16),152,16
X1,X1,0.22846258305374312,Space filling (16),153,16
X2,X2,0.5249718383155791,Space filling (16),153,16
X3 (non-informative),X3,0.20593393166880658,Space filling (16),153,16
Random Normal,Random Normal,0.04063164696187111,Space filling (16),153,16
X1,X1,0.20630982934898287,Space filling (16),154,16
X2,X2,0.5921201038951892,Space filling (16),154,16
X3 (non-informative),X3,0.12833298819628058,Space filling (16),154,16
Random Normal,Random Normal,0.07323707855954735,Space filling (16),154,16
X1,X1,0.15997532873438158,Space filling (16),155,16
X2,X2,0.4772463840083297,Space filling (16),155,16
X3 (non-informative),X3,0.12996756403387846,Space filling (16),155,16
Random Normal,Random Normal,0.23281072322341023,Space filling (16),155,16
X1,X1,0.1547841528993348,Space filling (16),156,16
X2,X2,0.5934751569375079,Space filling (16),156,16
X3 (non-informative),X3,0.12781155683535556,Space filling (16),156,16
Random Normal,Random Normal,0.12392913332780181,Space filling (16),156,16
X1,X1,0.2134131789296337,Space filling (16),157,16
X2,X2,0.5845784617744927,Space filling (16),157,16
X3 (non-informative),X3,0.13355390795605038,Space filling (16),157,16
Random Normal,Random Normal,0.06845445133982325,Space filling (16),157,16
X1,X1,0.15020089276015144,Space filling (16),158,16
X2,X2,0.5813861085131202,Space filling (16),158,16
X3 (non-informative),X3,0.16674665143693077,Space filling (16),158,16
Random Normal,Random Normal,0.10166634728979758,Space filling (16),158,16
X1,X1,0.17694135945179945,Space filling (16),159,16
X2,X2,0.5545426834961767,Space filling (16),159,16
X3 (non-informative),X3,0.18006802628155671,Space filling (16),159,16
Random Normal,Random Normal,0.08844793077046713,Space filling (16),159,16
X1,X1,0.12745765574256862,Space filling (16),160,16
X2,X2,0.5038137233672678,Space filling (16),160,16
X3 (non-informative),X3,0.10015303703791766,Space filling (16),160,16
Random Normal,Random Normal,0.26857558385224595,Space filling (16),160,16
X1,X1,0.2119789936511797,Space filling (16),161,16
X2,X2,0.5462151943526753,Space filling (16),161,16
X3 (non-informative),X3,0.15053929887333758,Space filling (16),161,16
Random Normal,Random Normal,0.09126651312280744,Space filling (16),161,16
X1,X1,0.11862638877604006,Space filling (16),162,16
X2,X2,0.4240163312891052,Space filling (16),162,16
X3 (non-informative),X3,0.11021136347388448,Space filling (16),162,16
Random Normal,Random Normal,0.3471459164609702,Space filling (16),162,16
X1,X1,0.12340160597418359,Space filling (16),163,16
X2,X2,0.4743918570014218,Space filling (16),163,16
X3 (non-informative),X3,0.14146822279213855,Space filling (16),163,16
Random Normal,Random Normal,0.2607383142322561,Space filling (16),163,16
X1,X1,0.17154391173414463,Space filling (16),164,16
X2,X2,0.5657199957179591,Space filling (16),164,16
X3 (non-informative),X3,0.14261525986991486,Space filling (16),164,16
Random Normal,Random Normal,0.12012083267798146,Space filling (16),164,16
X1,X1,0.1742675252011855,Space filling (16),165,16
X2,X2,0.5597721158925515,Space filling (16),165,16
X3 (non-informative),X3,0.12761947299245766,Space filling (16),165,16
Random Normal,Random Normal,0.1383408859138054,Space filling (16),165,16
X1,X1,0.1121220195305423,Space filling (16),166,16
X2,X2,0.4344583150072978,Space filling (16),166,16
X3 (non-informative),X3,0.08410480781171478,Space filling (16),166,16
Random Normal,Random Normal,0.36931485765044514,Space filling (16),166,16
X1,X1,0.18670497480961867,Space filling (16),167,16
X2,X2,0.5653248034489455,Space filling (16),167,16
X3 (non-informative),X3,0.14757356179076617,Space filling (16),167,16
Random Normal,Random Normal,0.10039665995066968,Space filling (16),167,16
X1,X1,0.14758444267835946,Space filling (16),168,16
X2,X2,0.5402611167784303,Space filling (16),168,16
X3 (non-informative),X3,0.13206060899145977,Space filling (16),168,16
Random Normal,Random Normal,0.18009383155175054,Space filling (16),168,16
X1,X1,0.16522025126986584,Space filling (16),169,16
X2,X2,0.4965448560609243,Space filling (16),169,16
X3 (non-informative),X3,0.13808535086565807,Space filling (16),169,16
Random Normal,Random Normal,0.20014954180355177,Space filling (16),169,16
X1,X1,0.1422699879064049,Space filling (16),170,16
X2,X2,0.4591826030045417,Space filling (16),170,16
X3 (non-informative),X3,0.12668814975021805,Space filling (16),170,16
Random Normal,Random Normal,0.2718592593388353,Space filling (16),170,16
X1,X1,0.12528701324938843,Space filling (16),171,16
X2,X2,0.6295758282845771,Space filling (16),171,16
X3 (non-informative),X3,0.12275149930971214,Space filling (16),171,16
Random Normal,Random Normal,0.1223856591563223,Space filling (16),171,16
X1,X1,0.14853593356896425,Space filling (16),172,16
X2,X2,0.5214280133692517,Space filling (16),172,16
X3 (non-informative),X3,0.08600392037812703,Space filling (16),172,16
Random Normal,Random Normal,0.24403213268365706,Space filling (16),172,16
X1,X1,0.20520360503031435,Space filling (16),173,16
X2,X2,0.512009768422722,Space filling (16),173,16
X3 (non-informative),X3,0.12744370947448305,Space filling (16),173,16
Random Normal,Random Normal,0.15534291707248066,Space filling (16),173,16
X1,X1,0.020821553519636316,Space filling (16),174,16
X2,X2,0.6941992102618124,Space filling (16),174,16
X3 (non-informative),X3,0.07004826716569336,Space filling (16),174,16
Random Normal,Random Normal,0.21493096905285794,Space filling (16),174,16
X1,X1,0.1419024108961117,Space filling (16),175,16
X2,X2,0.39655913991061786,Space filling (16),175,16
X3 (non-informative),X3,0.10056561164400063,Space filling (16),175,16
Random Normal,Random Normal,0.36097283754926984,Space filling (16),175,16
X1,X1,0.14248207708300986,Space filling (16),176,16
X2,X2,0.5721012909870341,Space filling (16),176,16
X3 (non-informative),X3,0.07493313894602374,Space filling (16),176,16
Random Normal,Random Normal,0.21048349298393232,Space filling (16),176,16
X1,X1,0.15347921446430665,Space filling (16),177,16
X2,X2,0.5377622718218976,Space filling (16),177,16
X3 (non-informative),X3,0.13871867319674527,Space filling (16),177,16
Random Normal,Random Normal,0.17003984051705043,Space filling (16),177,16
X1,X1,0.1923690351604089,Space filling (16),178,16
X2,X2,0.5882538180393311,Space filling (16),178,16
X3 (non-informative),X3,0.1467653771694511,Space filling (16),178,16
Random Normal,Random Normal,0.07261176963080897,Space filling (16),178,16
X1,X1,0.12162422602348633,Space filling (16),179,16
X2,X2,0.4378307952216479,Space filling (16),179,16
X3 (non-informative),X3,0.08638832460492837,Space filling (16),179,16
Random Normal,Random Normal,0.3541566541499374,Space filling (16),179,16
X1,X1,0.16043407874962753,Space filling (16),180,16
X2,X2,0.4786027386515757,Space filling (16),180,16
X3 (non-informative),X3,0.14627740980426074,Space filling (16),180,16
Random Normal,Random Normal,0.21468577279453602,Space filling (16),180,16
X1,X1,0.14364329487204927,Space filling (16),181,16
X2,X2,0.6725072684834469,Space filling (16),181,16
X3 (non-informative),X3,0.12276791914845576,Space filling (16),181,16
Random Normal,Random Normal,0.06108151749604807,Space filling (16),181,16
X1,X1,0.21529511822172342,Space filling (16),182,16
X2,X2,0.4630269143517035,Space filling (16),182,16
X3 (non-informative),X3,0.1586475120945223,Space filling (16),182,16
Random Normal,Random Normal,0.16303045533205077,Space filling (16),182,16
X1,X1,0.17026895575317255,Space filling (16),183,16
X2,X2,0.5612540315110509,Space filling (16),183,16
X3 (non-informative),X3,0.12730053673965838,Space filling (16),183,16
Random Normal,Random Normal,0.14117647599611818,Space filling (16),183,16
X1,X1,0.1675062108272178,Space filling (16),184,16
X2,X2,0.5421737475760999,Space filling (16),184,16
X3 (non-informative),X3,0.06721402370295851,Space filling (16),184,16
Random Normal,Random Normal,0.2231060178937237,Space filling (16),184,16
X1,X1,0.21111742576989068,Space filling (16),185,16
X2,X2,0.5137121857384133,Space filling (16),185,16
X3 (non-informative),X3,0.11703931622924285,Space filling (16),185,16
Random Normal,Random Normal,0.15813107226245324,Space filling (16),185,16
X1,X1,0.1978800803819026,Space filling (16),186,16
X2,X2,0.5650945319421075,Space filling (16),186,16
X3 (non-informative),X3,0.14136287940999462,Space filling (16),186,16
Random Normal,Random Normal,0.09566250826599527,Space filling (16),186,16
X1,X1,0.168311566856115,Space filling (16),187,16
X2,X2,0.5825592642216367,Space filling (16),187,16
X3 (non-informative),X3,0.13841455431926816,Space filling (16),187,16
Random Normal,Random Normal,0.11071461460298009,Space filling (16),187,16
X1,X1,0.16465153521449494,Space filling (16),188,16
X2,X2,0.5167734300233054,Space filling (16),188,16
X3 (non-informative),X3,0.18412051543007968,Space filling (16),188,16
Random Normal,Random Normal,0.13445451933211994,Space filling (16),188,16
X1,X1,0.12120236451137788,Space filling (16),189,16
X2,X2,0.49005060637865394,Space filling (16),189,16
X3 (non-informative),X3,0.10077771605421308,Space filling (16),189,16
Random Normal,Random Normal,0.2879693130557551,Space filling (16),189,16
X1,X1,0.14163897310514134,Space filling (16),190,16
X2,X2,0.5995868608052061,Space filling (16),190,16
X3 (non-informative),X3,0.12582768063506614,Space filling (16),190,16
Random Normal,Random Normal,0.13294648545458645,Space filling (16),190,16
X1,X1,0.1639340327197658,Space filling (16),191,16
X2,X2,0.6615358615652894,Space filling (16),191,16
X3 (non-informative),X3,0.0839371374522156,Space filling (16),191,16
Random Normal,Random Normal,0.09059296826272913,Space filling (16),191,16
X1,X1,0.13234689260904695,Space filling (16),192,16
X2,X2,0.5022963380210053,Space filling (16),192,16
X3 (non-informative),X3,0.1926297997903336,Space filling (16),192,16
Random Normal,Random Normal,0.17272696957961425,Space filling (16),192,16
X1,X1,0.15661885367227707,Space filling (16),193,16
X2,X2,0.5635732238367457,Space filling (16),193,16
X3 (non-informative),X3,0.1246448806287272,Space filling (16),193,16
Random Normal,Random Normal,0.15516304186225008,Space filling (16),193,16
X1,X1,0.2081564551142958,Space filling (16),194,16
X2,X2,0.54624113348034,Space filling (16),194,16
X3 (non-informative),X3,0.14362032104725506,Space filling (16),194,16
Random Normal,Random Normal,0.10198209035810916,Space filling (16),194,16
X1,X1,0.13867435850515633,Space filling (16),195,16
X2,X2,0.43695835189193,Space filling (16),195,16
X3 (non-informative),X3,0.07778783689549498,Space filling (16),195,16
Random Normal,Random Normal,0.3465794527074187,Space filling (16),195,16
X1,X1,0.1507466769199359,Space filling (16),196,16
X2,X2,0.5675888338599097,Space filling (16),196,16
X3 (non-informative),X3,0.13982789808386528,Space filling (16),196,16
Random Normal,Random Normal,0.1418365911362892,Space filling (16),196,16
X1,X1,0.18037681980723155,Space filling (16),197,16
X2,X2,0.6119940321406636,Space filling (16),197,16
X3 (non-informative),X3,0.10895645446553648,Space filling (16),197,16
Random Normal,Random Normal,0.09867269358656834,Space filling (16),197,16
X1,X1,0.13002513900154697,Space filling (16),198,16
X2,X2,0.5591751350064346,Space filling (16),198,16
X3 (non-informative),X3,0.1529184773262753,Space filling (16),198,16
Random Normal,Random Normal,0.15788124866574313,Space filling (16),198,16
X1,X1,0.2029415441599292,Space filling (16),199,16
X2,X2,0.5180395635603325,Space filling (16),199,16
X3 (non-informative),X3,0.13613650242914796,Space filling (16),199,16
Random Normal,Random Normal,0.14288238985059026,Space filling (16),199,16
X1,X1,0.17048630039226242,Space filling (16),200,16
X2,X2,0.5665985656447498,Space filling (16),200,16
X3 (non-informative),X3,0.14022919571414294,Space filling (16),200,16
Random Normal,Random Normal,0.12268593824884493,Space filling (16),200,16
X1,X1,0.15427295499483382,Space filling (16),201,16
X2,X2,0.5946583328126961,Space filling (16),201,16
X3 (non-informative),X3,0.13242427474420834,Space filling (16),201,16
Random Normal,Random Normal,0.11864443744826175,Space filling (16),201,16
X1,X1,0.12811076663804433,Space filling (16),202,16
X2,X2,0.5082963236785785,Space filling (16),202,16
X3 (non-informative),X3,0.12456023161437013,Space filling (16),202,16
Random Normal,Random Normal,0.23903267806900702,Space filling (16),202,16
X1,X1,0.14253538170928295,Space filling (16),203,16
X2,X2,0.44456250989466695,Space filling (16),203,16
X3 (non-informative),X3,0.06716280786174884,Space filling (16),203,16
Random Normal,Random Normal,0.34573930053430124,Space filling (16),203,16
X1,X1,0.1338996943730633,Space filling (16),204,16
X2,X2,0.49080100753450084,Space filling (16),204,16
X3 (non-informative),X3,0.1345459610798125,Space filling (16),204,16
Random Normal,Random Normal,0.24075333701262333,Space filling (16),204,16
X1,X1,0.15937961737844086,Space filling (16),205,16
X2,X2,0.5054641712985957,Space filling (16),205,16
X3 (non-informative),X3,0.17102129716942138,Space filling (16),205,16
Random Normal,Random Normal,0.16413491415354212,Space filling (16),205,16
X1,X1,0.1838101983766283,Space filling (16),206,16
X2,X2,0.5796119360970037,Space filling (16),206,16
X3 (non-informative),X3,0.17299323620569074,Space filling (16),206,16
Random Normal,Random Normal,0.06358462932067732,Space filling (16),206,16
X1,X1,0.16426001709407298,Space filling (16),207,16
X2,X2,0.5058453091518404,Space filling (16),207,16
X3 (non-informative),X3,0.13720546677092144,Space filling (16),207,16
Random Normal,Random Normal,0.19268920698316516,Space filling (16),207,16
X1,X1,0.11956183818705061,Space filling (16),208,16
X2,X2,0.4580544032171343,Space filling (16),208,16
X3 (non-informative),X3,0.12977731327304765,Space filling (16),208,16
Random Normal,Random Normal,0.2926064453227674,Space filling (16),208,16
X1,X1,0.1322275662484141,Space filling (16),209,16
X2,X2,0.434685142276488,Space filling (16),209,16
X3 (non-informative),X3,0.16726670857973383,Space filling (16),209,16
Random Normal,Random Normal,0.26582058289536403,Space filling (16),209,16
X1,X1,0.151827871940604,Space filling (16),210,16
X2,X2,0.4989049329603028,Space filling (16),210,16
X3 (non-informative),X3,0.0904654859350253,Space filling (16),210,16
Random Normal,Random Normal,0.2588017091640679,Space filling (16),210,16
X1,X1,0.14410958044510627,Space filling (16),211,16
X2,X2,0.5584731186045845,Space filling (16),211,16
X3 (non-informative),X3,0.16287240026390157,Space filling (16),211,16
Random Normal,Random Normal,0.1345449006864077,Space filling (16),211,16
X1,X1,0.20068953704729303,Space filling (16),212,16
X2,X2,0.5162109944995875,Space filling (16),212,16
X3 (non-informative),X3,0.15571260307454932,Space filling (16),212,16
Random Normal,Random Normal,0.12738686537857008,Space filling (16),212,16
X1,X1,0.20269905391194293,Space filling (16),213,16
X2,X2,0.4855935241144234,Space filling (16),213,16
X3 (non-informative),X3,0.16335622102279718,Space filling (16),213,16
Random Normal,Random Normal,0.14835120095083645,Space filling (16),213,16
X1,X1,0.18647665851750356,Space filling (16),214,16
X2,X2,0.527323689057626,Space filling (16),214,16
X3 (non-informative),X3,0.0923007395016042,Space filling (16),214,16
Random Normal,Random Normal,0.19389891292326616,Space filling (16),214,16
X1,X1,0.13953578223311697,Space filling (16),215,16
X2,X2,0.46167693988480124,Space filling (16),215,16
X3 (non-informative),X3,0.13462814647708293,Space filling (16),215,16
Random Normal,Random Normal,0.26415913140499886,Space filling (16),215,16
X1,X1,0.14532405364696258,Space filling (16),216,16
X2,X2,0.5548900693689149,Space filling (16),216,16
X3 (non-informative),X3,0.12412035951600132,Space filling (16),216,16
Random Normal,Random Normal,0.17566551746812115,Space filling (16),216,16
X1,X1,0.18278058819469784,Space filling (16),217,16
X2,X2,0.5675227489353403,Space filling (16),217,16
X3 (non-informative),X3,0.16062952112422763,Space filling (16),217,16
Random Normal,Random Normal,0.08906714174573423,Space filling (16),217,16
X1,X1,0.1930378621042997,Space filling (16),218,16
X2,X2,0.5931733191434044,Space filling (16),218,16
X3 (non-informative),X3,0.1175050980019649,Space filling (16),218,16
Random Normal,Random Normal,0.09628372075033101,Space filling (16),218,16
X1,X1,0.18127134210565365,Space filling (16),219,16
X2,X2,0.5625165872655207,Space filling (16),219,16
X3 (non-informative),X3,0.141673663136799,Space filling (16),219,16
Random Normal,Random Normal,0.1145384074920267,Space filling (16),219,16
X1,X1,0.1622316820133869,Space filling (16),220,16
X2,X2,0.5092280166476978,Space filling (16),220,16
X3 (non-informative),X3,0.16135401980358563,Space filling (16),220,16
Random Normal,Random Normal,0.16718628153532963,Space filling (16),220,16
X1,X1,0.1706081337569592,Space filling (16),221,16
X2,X2,0.6025839995834918,Space filling (16),221,16
X3 (non-informative),X3,0.11873228967756295,Space filling (16),221,16
Random Normal,Random Normal,0.10807557698198601,Space filling (16),221,16
X1,X1,0.18622535027693835,Space filling (16),222,16
X2,X2,0.5527230649586695,Space filling (16),222,16
X3 (non-informative),X3,0.14170770160796206,Space filling (16),222,16
Random Normal,Random Normal,0.11934388315643006,Space filling (16),222,16
X1,X1,0.1652990462757326,Space filling (16),223,16
X2,X2,0.4550928502547965,Space filling (16),223,16
X3 (non-informative),X3,0.12142966544312754,Space filling (16),223,16
Random Normal,Random Normal,0.2581784380263434,Space filling (16),223,16
X1,X1,0.1438018465663523,Space filling (16),224,16
X2,X2,0.6055447855056881,Space filling (16),224,16
X3 (non-informative),X3,0.12332013745541798,Space filling (16),224,16
Random Normal,Random Normal,0.12733323047254155,Space filling (16),224,16
X1,X1,0.14515966491962878,Space filling (16),225,16
X2,X2,0.552071625777515,Space filling (16),225,16
X3 (non-informative),X3,0.11011316797345137,Space filling (16),225,16
Random Normal,Random Normal,0.19265554132940482,Space filling (16),225,16
X1,X1,0.17980470826263886,Space filling (16),226,16
X2,X2,0.5463497643938898,Space filling (16),226,16
X3 (non-informative),X3,0.11628152121232224,Space filling (16),226,16
Random Normal,Random Normal,0.1575640061311491,Space filling (16),226,16
X1,X1,0.16048267605813857,Space filling (16),227,16
X2,X2,0.5646929673863659,Space filling (16),227,16
X3 (non-informative),X3,0.1232261010144952,Space filling (16),227,16
Random Normal,Random Normal,0.15159825554100043,Space filling (16),227,16
X1,X1,0.11940045286128598,Space filling (16),228,16
X2,X2,0.5840257773052383,Space filling (16),228,16
X3 (non-informative),X3,0.10797843427983524,Space filling (16),228,16
Random Normal,Random Normal,0.18859533555364044,Space filling (16),228,16
X1,X1,0.1520924277631925,Space filling (16),229,16
X2,X2,0.5338064587491477,Space filling (16),229,16
X3 (non-informative),X3,0.1851183339263414,Space filling (16),229,16
Random Normal,Random Normal,0.12898277956131843,Space filling (16),229,16
X1,X1,0.06958718910632875,Space filling (16),230,16
X2,X2,0.4875087205718414,Space filling (16),230,16
X3 (non-informative),X3,0.08917776826542546,Space filling (16),230,16
Random Normal,Random Normal,0.35372632205640436,Space filling (16),230,16
X1,X1,0.1886430836667905,Space filling (16),231,16
X2,X2,0.5081135737284107,Space filling (16),231,16
X3 (non-informative),X3,0.1215235483370317,Space filling (16),231,16
Random Normal,Random Normal,0.1817197942677671,Space filling (16),231,16
X1,X1,0.18303155038375565,Space filling (16),232,16
X2,X2,0.5930502461251858,Space filling (16),232,16
X3 (non-informative),X3,0.1401095830328921,Space filling (16),232,16
Random Normal,Random Normal,0.08380862045816646,Space filling (16),232,16
X1,X1,0.22073936436361508,Space filling (16),233,16
X2,X2,0.5440537571980247,Space filling (16),233,16
X3 (non-informative),X3,0.09443845518927486,Space filling (16),233,16
Random Normal,Random Normal,0.14076842324908528,Space filling (16),233,16
X1,X1,0.19808915936535693,Space filling (16),234,16
X2,X2,0.6488575250226142,Space filling (16),234,16
X3 (non-informative),X3,0.0798810020295637,Space filling (16),234,16
Random Normal,Random Normal,0.07317231358246522,Space filling (16),234,16
X1,X1,0.16550017392304275,Space filling (16),235,16
X2,X2,0.5477495305810981,Space filling (16),235,16
X3 (non-informative),X3,0.1584948262423741,Space filling (16),235,16
Random Normal,Random Normal,0.12825546925348508,Space filling (16),235,16
X1,X1,0.198847967836639,Space filling (16),236,16
X2,X2,0.5427269072525627,Space filling (16),236,16
X3 (non-informative),X3,0.1648217725542621,Space filling (16),236,16
Random Normal,Random Normal,0.09360335235653627,Space filling (16),236,16
X1,X1,0.1691877985731427,Space filling (16),237,16
X2,X2,0.6480039917003135,Space filling (16),237,16
X3 (non-informative),X3,0.13317806899455262,Space filling (16),237,16
Random Normal,Random Normal,0.049630140731991165,Space filling (16),237,16
X1,X1,0.18310780011427188,Space filling (16),238,16
X2,X2,0.6460719667853615,Space filling (16),238,16
X3 (non-informative),X3,0.11524090378659613,Space filling (16),238,16
Random Normal,Random Normal,0.055579329313770444,Space filling (16),238,16
X1,X1,0.16763419170089355,Space filling (16),239,16
X2,X2,0.5653929561197896,Space filling (16),239,16
X3 (non-informative),X3,0.11049385761173863,Space filling (16),239,16
Random Normal,Random Normal,0.15647899456757822,Space filling (16),239,16
X1,X1,0.19302396473774547,Space filling (16),240,16
X2,X2,0.5999168305163856,Space filling (16),240,16
X3 (non-informative),X3,0.15856840675035802,Space filling (16),240,16
Random Normal,Random Normal,0.04849079799551099,Space filling (16),240,16
X1,X1,0.1636027186292274,Space filling (16),241,16
X2,X2,0.6190615937326932,Space filling (16),241,16
X3 (non-informative),X3,0.1266968609873079,Space filling (16),241,16
Random Normal,Random Normal,0.09063882665077157,Space filling (16),241,16
X1,X1,0.13763893107030856,Space filling (16),242,16
X2,X2,0.6332582073657892,Space filling (16),242,16
X3 (non-informative),X3,0.062243883589846054,Space filling (16),242,16
Random Normal,Random Normal,0.16685897797405613,Space filling (16),242,16
X1,X1,0.15782583040007953,Space filling (16),243,16
X2,X2,0.638690056781323,Space filling (16),243,16
X3 (non-informative),X3,0.11823086373873445,Space filling (16),243,16
Random Normal,Random Normal,0.08525324907986301,Space filling (16),243,16
X1,X1,0.14492628499862578,Space filling (16),244,16
X2,X2,0.55805952254968,Space filling (16),244,16
X3 (non-informative),X3,0.12064574057570376,Space filling (16),244,16
Random Normal,Random Normal,0.17636845187599035,Space filling (16),244,16
X1,X1,0.1805614621358158,Space filling (16),245,16
X2,X2,0.4808354336921966,Space filling (16),245,16
X3 (non-informative),X3,0.14795465507260638,Space filling (16),245,16
Random Normal,Random Normal,0.1906484490993812,Space filling (16),245,16
X1,X1,0.16384595691771692,Space filling (16),246,16
X2,X2,0.5760394241244904,Space filling (16),246,16
X3 (non-informative),X3,0.16236270761301236,Space filling (16),246,16
Random Normal,Random Normal,0.0977519113447804,Space filling (16),246,16
X1,X1,0.15687197667685934,Space filling (16),247,16
X2,X2,0.596726544346493,Space filling (16),247,16
X3 (non-informative),X3,0.11676593768691412,Space filling (16),247,16
Random Normal,Random Normal,0.1296355412897336,Space filling (16),247,16
X1,X1,0.1310173356785939,Space filling (16),248,16
X2,X2,0.6692698896392705,Space filling (16),248,16
X3 (non-informative),X3,0.07573980536072794,Space filling (16),248,16
Random Normal,Random Normal,0.12397296932140767,Space filling (16),248,16
X1,X1,0.15046731558008372,Space filling (16),249,16
X2,X2,0.5738714326695781,Space filling (16),249,16
X3 (non-informative),X3,0.13133589311273003,Space filling (16),249,16
Random Normal,Random Normal,0.1443253586376082,Space filling (16),249,16
X1,X1,0.12355843912804552,Space filling (16),250,16
X2,X2,0.6386382160066094,Space filling (16),250,16
X3 (non-informative),X3,0.1104659614140139,Space filling (16),250,16
Random Normal,Random Normal,0.1273373834513312,Space filling (16),250,16
X1,X1,0.10311685541808087,Space filling (16),251,16
X2,X2,0.2706613043450083,Space filling (16),251,16
X3 (non-informative),X3,0.09306297557791622,Space filling (16),251,16
Random Normal,Random Normal,0.5331588646589946,Space filling (16),251,16
X1,X1,0.10329381779650558,Space filling (16),252,16
X2,X2,0.4892071333702358,Space filling (16),252,16
X3 (non-informative),X3,0.09574490622953667,Space filling (16),252,16
Random Normal,Random Normal,0.3117541426037219,Space filling (16),252,16
X1,X1,0.16935348155456328,Space filling (16),253,16
X2,X2,0.4825360948703664,Space filling (16),253,16
X3 (non-informative),X3,0.12838131603652814,Space filling (16),253,16
Random Normal,Random Normal,0.21972910753854213,Space filling (16),253,16
X1,X1,0.14093552548734778,Space filling (16),254,16
X2,X2,0.5859042524114699,Space filling (16),254,16
X3 (non-informative),X3,0.18303823598424523,Space filling (16),254,16
Random Normal,Random Normal,0.09012198611693707,Space filling (16),254,16
X1,X1,0.1512318407659884,Space filling (16),255,16
X2,X2,0.5235586117386629,Space filling (16),255,16
X3 (non-informative),X3,0.15031814604357654,Space filling (16),255,16
Random Normal,Random Normal,0.17489140145177212,Space filling (16),255,16
X1,X1,0.08085439503974343,Space filling (16),256,16
X2,X2,0.40870440044433054,Space filling (16),256,16
X3 (non-informative),X3,0.08602091616682632,Space filling (16),256,16
Random Normal,Random Normal,0.42442028834909973,Space filling (16),256,16
X1,X1,0.11337829262059498,Space filling (16),257,16
X2,X2,0.4136361280157562,Space filling (16),257,16
X3 (non-informative),X3,0.12761757699707946,Space filling (16),257,16
Random Normal,Random Normal,0.34536800236656934,Space filling (16),257,16
X1,X1,0.1511833969036302,Space filling (16),258,16
X2,X2,0.5346711997785514,Space filling (16),258,16
X3 (non-informative),X3,0.12321937525047495,Space filling (16),258,16
Random Normal,Random Normal,0.19092602806734346,Space filling (16),258,16
X1,X1,0.17019369325350445,Space filling (16),259,16
X2,X2,0.5329397685818399,Space filling (16),259,16
X3 (non-informative),X3,0.14339973287376898,Space filling (16),259,16
Random Normal,Random Normal,0.15346680529088672,Space filling (16),259,16
X1,X1,0.14336059473266016,Space filling (16),260,16
X2,X2,0.5645349971792407,Space filling (16),260,16
X3 (non-informative),X3,0.11190417363716891,Space filling (16),260,16
Random Normal,Random Normal,0.1802002344509302,Space filling (16),260,16
X1,X1,0.15994304890631528,Space filling (16),261,16
X2,X2,0.5851190542011655,Space filling (16),261,16
X3 (non-informative),X3,0.12003121358882389,Space filling (16),261,16
Random Normal,Random Normal,0.13490668330369532,Space filling (16),261,16
X1,X1,0.1264666731606655,Space filling (16),262,16
X2,X2,0.728031879274893,Space filling (16),262,16
X3 (non-informative),X3,0.0962820433636573,Space filling (16),262,16
Random Normal,Random Normal,0.04921940420078424,Space filling (16),262,16
X1,X1,0.1586175968515155,Space filling (16),263,16
X2,X2,0.5639882661750159,Space filling (16),263,16
X3 (non-informative),X3,0.1327917195891542,Space filling (16),263,16
Random Normal,Random Normal,0.14460241738431445,Space filling (16),263,16
X1,X1,0.16203072311859465,Space filling (16),264,16
X2,X2,0.5717377341686696,Space filling (16),264,16
X3 (non-informative),X3,0.14067680561981713,Space filling (16),264,16
Random Normal,Random Normal,0.12555473709291867,Space filling (16),264,16
X1,X1,0.1811189080527697,Space filling (16),265,16
X2,X2,0.4970428954221977,Space filling (16),265,16
X3 (non-informative),X3,0.11452388566620701,Space filling (16),265,16
Random Normal,Random Normal,0.20731431085882557,Space filling (16),265,16
X1,X1,0.147313594780251,Space filling (16),266,16
X2,X2,0.5507140122719932,Space filling (16),266,16
X3 (non-informative),X3,0.1334007510023672,Space filling (16),266,16
Random Normal,Random Normal,0.16857164194538854,Space filling (16),266,16
X1,X1,0.147078456865364,Space filling (16),267,16
X2,X2,0.5120529490750783,Space filling (16),267,16
X3 (non-informative),X3,0.12329253487726202,Space filling (16),267,16
Random Normal,Random Normal,0.2175760591822957,Space filling (16),267,16
X1,X1,0.12628234874945868,Space filling (16),268,16
X2,X2,0.4376961166874473,Space filling (16),268,16
X3 (non-informative),X3,0.14773117837859331,Space filling (16),268,16
Random Normal,Random Normal,0.2882903561845007,Space filling (16),268,16
X1,X1,0.11403012357826331,Space filling (16),269,16
X2,X2,0.5880515097119465,Space filling (16),269,16
X3 (non-informative),X3,0.0993982778669603,Space filling (16),269,16
Random Normal,Random Normal,0.19852008884282984,Space filling (16),269,16
X1,X1,0.13601018929494424,Space filling (16),270,16
X2,X2,0.5560092960363673,Space filling (16),270,16
X3 (non-informative),X3,0.12338653139725049,Space filling (16),270,16
Random Normal,Random Normal,0.184593983271438,Space filling (16),270,16
X1,X1,0.1197589167527566,Space filling (16),271,16
X2,X2,0.5706633314467671,Space filling (16),271,16
X3 (non-informative),X3,0.08095591838521993,Space filling (16),271,16
Random Normal,Random Normal,0.22862183341525646,Space filling (16),271,16
X1,X1,0.15864749374844841,Space filling (16),272,16
X2,X2,0.5919853583404098,Space filling (16),272,16
X3 (non-informative),X3,0.1670910693221495,Space filling (16),272,16
Random Normal,Random Normal,0.08227607858899233,Space filling (16),272,16
X1,X1,0.19293520195223657,Space filling (16),273,16
X2,X2,0.6029795873105441,Space filling (16),273,16
X3 (non-informative),X3,0.13660093112451302,Space filling (16),273,16
Random Normal,Random Normal,0.06748427961270621,Space filling (16),273,16
X1,X1,0.09388995180476192,Space filling (16),274,16
X2,X2,0.5784356545727156,Space filling (16),274,16
X3 (non-informative),X3,0.11621090580306302,Space filling (16),274,16
Random Normal,Random Normal,0.21146348781945937,Space filling (16),274,16
X1,X1,0.1810858324950596,Space filling (16),275,16
X2,X2,0.5317012355170372,Space filling (16),275,16
X3 (non-informative),X3,0.15673680386002845,Space filling (16),275,16
Random Normal,Random Normal,0.1304761281278748,Space filling (16),275,16
X1,X1,0.16732305837728986,Space filling (16),276,16
X2,X2,0.5776916776103014,Space filling (16),276,16
X3 (non-informative),X3,0.1766821186549393,Space filling (16),276,16
Random Normal,Random Normal,0.07830314535746952,Space filling (16),276,16
X1,X1,0.1392388446102947,Space filling (16),277,16
X2,X2,0.5781996910851391,Space filling (16),277,16
X3 (non-informative),X3,0.1522285799961884,Space filling (16),277,16
Random Normal,Random Normal,0.13033288430837772,Space filling (16),277,16
X1,X1,0.17574684446755354,Space filling (16),278,16
X2,X2,0.6092075839107571,Space filling (16),278,16
X3 (non-informative),X3,0.13932357781253002,Space filling (16),278,16
Random Normal,Random Normal,0.07572199380915927,Space filling (16),278,16
X1,X1,0.18366341960413157,Space filling (16),279,16
X2,X2,0.5871767186605745,Space filling (16),279,16
X3 (non-informative),X3,0.12068933897468959,Space filling (16),279,16
Random Normal,Random Normal,0.10847052276060436,Space filling (16),279,16
X1,X1,0.13584472110092807,Space filling (16),280,16
X2,X2,0.5778435974444405,Space filling (16),280,16
X3 (non-informative),X3,0.10719987328158749,Space filling (16),280,16
Random Normal,Random Normal,0.17911180817304403,Space filling (16),280,16
X1,X1,0.21796212463914835,Space filling (16),281,16
X2,X2,0.5370668643896899,Space filling (16),281,16
X3 (non-informative),X3,0.1451047443174336,Space filling (16),281,16
Random Normal,Random Normal,0.09986626665372815,Space filling (16),281,16
X1,X1,0.19113266623958483,Space filling (16),282,16
X2,X2,0.5386195287096943,Space filling (16),282,16
X3 (non-informative),X3,0.16522971469643752,Space filling (16),282,16
Random Normal,Random Normal,0.10501809035428337,Space filling (16),282,16
X1,X1,0.1785151120596028,Space filling (16),283,16
X2,X2,0.5531674016233316,Space filling (16),283,16
X3 (non-informative),X3,0.11979606376118668,Space filling (16),283,16
Random Normal,Random Normal,0.14852142255587897,Space filling (16),283,16
X1,X1,0.15722570036346595,Space filling (16),284,16
X2,X2,0.6377651844665113,Space filling (16),284,16
X3 (non-informative),X3,0.12311388264726947,Space filling (16),284,16
Random Normal,Random Normal,0.08189523252275324,Space filling (16),284,16
X1,X1,0.1975058847423851,Space filling (16),285,16
X2,X2,0.5303660373382713,Space filling (16),285,16
X3 (non-informative),X3,0.1525906147866836,Space filling (16),285,16
Random Normal,Random Normal,0.11953746313266005,Space filling (16),285,16
X1,X1,0.09063563126597013,Space filling (16),286,16
X2,X2,0.5469430971992931,Space filling (16),286,16
X3 (non-informative),X3,0.0756211809719787,Space filling (16),286,16
Random Normal,Random Normal,0.286800090562758,Space filling (16),286,16
X1,X1,0.1409799082513263,Space filling (16),287,16
X2,X2,0.4639260606520705,Space filling (16),287,16
X3 (non-informative),X3,0.09806990437700397,Space filling (16),287,16
Random Normal,Random Normal,0.2970241267195992,Space filling (16),287,16
X1,X1,0.09194474412050999,Space filling (16),288,16
X2,X2,0.36494835327797165,Space filling (16),288,16
X3 (non-informative),X3,0.14106403668742926,Space filling (16),288,16
Random Normal,Random Normal,0.4020428659140891,Space filling (16),288,16
X1,X1,0.152297516292705,Space filling (16),289,16
X2,X2,0.5854936379959276,Space filling (16),289,16
X3 (non-informative),X3,0.17252631122460382,Space filling (16),289,16
Random Normal,Random Normal,0.0896825344867636,Space filling (16),289,16
X1,X1,0.1710707416183489,Space filling (16),290,16
X2,X2,0.5589382361437382,Space filling (16),290,16
X3 (non-informative),X3,0.1193498455319147,Space filling (16),290,16
Random Normal,Random Normal,0.15064117670599828,Space filling (16),290,16
X1,X1,0.16874655507995961,Space filling (16),291,16
X2,X2,0.5641893134151897,Space filling (16),291,16
X3 (non-informative),X3,0.16707105404604433,Space filling (16),291,16
Random Normal,Random Normal,0.09999307745880635,Space filling (16),291,16
X1,X1,0.17400908515967842,Space filling (16),292,16
X2,X2,0.48896320345937866,Space filling (16),292,16
X3 (non-informative),X3,0.17351200962553173,Space filling (16),292,16
Random Normal,Random Normal,0.16351570175541116,Space filling (16),292,16
X1,X1,0.13527982646710235,Space filling (16),293,16
X2,X2,0.4917343566590732,Space filling (16),293,16
X3 (non-informative),X3,0.19520693950198392,Space filling (16),293,16
Random Normal,Random Normal,0.1777788773718405,Space filling (16),293,16
X1,X1,0.1655946466157981,Space filling (16),294,16
X2,X2,0.6094898303104329,Space filling (16),294,16
X3 (non-informative),X3,0.12679129103027403,Space filling (16),294,16
Random Normal,Random Normal,0.09812423204349495,Space filling (16),294,16
X1,X1,0.19962196161861434,Space filling (16),295,16
X2,X2,0.5617641096052812,Space filling (16),295,16
X3 (non-informative),X3,0.09923375012554063,Space filling (16),295,16
Random Normal,Random Normal,0.1393801786505638,Space filling (16),295,16
X1,X1,0.12215526010410221,Space filling (16),296,16
X2,X2,0.5727582441389812,Space filling (16),296,16
X3 (non-informative),X3,0.1017389576668805,Space filling (16),296,16
Random Normal,Random Normal,0.203347538090036,Space filling (16),296,16
X1,X1,0.10243746207567353,Space filling (16),297,16
X2,X2,0.48355957106231584,Space filling (16),297,16
X3 (non-informative),X3,0.06139255526368295,Space filling (16),297,16
Random Normal,Random Normal,0.3526104115983277,Space filling (16),297,16
X1,X1,0.20453067631249194,Space filling (16),298,16
X2,X2,0.5025383433406029,Space filling (16),298,16
X3 (non-informative),X3,0.04710448162338129,Space filling (16),298,16
Random Normal,Random Normal,0.24582649872352388,Space filling (16),298,16
X1,X1,0.17804444849742063,Space filling (16),299,16
X2,X2,0.5529831367564522,Space filling (16),299,16
X3 (non-informative),X3,0.1043503504942643,Space filling (16),299,16
Random Normal,Random Normal,0.16462206425186293,Space filling (16),299,16
X1,X1,0.17214280672462914,Space filling (16),300,16
X2,X2,0.5938940861759041,Space filling (16),300,16
X3 (non-informative),X3,0.15036703904908125,Space filling (16),300,16
Random Normal,Random Normal,0.08359606805038551,Space filling (16),300,16
X1,X1,0.15955321970647174,Space filling (16),301,16
X2,X2,0.5826554397931505,Space filling (16),301,16
X3 (non-informative),X3,0.1576797736404124,Space filling (16),301,16
Random Normal,Random Normal,0.10011156685996533,Space filling (16),301,16
X1,X1,0.18492746415463746,Space filling (16),302,16
X2,X2,0.5718547312523242,Space filling (16),302,16
X3 (non-informative),X3,0.1767964780915365,Space filling (16),302,16
Random Normal,Random Normal,0.06642132650150177,Space filling (16),302,16
X1,X1,0.16951320313019286,Space filling (16),303,16
X2,X2,0.5289513358702153,Space filling (16),303,16
X3 (non-informative),X3,0.17291363503406598,Space filling (16),303,16
Random Normal,Random Normal,0.12862182596552593,Space filling (16),303,16
X1,X1,0.17366084992314906,Space filling (16),304,16
X2,X2,0.5053724011674773,Space filling (16),304,16
X3 (non-informative),X3,0.2072667840801622,Space filling (16),304,16
Random Normal,Random Normal,0.11369996482921146,Space filling (16),304,16
X1,X1,0.21865426455081785,Space filling (16),305,16
X2,X2,0.5292927093721814,Space filling (16),305,16
X3 (non-informative),X3,0.16492088001320665,Space filling (16),305,16
Random Normal,Random Normal,0.08713214606379407,Space filling (16),305,16
X1,X1,0.08781189939201235,Space filling (16),306,16
X2,X2,0.35551245191239395,Space filling (16),306,16
X3 (non-informative),X3,0.13206341317815593,Space filling (16),306,16
Random Normal,Random Normal,0.42461223551743776,Space filling (16),306,16
X1,X1,0.16313818933317725,Space filling (16),307,16
X2,X2,0.5871231369843513,Space filling (16),307,16
X3 (non-informative),X3,0.14440755456659587,Space filling (16),307,16
Random Normal,Random Normal,0.10533111911587562,Space filling (16),307,16
X1,X1,0.1445102894418133,Space filling (16),308,16
X2,X2,0.6554928068741248,Space filling (16),308,16
X3 (non-informative),X3,0.08201787331659817,Space filling (16),308,16
Random Normal,Random Normal,0.11797903036746368,Space filling (16),308,16
X1,X1,0.1112838309293004,Space filling (16),309,16
X2,X2,0.5087630840785802,Space filling (16),309,16
X3 (non-informative),X3,0.08837918650944022,Space filling (16),309,16
Random Normal,Random Normal,0.2915738984826793,Space filling (16),309,16
X1,X1,0.19463237432702102,Space filling (16),310,16
X2,X2,0.5131887098817338,Space filling (16),310,16
X3 (non-informative),X3,0.1632620529517974,Space filling (16),310,16
Random Normal,Random Normal,0.1289168628394478,Space filling (16),310,16
X1,X1,0.17816270914208665,Space filling (16),311,16
X2,X2,0.4812446556214568,Space filling (16),311,16
X3 (non-informative),X3,0.10613173844112243,Space filling (16),311,16
Random Normal,Random Normal,0.2344608967953341,Space filling (16),311,16
X1,X1,0.1339779423543678,Space filling (16),312,16
X2,X2,0.5122585949727468,Space filling (16),312,16
X3 (non-informative),X3,0.13170523844478166,Space filling (16),312,16
Random Normal,Random Normal,0.22205822422810376,Space filling (16),312,16
X1,X1,0.09320585004099984,Space filling (16),313,16
X2,X2,0.4754743331930699,Space filling (16),313,16
X3 (non-informative),X3,0.13410967251033584,Space filling (16),313,16
Random Normal,Random Normal,0.2972101442555944,Space filling (16),313,16
X1,X1,0.1062972779468127,Space filling (16),314,16
X2,X2,0.4680122888181176,Space filling (16),314,16
X3 (non-informative),X3,0.19748014474489634,Space filling (16),314,16
Random Normal,Random Normal,0.22821028849017336,Space filling (16),314,16
X1,X1,0.16323383684452056,Space filling (16),315,16
X2,X2,0.42819599067146247,Space filling (16),315,16
X3 (non-informative),X3,0.12088071715451246,Space filling (16),315,16
Random Normal,Random Normal,0.2876894553295046,Space filling (16),315,16
X1,X1,0.14445771872195554,Space filling (16),316,16
X2,X2,0.5349602486208745,Space filling (16),316,16
X3 (non-informative),X3,0.16029692544777588,Space filling (16),316,16
Random Normal,Random Normal,0.1602851072093941,Space filling (16),316,16
X1,X1,0.14741842812952913,Space filling (16),317,16
X2,X2,0.4795740089372523,Space filling (16),317,16
X3 (non-informative),X3,0.15000536184728264,Space filling (16),317,16
Random Normal,Random Normal,0.2230022010859359,Space filling (16),317,16
X1,X1,0.24556883735975116,Space filling (16),318,16
X2,X2,0.3937620910585221,Space filling (16),318,16
X3 (non-informative),X3,0.018299319157262243,Space filling (16),318,16
Random Normal,Random Normal,0.3423697524244645,Space filling (16),318,16
X1,X1,0.1703915190567697,Space filling (16),319,16
X2,X2,0.5502107665183326,Space filling (16),319,16
X3 (non-informative),X3,0.12624515582049398,Space filling (16),319,16
Random Normal,Random Normal,0.15315255860440372,Space filling (16),319,16
X1,X1,0.10589991742050237,Space filling (16),320,16
X2,X2,0.43858018568594903,Space filling (16),320,16
X3 (non-informative),X3,0.11070897214185646,Space filling (16),320,16
Random Normal,Random Normal,0.3448109247516921,Space filling (16),320,16
X1,X1,0.1685508053708975,Space filling (16),321,16
X2,X2,0.5298430846007676,Space filling (16),321,16
X3 (non-informative),X3,0.16189649744958068,Space filling (16),321,16
Random Normal,Random Normal,0.1397096125787542,Space filling (16),321,16
X1,X1,0.16743761916296604,Space filling (16),322,16
X2,X2,0.40140557683504036,Space filling (16),322,16
X3 (non-informative),X3,0.12939896356651734,Space filling (16),322,16
Random Normal,Random Normal,0.30175784043547627,Space filling (16),322,16
X1,X1,0.136515049402709,Space filling (16),323,16
X2,X2,0.5498386633198435,Space filling (16),323,16
X3 (non-informative),X3,0.15397664510708556,Space filling (16),323,16
Random Normal,Random Normal,0.15966964217036192,Space filling (16),323,16
X1,X1,0.18614641655683384,Space filling (16),324,16
X2,X2,0.5755526342501186,Space filling (16),324,16
X3 (non-informative),X3,0.12070316316941268,Space filling (16),324,16
Random Normal,Random Normal,0.1175977860236349,Space filling (16),324,16
X1,X1,0.17411399943124145,Space filling (16),325,16
X2,X2,0.5479399971340887,Space filling (16),325,16
X3 (non-informative),X3,0.15757101447098662,Space filling (16),325,16
Random Normal,Random Normal,0.12037498896368323,Space filling (16),325,16
X1,X1,0.19743805669283665,Space filling (16),326,16
X2,X2,0.586703685763735,Space filling (16),326,16
X3 (non-informative),X3,0.14341921662095564,Space filling (16),326,16
Random Normal,Random Normal,0.07243904092247273,Space filling (16),326,16
X1,X1,0.15983580807494915,Space filling (16),327,16
X2,X2,0.5220574719055968,Space filling (16),327,16
X3 (non-informative),X3,0.14452416437158006,Space filling (16),327,16
Random Normal,Random Normal,0.17358255564787398,Space filling (16),327,16
X1,X1,0.1942810791530022,Space filling (16),328,16
X2,X2,0.5632510411285743,Space filling (16),328,16
X3 (non-informative),X3,0.15861945996932222,Space filling (16),328,16
Random Normal,Random Normal,0.08384841974910136,Space filling (16),328,16
X1,X1,0.2163012379375712,Space filling (16),329,16
X2,X2,0.5679645341002618,Space filling (16),329,16
X3 (non-informative),X3,0.16118867656942945,Space filling (16),329,16
Random Normal,Random Normal,0.054545551392737576,Space filling (16),329,16
X1,X1,0.19537621882632641,Space filling (16),330,16
X2,X2,0.4666024327078516,Space filling (16),330,16
X3 (non-informative),X3,0.17809830576254723,Space filling (16),330,16
Random Normal,Random Normal,0.15992304270327473,Space filling (16),330,16
X1,X1,0.17573624688767656,Space filling (16),331,16
X2,X2,0.4883058039659594,Space filling (16),331,16
X3 (non-informative),X3,0.13664710518457762,Space filling (16),331,16
Random Normal,Random Normal,0.19931084396178642,Space filling (16),331,16
X1,X1,0.1471139310206845,Space filling (16),332,16
X2,X2,0.5324433450151694,Space filling (16),332,16
X3 (non-informative),X3,0.16522107966279181,Space filling (16),332,16
Random Normal,Random Normal,0.15522164430135427,Space filling (16),332,16
X1,X1,0.14612892943495825,Space filling (16),333,16
X2,X2,0.558839603043962,Space filling (16),333,16
X3 (non-informative),X3,0.15598691068317683,Space filling (16),333,16
Random Normal,Random Normal,0.139044556837903,Space filling (16),333,16
X1,X1,0.1386894817686091,Space filling (16),334,16
X2,X2,0.5903648297401434,Space filling (16),334,16
X3 (non-informative),X3,0.12146233493844574,Space filling (16),334,16
Random Normal,Random Normal,0.14948335355280182,Space filling (16),334,16
X1,X1,0.1475445477647428,Space filling (16),335,16
X2,X2,0.533717640148245,Space filling (16),335,16
X3 (non-informative),X3,0.15447656884535318,Space filling (16),335,16
Random Normal,Random Normal,0.16426124324165906,Space filling (16),335,16
X1,X1,0.1471681560291342,Space filling (16),336,16
X2,X2,0.5315144990906588,Space filling (16),336,16
X3 (non-informative),X3,0.09114254546262568,Space filling (16),336,16
Random Normal,Random Normal,0.23017479941758134,Space filling (16),336,16
X1,X1,0.15926674635306923,Space filling (16),337,16
X2,X2,0.5530577859180807,Space filling (16),337,16
X3 (non-informative),X3,0.1553643149416415,Space filling (16),337,16
Random Normal,Random Normal,0.13231115278720856,Space filling (16),337,16
X1,X1,0.20254081965174242,Space filling (16),338,16
X2,X2,0.555028431505125,Space filling (16),338,16
X3 (non-informative),X3,0.07208948304775047,Space filling (16),338,16
Random Normal,Random Normal,0.1703412657953821,Space filling (16),338,16
X1,X1,0.13393175634633023,Space filling (16),339,16
X2,X2,0.5186481610799568,Space filling (16),339,16
X3 (non-informative),X3,0.10275620475770199,Space filling (16),339,16
Random Normal,Random Normal,0.244663877816011,Space filling (16),339,16
X1,X1,0.19297315347903332,Space filling (16),340,16
X2,X2,0.522974785187459,Space filling (16),340,16
X3 (non-informative),X3,0.17384952215489044,Space filling (16),340,16
Random Normal,Random Normal,0.1102025391786172,Space filling (16),340,16
X1,X1,0.13352611092065644,Space filling (16),341,16
X2,X2,0.5250310375399453,Space filling (16),341,16
X3 (non-informative),X3,0.14053172514625428,Space filling (16),341,16
Random Normal,Random Normal,0.20091112639314393,Space filling (16),341,16
X1,X1,0.11512791830991023,Space filling (16),342,16
X2,X2,0.3635883400142824,Space filling (16),342,16
X3 (non-informative),X3,0.06697370887199743,Space filling (16),342,16
Random Normal,Random Normal,0.45431003280380994,Space filling (16),342,16
X1,X1,0.13347669462295314,Space filling (16),343,16
X2,X2,0.6274471605638364,Space filling (16),343,16
X3 (non-informative),X3,0.14760795280684316,Space filling (16),343,16
Random Normal,Random Normal,0.09146819200636722,Space filling (16),343,16
X1,X1,0.1464866564695478,Space filling (16),344,16
X2,X2,0.5764394545825826,Space filling (16),344,16
X3 (non-informative),X3,0.11156185096513663,Space filling (16),344,16
Random Normal,Random Normal,0.16551203798273295,Space filling (16),344,16
X1,X1,0.19617502730446906,Space filling (16),345,16
X2,X2,0.5967076247173823,Space filling (16),345,16
X3 (non-informative),X3,0.07618113640039784,Space filling (16),345,16
Random Normal,Random Normal,0.13093621157775087,Space filling (16),345,16
X1,X1,0.19320475593424802,Space filling (16),346,16
X2,X2,0.4594803730686341,Space filling (16),346,16
X3 (non-informative),X3,0.19707139625327125,Space filling (16),346,16
Random Normal,Random Normal,0.1502434747438466,Space filling (16),346,16
X1,X1,0.13538286501608657,Space filling (16),347,16
X2,X2,0.5758834238156247,Space filling (16),347,16
X3 (non-informative),X3,0.13049206367632782,Space filling (16),347,16
Random Normal,Random Normal,0.15824164749196082,Space filling (16),347,16
X1,X1,0.13824877771388153,Space filling (16),348,16
X2,X2,0.5077818715257905,Space filling (16),348,16
X3 (non-informative),X3,0.13871556745301156,Space filling (16),348,16
Random Normal,Random Normal,0.21525378330731645,Space filling (16),348,16
X1,X1,0.12860270265409604,Space filling (16),349,16
X2,X2,0.4824196620618604,Space filling (16),349,16
X3 (non-informative),X3,0.1372712551569118,Space filling (16),349,16
Random Normal,Random Normal,0.2517063801271318,Space filling (16),349,16
X1,X1,0.1635877631628993,Space filling (16),350,16
X2,X2,0.5897212647297161,Space filling (16),350,16
X3 (non-informative),X3,0.11092849231017556,Space filling (16),350,16
Random Normal,Random Normal,0.1357624797972091,Space filling (16),350,16
X1,X1,0.15916770588158963,Space filling (16),351,16
X2,X2,0.6034396444233108,Space filling (16),351,16
X3 (non-informative),X3,0.13811846607751974,Space filling (16),351,16
Random Normal,Random Normal,0.09927418361757988,Space filling (16),351,16
X1,X1,0.12507852813941542,Space filling (16),352,16
X2,X2,0.5067419583488842,Space filling (16),352,16
X3 (non-informative),X3,0.1087077822070761,Space filling (16),352,16
Random Normal,Random Normal,0.2594717313046242,Space filling (16),352,16
X1,X1,0.22299422326794574,Space filling (16),353,16
X2,X2,0.3935795906959492,Space filling (16),353,16
X3 (non-informative),X3,0.07870514522856413,Space filling (16),353,16
Random Normal,Random Normal,0.3047210408075409,Space filling (16),353,16
X1,X1,0.2370240191547677,Space filling (16),354,16
X2,X2,0.48268790272332,Space filling (16),354,16
X3 (non-informative),X3,0.15716864401165878,Space filling (16),354,16
Random Normal,Random Normal,0.12311943411025349,Space filling (16),354,16
X1,X1,0.21745798050595194,Space filling (16),355,16
X2,X2,0.569699138102622,Space filling (16),355,16
X3 (non-informative),X3,0.14392962297063103,Space filling (16),355,16
Random Normal,Random Normal,0.068913258420795,Space filling (16),355,16
X1,X1,0.21614979121669284,Space filling (16),356,16
X2,X2,0.5564178714835524,Space filling (16),356,16
X3 (non-informative),X3,0.11606213584577525,Space filling (16),356,16
Random Normal,Random Normal,0.11137020145397954,Space filling (16),356,16
X1,X1,0.1933512724429643,Space filling (16),357,16
X2,X2,0.5906344788773363,Space filling (16),357,16
X3 (non-informative),X3,0.14762513075171346,Space filling (16),357,16
Random Normal,Random Normal,0.06838911792798597,Space filling (16),357,16
X1,X1,0.2153000515656631,Space filling (16),358,16
X2,X2,0.5670057037020745,Space filling (16),358,16
X3 (non-informative),X3,0.11772244663593037,Space filling (16),358,16
Random Normal,Random Normal,0.09997179809633207,Space filling (16),358,16
X1,X1,0.1356733635854907,Space filling (16),359,16
X2,X2,0.5411969151514038,Space filling (16),359,16
X3 (non-informative),X3,0.15837893679422607,Space filling (16),359,16
Random Normal,Random Normal,0.16475078446887947,Space filling (16),359,16
X1,X1,0.14997084670941999,Space filling (16),360,16
X2,X2,0.5887955038661081,Space filling (16),360,16
X3 (non-informative),X3,0.12411745035514656,Space filling (16),360,16
Random Normal,Random Normal,0.1371161990693254,Space filling (16),360,16
X1,X1,0.21071583470202163,Space filling (16),361,16
X2,X2,0.49876916561275525,Space filling (16),361,16
X3 (non-informative),X3,0.15223445359070217,Space filling (16),361,16
Random Normal,Random Normal,0.138280546094521,Space filling (16),361,16
X1,X1,0.16360017193980922,Space filling (16),362,16
X2,X2,0.5510116716837098,Space filling (16),362,16
X3 (non-informative),X3,0.16777266522910822,Space filling (16),362,16
Random Normal,Random Normal,0.11761549114737271,Space filling (16),362,16
X1,X1,0.15886408227219576,Space filling (16),363,16
X2,X2,0.5568707548537808,Space filling (16),363,16
X3 (non-informative),X3,0.11339924312756876,Space filling (16),363,16
Random Normal,Random Normal,0.1708659197464547,Space filling (16),363,16
X1,X1,0.09734147767336264,Space filling (16),364,16
X2,X2,0.3859873215488055,Space filling (16),364,16
X3 (non-informative),X3,0.06722309821591123,Space filling (16),364,16
Random Normal,Random Normal,0.44944810256192064,Space filling (16),364,16
X1,X1,0.1749209783084641,Space filling (16),365,16
X2,X2,0.5902283495782794,Space filling (16),365,16
X3 (non-informative),X3,0.16378886197195167,Space filling (16),365,16
Random Normal,Random Normal,0.07106181014130482,Space filling (16),365,16
X1,X1,0.11661553983261999,Space filling (16),366,16
X2,X2,0.5163862138251355,Space filling (16),366,16
X3 (non-informative),X3,0.11499512636928326,Space filling (16),366,16
Random Normal,Random Normal,0.2520031199729613,Space filling (16),366,16
X1,X1,0.19628336954740153,Space filling (16),367,16
X2,X2,0.4805473993901852,Space filling (16),367,16
X3 (non-informative),X3,0.12557177765698052,Space filling (16),367,16
Random Normal,Random Normal,0.19759745340543278,Space filling (16),367,16
X1,X1,0.17328536227834193,Space filling (16),368,16
X2,X2,0.4357156652332489,Space filling (16),368,16
X3 (non-informative),X3,0.0825142804027549,Space filling (16),368,16
Random Normal,Random Normal,0.30848469208565427,Space filling (16),368,16
X1,X1,0.1660208779347595,Space filling (16),369,16
X2,X2,0.5427022817546965,Space filling (16),369,16
X3 (non-informative),X3,0.12486651304783085,Space filling (16),369,16
Random Normal,Random Normal,0.16641032726271313,Space filling (16),369,16
X1,X1,0.11316452383749703,Space filling (16),370,16
X2,X2,0.5816773394599404,Space filling (16),370,16
X3 (non-informative),X3,0.12723963562372537,Space filling (16),370,16
Random Normal,Random Normal,0.17791850107883725,Space filling (16),370,16
X1,X1,0.21643787229079348,Space filling (16),371,16
X2,X2,0.47020113765327626,Space filling (16),371,16
X3 (non-informative),X3,0.1470946762338293,Space filling (16),371,16
Random Normal,Random Normal,0.16626631382210097,Space filling (16),371,16
X1,X1,0.12912000473056173,Space filling (16),372,16
X2,X2,0.5969274545751042,Space filling (16),372,16
X3 (non-informative),X3,0.13479835823089234,Space filling (16),372,16
Random Normal,Random Normal,0.1391541824634417,Space filling (16),372,16
X1,X1,0.14155168522511807,Space filling (16),373,16
X2,X2,0.5331078197508418,Space filling (16),373,16
X3 (non-informative),X3,0.14329175188873133,Space filling (16),373,16
Random Normal,Random Normal,0.18204874313530886,Space filling (16),373,16
X1,X1,0.12435012003758521,Space filling (16),374,16
X2,X2,0.4705237637934133,Space filling (16),374,16
X3 (non-informative),X3,0.1121912722032331,Space filling (16),374,16
Random Normal,Random Normal,0.29293484396576835,Space filling (16),374,16
X1,X1,0.18695579047573524,Space filling (16),375,16
X2,X2,0.5219356281372639,Space filling (16),375,16
X3 (non-informative),X3,0.15510070983915872,Space filling (16),375,16
Random Normal,Random Normal,0.13600787154784214,Space filling (16),375,16
X1,X1,0.16873495077759304,Space filling (16),376,16
X2,X2,0.4551495095827041,Space filling (16),376,16
X3 (non-informative),X3,0.14769637985471323,Space filling (16),376,16
Random Normal,Random Normal,0.2284191597849896,Space filling (16),376,16
X1,X1,0.20414543308151537,Space filling (16),377,16
X2,X2,0.5132695966772975,Space filling (16),377,16
X3 (non-informative),X3,0.07650383777222292,Space filling (16),377,16
Random Normal,Random Normal,0.2060811324689642,Space filling (16),377,16
X1,X1,0.12194676409188142,Space filling (16),378,16
X2,X2,0.46812005506769805,Space filling (16),378,16
X3 (non-informative),X3,0.10558411841731623,Space filling (16),378,16
Random Normal,Random Normal,0.3043490624231043,Space filling (16),378,16
X1,X1,0.1981903672400116,Space filling (16),379,16
X2,X2,0.5603440764219767,Space filling (16),379,16
X3 (non-informative),X3,0.12861683070296245,Space filling (16),379,16
Random Normal,Random Normal,0.11284872563504923,Space filling (16),379,16
X1,X1,0.1945120273908734,Space filling (16),380,16
X2,X2,0.6030754853185212,Space filling (16),380,16
X3 (non-informative),X3,0.11911665714664313,Space filling (16),380,16
Random Normal,Random Normal,0.08329583014396233,Space filling (16),380,16
X1,X1,0.20533759416898517,Space filling (16),381,16
X2,X2,0.5308773122456908,Space filling (16),381,16
X3 (non-informative),X3,0.14289454022161474,Space filling (16),381,16
Random Normal,Random Normal,0.1208905533637093,Space filling (16),381,16
X1,X1,0.17605175274662896,Space filling (16),382,16
X2,X2,0.5967917801838222,Space filling (16),382,16
X3 (non-informative),X3,0.11609909707308122,Space filling (16),382,16
Random Normal,Random Normal,0.11105736999646762,Space filling (16),382,16
X1,X1,0.1683708419122313,Space filling (16),383,16
X2,X2,0.5304408965944352,Space filling (16),383,16
X3 (non-informative),X3,0.18540875788191086,Space filling (16),383,16
Random Normal,Random Normal,0.11577950361142274,Space filling (16),383,16
X1,X1,0.11652792640723515,Space filling (16),384,16
X2,X2,0.5602446212167262,Space filling (16),384,16
X3 (non-informative),X3,0.07123700785550639,Space filling (16),384,16
Random Normal,Random Normal,0.25199044452053215,Space filling (16),384,16
X1,X1,0.17601019482030278,Space filling (16),385,16
X2,X2,0.5434532693126031,Space filling (16),385,16
X3 (non-informative),X3,0.1011281922943971,Space filling (16),385,16
Random Normal,Random Normal,0.17940834357269703,Space filling (16),385,16
X1,X1,0.17100288294201532,Space filling (16),386,16
X2,X2,0.5011572700237948,Space filling (16),386,16
X3 (non-informative),X3,0.1641925820945099,Space filling (16),386,16
Random Normal,Random Normal,0.16364726493967993,Space filling (16),386,16
X1,X1,0.13448860539441743,Space filling (16),387,16
X2,X2,0.5788423697138011,Space filling (16),387,16
X3 (non-informative),X3,0.1106555610152111,Space filling (16),387,16
Random Normal,Random Normal,0.1760134638765704,Space filling (16),387,16
X1,X1,0.18814900172963675,Space filling (16),388,16
X2,X2,0.5003997838774806,Space filling (16),388,16
X3 (non-informative),X3,0.16875980533174312,Space filling (16),388,16
Random Normal,Random Normal,0.14269140906113947,Space filling (16),388,16
X1,X1,0.13700524618196394,Space filling (16),389,16
X2,X2,0.6430148856635076,Space filling (16),389,16
X3 (non-informative),X3,0.13844402004150871,Space filling (16),389,16
Random Normal,Random Normal,0.08153584811301974,Space filling (16),389,16
X1,X1,0.15875155177413408,Space filling (16),390,16
X2,X2,0.4814871670936843,Space filling (16),390,16
X3 (non-informative),X3,0.15282352393471788,Space filling (16),390,16
Random Normal,Random Normal,0.20693775719746377,Space filling (16),390,16
X1,X1,0.21268134028280758,Space filling (16),391,16
X2,X2,0.5270548635007412,Space filling (16),391,16
X3 (non-informative),X3,0.08224275494254346,Space filling (16),391,16
Random Normal,Random Normal,0.17802104127390783,Space filling (16),391,16
X1,X1,0.15627775047486425,Space filling (16),392,16
X2,X2,0.5436496644402203,Space filling (16),392,16
X3 (non-informative),X3,0.14687869478147467,Space filling (16),392,16
Random Normal,Random Normal,0.15319389030344077,Space filling (16),392,16
X1,X1,0.1904349095740952,Space filling (16),393,16
X2,X2,0.5901597684428385,Space filling (16),393,16
X3 (non-informative),X3,0.13014833810706994,Space filling (16),393,16
Random Normal,Random Normal,0.08925698387599634,Space filling (16),393,16
X1,X1,0.1364247102788045,Space filling (16),394,16
X2,X2,0.5795447426049073,Space filling (16),394,16
X3 (non-informative),X3,0.15951528229125497,Space filling (16),394,16
Random Normal,Random Normal,0.12451526482503326,Space filling (16),394,16
X1,X1,0.1539731450065009,Space filling (16),395,16
X2,X2,0.6585124854688659,Space filling (16),395,16
X3 (non-informative),X3,0.07727120573797201,Space filling (16),395,16
Random Normal,Random Normal,0.11024316378666117,Space filling (16),395,16
X1,X1,0.1211170206263253,Space filling (16),396,16
X2,X2,0.6378219084880438,Space filling (16),396,16
X3 (non-informative),X3,0.08922774817908223,Space filling (16),396,16
Random Normal,Random Normal,0.15183332270654867,Space filling (16),396,16
X1,X1,0.12688439397118306,Space filling (16),397,16
X2,X2,0.5563823531473328,Space filling (16),397,16
X3 (non-informative),X3,0.14994675567512047,Space filling (16),397,16
Random Normal,Random Normal,0.16678649720636365,Space filling (16),397,16
X1,X1,0.15836122246518486,Space filling (16),398,16
X2,X2,0.5221714981576124,Space filling (16),398,16
X3 (non-informative),X3,0.12969811119657323,Space filling (16),398,16
Random Normal,Random Normal,0.1897691681806295,Space filling (16),398,16
X1,X1,0.15231802383402526,Space filling (16),399,16
X2,X2,0.529143760723024,Space filling (16),399,16
X3 (non-informative),X3,0.19634318423526576,Space filling (16),399,16
Random Normal,Random Normal,0.1221950312076849,Space filling (16),399,16
X1,X1,0.15890994036294107,Space filling (16),400,16
X2,X2,0.5113169316947224,Space filling (16),400,16
X3 (non-informative),X3,0.13420050413813409,Space filling (16),400,16
Random Normal,Random Normal,0.19557262380420246,Space filling (16),400,16
X1,X1,0.1596274880144509,Space filling (16),401,16
X2,X2,0.6202227728347851,Space filling (16),401,16
X3 (non-informative),X3,0.15132888554527113,Space filling (16),401,16
Random Normal,Random Normal,0.06882085360549282,Space filling (16),401,16
X1,X1,0.15953758654986974,Space filling (16),402,16
X2,X2,0.5381122046114856,Space filling (16),402,16
X3 (non-informative),X3,0.18921054999344902,Space filling (16),402,16
Random Normal,Random Normal,0.11313965884519564,Space filling (16),402,16
X1,X1,0.14757109858574302,Space filling (16),403,16
X2,X2,0.4356023216588901,Space filling (16),403,16
X3 (non-informative),X3,0.21737753135020818,Space filling (16),403,16
Random Normal,Random Normal,0.19944904840515867,Space filling (16),403,16
X1,X1,0.16562425540675726,Space filling (16),404,16
X2,X2,0.5761455890414803,Space filling (16),404,16
X3 (non-informative),X3,0.17926430901002396,Space filling (16),404,16
Random Normal,Random Normal,0.07896584654173845,Space filling (16),404,16
X1,X1,0.1524567795607759,Space filling (16),405,16
X2,X2,0.6274499629178218,Space filling (16),405,16
X3 (non-informative),X3,0.06745296808673529,Space filling (16),405,16
Random Normal,Random Normal,0.15264028943466695,Space filling (16),405,16
X1,X1,0.15758161947320315,Space filling (16),406,16
X2,X2,0.534639198164336,Space filling (16),406,16
X3 (non-informative),X3,0.1554455526883416,Space filling (16),406,16
Random Normal,Random Normal,0.1523336296741192,Space filling (16),406,16
X1,X1,0.1393564122917512,Space filling (16),407,16
X2,X2,0.5391646052223295,Space filling (16),407,16
X3 (non-informative),X3,0.13765267024684785,Space filling (16),407,16
Random Normal,Random Normal,0.1838263122390715,Space filling (16),407,16
X1,X1,0.14367039336355802,Space filling (16),408,16
X2,X2,0.5398969477757436,Space filling (16),408,16
X3 (non-informative),X3,0.1396157748686249,Space filling (16),408,16
Random Normal,Random Normal,0.17681688399207343,Space filling (16),408,16
X1,X1,0.19704245075666924,Space filling (16),409,16
X2,X2,0.4949491391582029,Space filling (16),409,16
X3 (non-informative),X3,0.12549930474540774,Space filling (16),409,16
Random Normal,Random Normal,0.18250910533972015,Space filling (16),409,16
X1,X1,0.135204573865117,Space filling (16),410,16
X2,X2,0.5241539018336511,Space filling (16),410,16
X3 (non-informative),X3,0.07715760662574116,Space filling (16),410,16
Random Normal,Random Normal,0.2634839176754908,Space filling (16),410,16
X1,X1,0.1814456603996373,Space filling (16),411,16
X2,X2,0.5849650843771146,Space filling (16),411,16
X3 (non-informative),X3,0.11940612512857292,Space filling (16),411,16
Random Normal,Random Normal,0.1141831300946752,Space filling (16),411,16
X1,X1,0.16794723398870495,Space filling (16),412,16
X2,X2,0.5355112674885145,Space filling (16),412,16
X3 (non-informative),X3,0.18111358543852335,Space filling (16),412,16
Random Normal,Random Normal,0.11542791308425714,Space filling (16),412,16
X1,X1,0.1608360067726311,Space filling (16),413,16
X2,X2,0.5214375182040428,Space filling (16),413,16
X3 (non-informative),X3,0.15470084779032203,Space filling (16),413,16
Random Normal,Random Normal,0.1630256272330041,Space filling (16),413,16
X1,X1,0.2004050527691683,Space filling (16),414,16
X2,X2,0.4535946887896481,Space filling (16),414,16
X3 (non-informative),X3,0.17035673111826533,Space filling (16),414,16
Random Normal,Random Normal,0.1756435273229183,Space filling (16),414,16
X1,X1,0.19030015659703847,Space filling (16),415,16
X2,X2,0.496971428180581,Space filling (16),415,16
X3 (non-informative),X3,0.16131460536798584,Space filling (16),415,16
Random Normal,Random Normal,0.1514138098543947,Space filling (16),415,16
X1,X1,0.15442180458490606,Space filling (16),416,16
X2,X2,0.6035845135853175,Space filling (16),416,16
X3 (non-informative),X3,0.1436670531241287,Space filling (16),416,16
Random Normal,Random Normal,0.09832662870564773,Space filling (16),416,16
X1,X1,0.1701294183877286,Space filling (16),417,16
X2,X2,0.5689783615160414,Space filling (16),417,16
X3 (non-informative),X3,0.10769193081224578,Space filling (16),417,16
Random Normal,Random Normal,0.15320028928398424,Space filling (16),417,16
X1,X1,0.19638113408624466,Space filling (16),418,16
X2,X2,0.493343003192166,Space filling (16),418,16
X3 (non-informative),X3,0.14901357183809277,Space filling (16),418,16
Random Normal,Random Normal,0.16126229088349656,Space filling (16),418,16
X1,X1,0.15985967915752267,Space filling (16),419,16
X2,X2,0.6615675537163063,Space filling (16),419,16
X3 (non-informative),X3,0.10967773970980736,Space filling (16),419,16
Random Normal,Random Normal,0.06889502741636373,Space filling (16),419,16
X1,X1,0.14430374772260093,Space filling (16),420,16
X2,X2,0.4921893409690388,Space filling (16),420,16
X3 (non-informative),X3,0.13334075847411403,Space filling (16),420,16
Random Normal,Random Normal,0.23016615283424624,Space filling (16),420,16
X1,X1,0.15262138745472634,Space filling (16),421,16
X2,X2,0.48029895395584826,Space filling (16),421,16
X3 (non-informative),X3,0.16294354891087384,Space filling (16),421,16
Random Normal,Random Normal,0.20413610967855153,Space filling (16),421,16
X1,X1,0.1603312919398366,Space filling (16),422,16
X2,X2,0.5906784755629243,Space filling (16),422,16
X3 (non-informative),X3,0.13913030555358927,Space filling (16),422,16
Random Normal,Random Normal,0.1098599269436498,Space filling (16),422,16
X1,X1,0.16214240703022922,Space filling (16),423,16
X2,X2,0.5903861578868402,Space filling (16),423,16
X3 (non-informative),X3,0.15013835235871076,Space filling (16),423,16
Random Normal,Random Normal,0.09733308272421982,Space filling (16),423,16
X1,X1,0.10417293412787036,Space filling (16),424,16
X2,X2,0.40682084777694094,Space filling (16),424,16
X3 (non-informative),X3,0.14748252574873136,Space filling (16),424,16
Random Normal,Random Normal,0.34152369234645735,Space filling (16),424,16
X1,X1,0.07656309686021023,Space filling (16),425,16
X2,X2,0.7526154676198232,Space filling (16),425,16
X3 (non-informative),X3,0.06328937670446744,Space filling (16),425,16
Random Normal,Random Normal,0.10753205881549906,Space filling (16),425,16
X1,X1,0.1881098121248426,Space filling (16),426,16
X2,X2,0.5796599028186105,Space filling (16),426,16
X3 (non-informative),X3,0.12546310002926458,Space filling (16),426,16
Random Normal,Random Normal,0.10676718502728233,Space filling (16),426,16
X1,X1,0.1489743730391122,Space filling (16),427,16
X2,X2,0.5071934233918874,Space filling (16),427,16
X3 (non-informative),X3,0.12614044272508868,Space filling (16),427,16
Random Normal,Random Normal,0.21769176084391173,Space filling (16),427,16
X1,X1,0.12143742527923078,Space filling (16),428,16
X2,X2,0.6723403018919915,Space filling (16),428,16
X3 (non-informative),X3,0.13695484809166428,Space filling (16),428,16
Random Normal,Random Normal,0.06926742473711345,Space filling (16),428,16
X1,X1,0.1522759609541065,Space filling (16),429,16
X2,X2,0.5270262971939556,Space filling (16),429,16
X3 (non-informative),X3,0.15558866175380637,Space filling (16),429,16
Random Normal,Random Normal,0.16510908009813155,Space filling (16),429,16
X1,X1,0.11152971997464968,Space filling (16),430,16
X2,X2,0.480832643172644,Space filling (16),430,16
X3 (non-informative),X3,0.13989288559693505,Space filling (16),430,16
Random Normal,Random Normal,0.26774475125577124,Space filling (16),430,16
X1,X1,0.2102618870645311,Space filling (16),431,16
X2,X2,0.586640865534171,Space filling (16),431,16
X3 (non-informative),X3,0.1318998258795064,Space filling (16),431,16
Random Normal,Random Normal,0.07119742152179138,Space filling (16),431,16
X1,X1,0.19378052593365466,Space filling (16),432,16
X2,X2,0.534875594201353,Space filling (16),432,16
X3 (non-informative),X3,0.156092800804648,Space filling (16),432,16
Random Normal,Random Normal,0.11525107906034437,Space filling (16),432,16
X1,X1,0.15529867118804694,Space filling (16),433,16
X2,X2,0.5715080125404911,Space filling (16),433,16
X3 (non-informative),X3,0.14976313548834216,Space filling (16),433,16
Random Normal,Random Normal,0.12343018078311983,Space filling (16),433,16
X1,X1,0.11937906189530754,Space filling (16),434,16
X2,X2,0.4923185169534405,Space filling (16),434,16
X3 (non-informative),X3,0.11174381464940965,Space filling (16),434,16
Random Normal,Random Normal,0.27655860650184233,Space filling (16),434,16
X1,X1,0.182641017862797,Space filling (16),435,16
X2,X2,0.5336906910396948,Space filling (16),435,16
X3 (non-informative),X3,0.19165097708920695,Space filling (16),435,16
Random Normal,Random Normal,0.09201731400830127,Space filling (16),435,16
X1,X1,0.11082193898583483,Space filling (16),436,16
X2,X2,0.3874302035336498,Space filling (16),436,16
X3 (non-informative),X3,0.09201438142292488,Space filling (16),436,16
Random Normal,Random Normal,0.40973347605759053,Space filling (16),436,16
X1,X1,0.15604689650706763,Space filling (16),437,16
X2,X2,0.5553821452545948,Space filling (16),437,16
X3 (non-informative),X3,0.15149366420843047,Space filling (16),437,16
Random Normal,Random Normal,0.13707729402990707,Space filling (16),437,16
X1,X1,0.11039057545253067,Space filling (16),438,16
X2,X2,0.4292747836088441,Space filling (16),438,16
X3 (non-informative),X3,0.1033343611435316,Space filling (16),438,16
Random Normal,Random Normal,0.3570002797950937,Space filling (16),438,16
X1,X1,0.1603803431893604,Space filling (16),439,16
X2,X2,0.6073823684623564,Space filling (16),439,16
X3 (non-informative),X3,0.13253244243025677,Space filling (16),439,16
Random Normal,Random Normal,0.09970484591802642,Space filling (16),439,16
X1,X1,0.1972757209990874,Space filling (16),440,16
X2,X2,0.5257685091674531,Space filling (16),440,16
X3 (non-informative),X3,0.18776905558032078,Space filling (16),440,16
Random Normal,Random Normal,0.08918671425313865,Space filling (16),440,16
X1,X1,0.21468645464611513,Space filling (16),441,16
X2,X2,0.5224393176237685,Space filling (16),441,16
X3 (non-informative),X3,0.09334860836405935,Space filling (16),441,16
Random Normal,Random Normal,0.16952561936605698,Space filling (16),441,16
X1,X1,0.19864910347283918,Space filling (16),442,16
X2,X2,0.5749098754756412,Space filling (16),442,16
X3 (non-informative),X3,0.1279903679300474,Space filling (16),442,16
Random Normal,Random Normal,0.09845065312147222,Space filling (16),442,16
X1,X1,0.11105446692147637,Space filling (16),443,16
X2,X2,0.5100745052223579,Space filling (16),443,16
X3 (non-informative),X3,0.12429754980848252,Space filling (16),443,16
Random Normal,Random Normal,0.2545734780476832,Space filling (16),443,16
X1,X1,0.13899242037344633,Space filling (16),444,16
X2,X2,0.5904775357073063,Space filling (16),444,16
X3 (non-informative),X3,0.14100044118360666,Space filling (16),444,16
Random Normal,Random Normal,0.1295296027356407,Space filling (16),444,16
X1,X1,0.11601906420157207,Space filling (16),445,16
X2,X2,0.5166862301684118,Space filling (16),445,16
X3 (non-informative),X3,0.10359172381018357,Space filling (16),445,16
Random Normal,Random Normal,0.2637029818198326,Space filling (16),445,16
X1,X1,0.1693130646845089,Space filling (16),446,16
X2,X2,0.5734629438032449,Space filling (16),446,16
X3 (non-informative),X3,0.1262265858498546,Space filling (16),446,16
Random Normal,Random Normal,0.1309974056623916,Space filling (16),446,16
X1,X1,0.18231854592751345,Space filling (16),447,16
X2,X2,0.5288018663713696,Space filling (16),447,16
X3 (non-informative),X3,0.10378178378533372,Space filling (16),447,16
Random Normal,Random Normal,0.18509780391578318,Space filling (16),447,16
X1,X1,0.14587982984295458,Space filling (16),448,16
X2,X2,0.5312669801544514,Space filling (16),448,16
X3 (non-informative),X3,0.10250401391465178,Space filling (16),448,16
Random Normal,Random Normal,0.22034917608794222,Space filling (16),448,16
X1,X1,0.1486094488564983,Space filling (16),449,16
X2,X2,0.5745252329584787,Space filling (16),449,16
X3 (non-informative),X3,0.13221329793355754,Space filling (16),449,16
Random Normal,Random Normal,0.14465202025146548,Space filling (16),449,16
X1,X1,0.1808594261094641,Space filling (16),450,16
X2,X2,0.6077649903536123,Space filling (16),450,16
X3 (non-informative),X3,0.10556749664665721,Space filling (16),450,16
Random Normal,Random Normal,0.10580808689026641,Space filling (16),450,16
X1,X1,0.1792456347881849,Space filling (16),451,16
X2,X2,0.48017794762029736,Space filling (16),451,16
X3 (non-informative),X3,0.14269540301977468,Space filling (16),451,16
Random Normal,Random Normal,0.19788101457174306,Space filling (16),451,16
X1,X1,0.126781384193133,Space filling (16),452,16
X2,X2,0.4808976940956811,Space filling (16),452,16
X3 (non-informative),X3,0.13369095651820043,Space filling (16),452,16
Random Normal,Random Normal,0.2586299651929855,Space filling (16),452,16
X1,X1,0.14169043572936327,Space filling (16),453,16
X2,X2,0.4821199698470894,Space filling (16),453,16
X3 (non-informative),X3,0.1429109644371136,Space filling (16),453,16
Random Normal,Random Normal,0.23327862998643373,Space filling (16),453,16
X1,X1,0.18778822245238908,Space filling (16),454,16
X2,X2,0.5607388952343924,Space filling (16),454,16
X3 (non-informative),X3,0.1659634870921832,Space filling (16),454,16
Random Normal,Random Normal,0.08550939522103541,Space filling (16),454,16
X1,X1,0.12650600254743963,Space filling (16),455,16
X2,X2,0.5901538525277897,Space filling (16),455,16
X3 (non-informative),X3,0.1201967694886991,Space filling (16),455,16
Random Normal,Random Normal,0.16314337543607155,Space filling (16),455,16
X1,X1,0.14866142168864427,Space filling (16),456,16
X2,X2,0.5212726234240213,Space filling (16),456,16
X3 (non-informative),X3,0.12417345354041252,Space filling (16),456,16
Random Normal,Random Normal,0.20589250134692197,Space filling (16),456,16
X1,X1,0.1832810979164186,Space filling (16),457,16
X2,X2,0.5408007459402453,Space filling (16),457,16
X3 (non-informative),X3,0.11906904558390502,Space filling (16),457,16
Random Normal,Random Normal,0.15684911055943102,Space filling (16),457,16
X1,X1,0.11377843532076215,Space filling (16),458,16
X2,X2,0.544669056903667,Space filling (16),458,16
X3 (non-informative),X3,0.0919831335742032,Space filling (16),458,16
Random Normal,Random Normal,0.2495693742013677,Space filling (16),458,16
X1,X1,0.1294125728706275,Space filling (16),459,16
X2,X2,0.4848733309971093,Space filling (16),459,16
X3 (non-informative),X3,0.13519192879417002,Space filling (16),459,16
Random Normal,Random Normal,0.25052216733809324,Space filling (16),459,16
X1,X1,0.12901770976397214,Space filling (16),460,16
X2,X2,0.4783319729016346,Space filling (16),460,16
X3 (non-informative),X3,0.11951012920546196,Space filling (16),460,16
Random Normal,Random Normal,0.2731401881289313,Space filling (16),460,16
X1,X1,0.17584455501950327,Space filling (16),461,16
X2,X2,0.4811136810613036,Space filling (16),461,16
X3 (non-informative),X3,0.10463314253679866,Space filling (16),461,16
Random Normal,Random Normal,0.23840862138239446,Space filling (16),461,16
X1,X1,0.1634560515568577,Space filling (16),462,16
X2,X2,0.5349008425192752,Space filling (16),462,16
X3 (non-informative),X3,0.14995562317706165,Space filling (16),462,16
Random Normal,Random Normal,0.15168748274680552,Space filling (16),462,16
X1,X1,0.17031865409004607,Space filling (16),463,16
X2,X2,0.549496102910582,Space filling (16),463,16
X3 (non-informative),X3,0.1347412884164437,Space filling (16),463,16
Random Normal,Random Normal,0.14544395458292816,Space filling (16),463,16
X1,X1,0.1416832020068239,Space filling (16),464,16
X2,X2,0.5135728411795064,Space filling (16),464,16
X3 (non-informative),X3,0.12904203035517267,Space filling (16),464,16
Random Normal,Random Normal,0.21570192645849706,Space filling (16),464,16
X1,X1,0.16988947502938956,Space filling (16),465,16
X2,X2,0.503503516942175,Space filling (16),465,16
X3 (non-informative),X3,0.07731400122095142,Space filling (16),465,16
Random Normal,Random Normal,0.24929300680748404,Space filling (16),465,16
X1,X1,0.1619290385031034,Space filling (16),466,16
X2,X2,0.5696963131229701,Space filling (16),466,16
X3 (non-informative),X3,0.13079561313650012,Space filling (16),466,16
Random Normal,Random Normal,0.1375790352374264,Space filling (16),466,16
X1,X1,0.17977171328280642,Space filling (16),467,16
X2,X2,0.5911051391115988,Space filling (16),467,16
X3 (non-informative),X3,0.12516416759333956,Space filling (16),467,16
Random Normal,Random Normal,0.10395898001225524,Space filling (16),467,16
X1,X1,0.1780802293049311,Space filling (16),468,16
X2,X2,0.6027565596124799,Space filling (16),468,16
X3 (non-informative),X3,0.11484895637313111,Space filling (16),468,16
Random Normal,Random Normal,0.10431425470945797,Space filling (16),468,16
X1,X1,0.1483279104828747,Space filling (16),469,16
X2,X2,0.680887324448484,Space filling (16),469,16
X3 (non-informative),X3,0.1297994012853749,Space filling (16),469,16
Random Normal,Random Normal,0.04098536378326646,Space filling (16),469,16
X1,X1,0.1822610739862638,Space filling (16),470,16
X2,X2,0.6048995984318559,Space filling (16),470,16
X3 (non-informative),X3,0.1181873595225352,Space filling (16),470,16
Random Normal,Random Normal,0.09465196805934509,Space filling (16),470,16
X1,X1,0.19596329256781111,Space filling (16),471,16
X2,X2,0.5750630164819837,Space filling (16),471,16
X3 (non-informative),X3,0.13733812580758753,Space filling (16),471,16
Random Normal,Random Normal,0.09163556514261774,Space filling (16),471,16
X1,X1,0.1889333983409568,Space filling (16),472,16
X2,X2,0.5379814228475703,Space filling (16),472,16
X3 (non-informative),X3,0.1223906806839967,Space filling (16),472,16
Random Normal,Random Normal,0.15069449812747623,Space filling (16),472,16
X1,X1,0.13412483746374004,Space filling (16),473,16
X2,X2,0.5659806685310639,Space filling (16),473,16
X3 (non-informative),X3,0.15250879423411812,Space filling (16),473,16
Random Normal,Random Normal,0.14738569977107796,Space filling (16),473,16
X1,X1,0.22365297425533173,Space filling (16),474,16
X2,X2,0.4470465672319194,Space filling (16),474,16
X3 (non-informative),X3,0.1555225782637169,Space filling (16),474,16
Random Normal,Random Normal,0.17377788024903199,Space filling (16),474,16
X1,X1,0.1616881619691221,Space filling (16),475,16
X2,X2,0.5953043108427625,Space filling (16),475,16
X3 (non-informative),X3,0.14831934947367534,Space filling (16),475,16
Random Normal,Random Normal,0.09468817771444006,Space filling (16),475,16
X1,X1,0.2257301605112013,Space filling (16),476,16
X2,X2,0.5266956273409216,Space filling (16),476,16
X3 (non-informative),X3,0.13695752220690238,Space filling (16),476,16
Random Normal,Random Normal,0.11061668994097473,Space filling (16),476,16
X1,X1,0.15151073991923966,Space filling (16),477,16
X2,X2,0.4968226356029682,Space filling (16),477,16
X3 (non-informative),X3,0.15575842528728762,Space filling (16),477,16
Random Normal,Random Normal,0.1959081991905046,Space filling (16),477,16
X1,X1,0.1456214353082454,Space filling (16),478,16
X2,X2,0.4952925584452235,Space filling (16),478,16
X3 (non-informative),X3,0.09699087361422952,Space filling (16),478,16
Random Normal,Random Normal,0.26209513263230155,Space filling (16),478,16
X1,X1,0.1483927654027689,Space filling (16),479,16
X2,X2,0.41806023600980696,Space filling (16),479,16
X3 (non-informative),X3,0.10718641539710298,Space filling (16),479,16
Random Normal,Random Normal,0.32636058319032113,Space filling (16),479,16
X1,X1,0.20029653528331687,Space filling (16),480,16
X2,X2,0.5299823455736132,Space filling (16),480,16
X3 (non-informative),X3,0.18189025073201825,Space filling (16),480,16
Random Normal,Random Normal,0.08783086841105166,Space filling (16),480,16
X1,X1,0.10642706995158659,Space filling (16),481,16
X2,X2,0.5319022694019035,Space filling (16),481,16
X3 (non-informative),X3,0.11507638003308059,Space filling (16),481,16
Random Normal,Random Normal,0.24659428061342928,Space filling (16),481,16
X1,X1,0.14398781343573744,Space filling (16),482,16
X2,X2,0.5581226821266261,Space filling (16),482,16
X3 (non-informative),X3,0.12258471479629741,Space filling (16),482,16
Random Normal,Random Normal,0.17530478964133908,Space filling (16),482,16
X1,X1,0.18544459326613336,Space filling (16),483,16
X2,X2,0.5187730055785182,Space filling (16),483,16
X3 (non-informative),X3,0.17262602343047587,Space filling (16),483,16
Random Normal,Random Normal,0.12315637772487256,Space filling (16),483,16
X1,X1,0.13003717307488294,Space filling (16),484,16
X2,X2,0.5200451334258082,Space filling (16),484,16
X3 (non-informative),X3,0.11633787199199454,Space filling (16),484,16
Random Normal,Random Normal,0.23357982150731435,Space filling (16),484,16
X1,X1,0.16776306891733173,Space filling (16),485,16
X2,X2,0.5538253627536388,Space filling (16),485,16
X3 (non-informative),X3,0.12152809532010221,Space filling (16),485,16
Random Normal,Random Normal,0.15688347300892727,Space filling (16),485,16
X1,X1,0.17728493267798975,Space filling (16),486,16
X2,X2,0.5185671550666241,Space filling (16),486,16
X3 (non-informative),X3,0.15384055021261203,Space filling (16),486,16
Random Normal,Random Normal,0.15030736204277412,Space filling (16),486,16
X1,X1,0.17378597440028734,Space filling (16),487,16
X2,X2,0.5458258937097328,Space filling (16),487,16
X3 (non-informative),X3,0.1479172216455019,Space filling (16),487,16
Random Normal,Random Normal,0.13247091024447802,Space filling (16),487,16
X1,X1,0.16013705233377126,Space filling (16),488,16
X2,X2,0.5587725959956658,Space filling (16),488,16
X3 (non-informative),X3,0.17523424023396741,Space filling (16),488,16
Random Normal,Random Normal,0.10585611143659557,Space filling (16),488,16
X1,X1,0.15022349349091893,Space filling (16),489,16
X2,X2,0.5687751709693744,Space filling (16),489,16
X3 (non-informative),X3,0.11795104500926905,Space filling (16),489,16
Random Normal,Random Normal,0.16305029053043762,Space filling (16),489,16
X1,X1,0.1279866118669827,Space filling (16),490,16
X2,X2,0.6586433840797711,Space filling (16),490,16
X3 (non-informative),X3,0.0912676161284749,Space filling (16),490,16
Random Normal,Random Normal,0.12210238792477132,Space filling (16),490,16
X1,X1,0.13951395299637057,Space filling (16),491,16
X2,X2,0.5029463459316289,Space filling (16),491,16
X3 (non-informative),X3,0.17246929748314632,Space filling (16),491,16
Random Normal,Random Normal,0.1850704035888542,Space filling (16),491,16
X1,X1,0.17257711316892815,Space filling (16),492,16
X2,X2,0.5992061726300323,Space filling (16),492,16
X3 (non-informative),X3,0.1381767780127123,Space filling (16),492,16
Random Normal,Random Normal,0.0900399361883273,Space filling (16),492,16
X1,X1,0.14499503294770058,Space filling (16),493,16
X2,X2,0.5162296304493187,Space filling (16),493,16
X3 (non-informative),X3,0.11294448207123155,Space filling (16),493,16
Random Normal,Random Normal,0.22583085453174914,Space filling (16),493,16
X1,X1,0.1770329061801417,Space filling (16),494,16
X2,X2,0.5363411542421255,Space filling (16),494,16
X3 (non-informative),X3,0.16776111517086553,Space filling (16),494,16
Random Normal,Random Normal,0.11886482440686726,Space filling (16),494,16
X1,X1,0.11968064100770548,Space filling (16),495,16
X2,X2,0.6170689807880148,Space filling (16),495,16
X3 (non-informative),X3,0.11153918968614283,Space filling (16),495,16
Random Normal,Random Normal,0.1517111885181369,Space filling (16),495,16
X1,X1,0.15159761676392614,Space filling (16),496,16
X2,X2,0.5780292300969534,Space filling (16),496,16
X3 (non-informative),X3,0.1573850011666763,Space filling (16),496,16
Random Normal,Random Normal,0.11298815197244422,Space filling (16),496,16
X1,X1,0.17945687571488322,Space filling (16),497,16
X2,X2,0.4328911959856909,Space filling (16),497,16
X3 (non-informative),X3,0.11793303686712525,Space filling (16),497,16
Random Normal,Random Normal,0.2697188914323006,Space filling (16),497,16
X1,X1,0.1351341972897586,Space filling (16),498,16
X2,X2,0.5602739951842098,Space filling (16),498,16
X3 (non-informative),X3,0.14526733558223173,Space filling (16),498,16
Random Normal,Random Normal,0.15932447194379987,Space filling (16),498,16
X1,X1,0.13811322234048093,Space filling (16),499,16
X2,X2,0.5607564047351817,Space filling (16),499,16
X3 (non-informative),X3,0.09031727944541464,Space filling (16),499,16
Random Normal,Random Normal,0.21081309347892271,Space filling (16),499,16
X1,X1,0.17662361454048245,Space filling (16),500,16
X2,X2,0.5293941038216666,Space filling (16),500,16
X3 (non-informative),X3,0.13205114736575513,Space filling (16),500,16
Random Normal,Random Normal,0.16193113427209574,Space filling (16),500,16
X1,X1,0.15539175735876348,Space filling (16),501,16
X2,X2,0.5070704702131738,Space filling (16),501,16
X3 (non-informative),X3,0.08966207169692683,Space filling (16),501,16
Random Normal,Random Normal,0.24787570073113596,Space filling (16),501,16
X1,X1,0.12114445798776881,Space filling (16),502,16
X2,X2,0.5255363193408982,Space filling (16),502,16
X3 (non-informative),X3,0.1541054594753398,Space filling (16),502,16
Random Normal,Random Normal,0.19921376319599324,Space filling (16),502,16
X1,X1,0.07595631025022899,Space filling (16),503,16
X2,X2,0.7037949501910556,Space filling (16),503,16
X3 (non-informative),X3,0.07684913873839945,Space filling (16),503,16
Random Normal,Random Normal,0.14339960082031594,Space filling (16),503,16
X1,X1,0.15293868242596617,Space filling (16),504,16
X2,X2,0.5695631355425462,Space filling (16),504,16
X3 (non-informative),X3,0.10895056602633953,Space filling (16),504,16
Random Normal,Random Normal,0.16854761600514812,Space filling (16),504,16
X1,X1,0.21263798277260265,Space filling (16),505,16
X2,X2,0.5801197777821087,Space filling (16),505,16
X3 (non-informative),X3,0.14311825977766546,Space filling (16),505,16
Random Normal,Random Normal,0.06412397966762325,Space filling (16),505,16
X1,X1,0.20580359015719904,Space filling (16),506,16
X2,X2,0.5493260517182351,Space filling (16),506,16
X3 (non-informative),X3,0.10533231843636634,Space filling (16),506,16
Random Normal,Random Normal,0.13953803968819956,Space filling (16),506,16
X1,X1,0.2437149328501366,Space filling (16),507,16
X2,X2,0.5044635150953086,Space filling (16),507,16
X3 (non-informative),X3,0.13518893163380413,Space filling (16),507,16
Random Normal,Random Normal,0.11663262042075064,Space filling (16),507,16
X1,X1,0.17742382737575713,Space filling (16),508,16
X2,X2,0.552454926370934,Space filling (16),508,16
X3 (non-informative),X3,0.13218717599614813,Space filling (16),508,16
Random Normal,Random Normal,0.13793407025716078,Space filling (16),508,16
X1,X1,0.20232645139603966,Space filling (16),509,16
X2,X2,0.6046197978995055,Space filling (16),509,16
X3 (non-informative),X3,0.12530175855952255,Space filling (16),509,16
Random Normal,Random Normal,0.06775199214493229,Space filling (16),509,16
X1,X1,0.14509301192454066,Space filling (16),510,16
X2,X2,0.5532673863309984,Space filling (16),510,16
X3 (non-informative),X3,0.1391233052910802,Space filling (16),510,16
Random Normal,Random Normal,0.16251629645338075,Space filling (16),510,16
X1,X1,0.10781122839798941,Space filling (16),511,16
X2,X2,0.5687274451023255,Space filling (16),511,16
X3 (non-informative),X3,0.08243350525605023,Space filling (16),511,16
Random Normal,Random Normal,0.24102782124363484,Space filling (16),511,16
X1,X1,0.16587237996486737,Space filling (16),512,16
X2,X2,0.5300382665211344,Space filling (16),512,16
X3 (non-informative),X3,0.1562561710816245,Space filling (16),512,16
Random Normal,Random Normal,0.14783318243237367,Space filling (16),512,16
X1,X1,0.1768029316257463,Space filling (16),513,16
X2,X2,0.5161681212733829,Space filling (16),513,16
X3 (non-informative),X3,0.15878150898165558,Space filling (16),513,16
Random Normal,Random Normal,0.14824743811921526,Space filling (16),513,16
X1,X1,0.16456393838242098,Space filling (16),514,16
X2,X2,0.5937597651075905,Space filling (16),514,16
X3 (non-informative),X3,0.13965477384490724,Space filling (16),514,16
Random Normal,Random Normal,0.10202152266508119,Space filling (16),514,16
X1,X1,0.1534478038808105,Space filling (16),515,16
X2,X2,0.6002446028063416,Space filling (16),515,16
X3 (non-informative),X3,0.1353463072858041,Space filling (16),515,16
Random Normal,Random Normal,0.11096128602704382,Space filling (16),515,16
X1,X1,0.16560861918719674,Space filling (16),516,16
X2,X2,0.6036149030453346,Space filling (16),516,16
X3 (non-informative),X3,0.13319700098876597,Space filling (16),516,16
Random Normal,Random Normal,0.09757947677870268,Space filling (16),516,16
X1,X1,0.1811217864663126,Space filling (16),517,16
X2,X2,0.5235009617692151,Space filling (16),517,16
X3 (non-informative),X3,0.16606279645298905,Space filling (16),517,16
Random Normal,Random Normal,0.12931445531148322,Space filling (16),517,16
X1,X1,0.18617119096770096,Space filling (16),518,16
X2,X2,0.5792685828508007,Space filling (16),518,16
X3 (non-informative),X3,0.13306147824359046,Space filling (16),518,16
Random Normal,Random Normal,0.10149874793790781,Space filling (16),518,16
X1,X1,0.21257060963814092,Space filling (16),519,16
X2,X2,0.511709478402036,Space filling (16),519,16
X3 (non-informative),X3,0.17301470368312066,Space filling (16),519,16
Random Normal,Random Normal,0.1027052082767024,Space filling (16),519,16
X1,X1,0.13659497292922812,Space filling (16),520,16
X2,X2,0.5498865187486438,Space filling (16),520,16
X3 (non-informative),X3,0.13405656424996515,Space filling (16),520,16
Random Normal,Random Normal,0.1794619440721629,Space filling (16),520,16
X1,X1,0.1604288558275902,Space filling (16),521,16
X2,X2,0.4872274683669732,Space filling (16),521,16
X3 (non-informative),X3,0.1526362780757515,Space filling (16),521,16
Random Normal,Random Normal,0.1997073977296851,Space filling (16),521,16
X1,X1,0.16644309609231478,Space filling (16),522,16
X2,X2,0.5814498242714073,Space filling (16),522,16
X3 (non-informative),X3,0.1420738377767624,Space filling (16),522,16
Random Normal,Random Normal,0.11003324185951543,Space filling (16),522,16
X1,X1,0.17166620969121088,Space filling (16),523,16
X2,X2,0.5709693473194365,Space filling (16),523,16
X3 (non-informative),X3,0.14118142309709342,Space filling (16),523,16
Random Normal,Random Normal,0.1161830198922592,Space filling (16),523,16
X1,X1,0.17077472383337142,Space filling (16),524,16
X2,X2,0.5333528354666918,Space filling (16),524,16
X3 (non-informative),X3,0.18182716139084837,Space filling (16),524,16
Random Normal,Random Normal,0.11404527930908843,Space filling (16),524,16
X1,X1,0.15354367356152904,Space filling (16),525,16
X2,X2,0.5355200749256864,Space filling (16),525,16
X3 (non-informative),X3,0.19406547857142864,Space filling (16),525,16
Random Normal,Random Normal,0.11687077294135582,Space filling (16),525,16
X1,X1,0.15726596223795433,Space filling (16),526,16
X2,X2,0.5025908961106845,Space filling (16),526,16
X3 (non-informative),X3,0.14159092950016933,Space filling (16),526,16
Random Normal,Random Normal,0.19855221215119181,Space filling (16),526,16
X1,X1,0.1668994220247879,Space filling (16),527,16
X2,X2,0.5550902768835208,Space filling (16),527,16
X3 (non-informative),X3,0.09680910087442285,Space filling (16),527,16
Random Normal,Random Normal,0.1812012002172685,Space filling (16),527,16
X1,X1,0.15657474216356115,Space filling (16),528,16
X2,X2,0.6021623473349783,Space filling (16),528,16
X3 (non-informative),X3,0.15147265721650344,Space filling (16),528,16
Random Normal,Random Normal,0.08979025328495706,Space filling (16),528,16
X1,X1,0.17864475747973751,Space filling (16),529,16
X2,X2,0.5716153912697424,Space filling (16),529,16
X3 (non-informative),X3,0.1105001130409986,Space filling (16),529,16
Random Normal,Random Normal,0.1392397382095215,Space filling (16),529,16
X1,X1,0.12886008902389734,Space filling (16),530,16
X2,X2,0.4925559519296063,Space filling (16),530,16
X3 (non-informative),X3,0.12612046263112392,Space filling (16),530,16
Random Normal,Random Normal,0.25246349641537247,Space filling (16),530,16
X1,X1,0.1737502842968284,Space filling (16),531,16
X2,X2,0.5578916196898549,Space filling (16),531,16
X3 (non-informative),X3,0.15085813961754574,Space filling (16),531,16
Random Normal,Random Normal,0.11749995639577102,Space filling (16),531,16
X1,X1,0.18200303776364699,Space filling (16),532,16
X2,X2,0.5404099545731113,Space filling (16),532,16
X3 (non-informative),X3,0.13200263620130073,Space filling (16),532,16
Random Normal,Random Normal,0.1455843714619411,Space filling (16),532,16
X1,X1,0.14400079280525854,Space filling (16),533,16
X2,X2,0.5473180916796492,Space filling (16),533,16
X3 (non-informative),X3,0.10272849389119547,Space filling (16),533,16
Random Normal,Random Normal,0.20595262162389677,Space filling (16),533,16
X1,X1,0.10898942443251045,Space filling (16),534,16
X2,X2,0.4104690615606216,Space filling (16),534,16
X3 (non-informative),X3,0.09140148016467309,Space filling (16),534,16
Random Normal,Random Normal,0.38914003384219487,Space filling (16),534,16
X1,X1,0.15159237838291967,Space filling (16),535,16
X2,X2,0.5556354507086432,Space filling (16),535,16
X3 (non-informative),X3,0.10163571981744178,Space filling (16),535,16
Random Normal,Random Normal,0.19113645109099542,Space filling (16),535,16
X1,X1,0.17509365893576953,Space filling (16),536,16
X2,X2,0.4725416658292724,Space filling (16),536,16
X3 (non-informative),X3,0.11812985041998049,Space filling (16),536,16
Random Normal,Random Normal,0.2342348248149776,Space filling (16),536,16
X1,X1,0.09441172713388277,Space filling (16),537,16
X2,X2,0.6642174943008533,Space filling (16),537,16
X3 (non-informative),X3,0.0664196734016173,Space filling (16),537,16
Random Normal,Random Normal,0.17495110516364662,Space filling (16),537,16
X1,X1,0.18025049331762963,Space filling (16),538,16
X2,X2,0.5951315168113647,Space filling (16),538,16
X3 (non-informative),X3,0.16085041785230247,Space filling (16),538,16
Random Normal,Random Normal,0.06376757201870327,Space filling (16),538,16
X1,X1,0.18348097081095674,Space filling (16),539,16
X2,X2,0.5653505627684385,Space filling (16),539,16
X3 (non-informative),X3,0.16268431215849688,Space filling (16),539,16
Random Normal,Random Normal,0.08848415426210787,Space filling (16),539,16
X1,X1,0.14384903257913048,Space filling (16),540,16
X2,X2,0.6722657680595653,Space filling (16),540,16
X3 (non-informative),X3,0.11275715934405006,Space filling (16),540,16
Random Normal,Random Normal,0.0711280400172542,Space filling (16),540,16
X1,X1,0.12751024340787806,Space filling (16),541,16
X2,X2,0.5300088801342998,Space filling (16),541,16
X3 (non-informative),X3,0.11655710390130501,Space filling (16),541,16
Random Normal,Random Normal,0.2259237725565172,Space filling (16),541,16
X1,X1,0.1251780941736594,Space filling (16),542,16
X2,X2,0.41339179273164445,Space filling (16),542,16
X3 (non-informative),X3,0.046047055112222283,Space filling (16),542,16
Random Normal,Random Normal,0.4153830579824739,Space filling (16),542,16
X1,X1,0.1867372637552461,Space filling (16),543,16
X2,X2,0.602824301668112,Space filling (16),543,16
X3 (non-informative),X3,0.1541186012423191,Space filling (16),543,16
Random Normal,Random Normal,0.05631983333432286,Space filling (16),543,16
X1,X1,0.1886893855943504,Space filling (16),544,16
X2,X2,0.5106910975258098,Space filling (16),544,16
X3 (non-informative),X3,0.20234445515466004,Space filling (16),544,16
Random Normal,Random Normal,0.09827506172517982,Space filling (16),544,16
X1,X1,0.2163610026013242,Space filling (16),545,16
X2,X2,0.568064521673025,Space filling (16),545,16
X3 (non-informative),X3,0.14525697794988246,Space filling (16),545,16
Random Normal,Random Normal,0.07031749777576828,Space filling (16),545,16
X1,X1,0.18795410067168705,Space filling (16),546,16
X2,X2,0.49471575439902177,Space filling (16),546,16
X3 (non-informative),X3,0.1990051887142226,Space filling (16),546,16
Random Normal,Random Normal,0.11832495621506861,Space filling (16),546,16
X1,X1,0.138915574386505,Space filling (16),547,16
X2,X2,0.5817914442515065,Space filling (16),547,16
X3 (non-informative),X3,0.1447856909515686,Space filling (16),547,16
Random Normal,Random Normal,0.13450729041041987,Space filling (16),547,16
X1,X1,0.16370377445622103,Space filling (16),548,16
X2,X2,0.52893637293871,Space filling (16),548,16
X3 (non-informative),X3,0.08553332853659053,Space filling (16),548,16
Random Normal,Random Normal,0.22182652406847847,Space filling (16),548,16
X1,X1,0.17790900776883695,Space filling (16),549,16
X2,X2,0.5724801865073066,Space filling (16),549,16
X3 (non-informative),X3,0.12651060094761382,Space filling (16),549,16
Random Normal,Random Normal,0.12310020477624266,Space filling (16),549,16
X1,X1,0.1446979542692246,Space filling (16),550,16
X2,X2,0.44829268550441354,Space filling (16),550,16
X3 (non-informative),X3,0.11677665065377241,Space filling (16),550,16
Random Normal,Random Normal,0.29023270957258945,Space filling (16),550,16
X1,X1,0.13041949784422827,Space filling (16),551,16
X2,X2,0.557584173467676,Space filling (16),551,16
X3 (non-informative),X3,0.15507445610187523,Space filling (16),551,16
Random Normal,Random Normal,0.15692187258622053,Space filling (16),551,16
X1,X1,0.13401781695996107,Space filling (16),552,16
X2,X2,0.5444744529006674,Space filling (16),552,16
X3 (non-informative),X3,0.13069749706997355,Space filling (16),552,16
Random Normal,Random Normal,0.19081023306939804,Space filling (16),552,16
X1,X1,0.17429645851792655,Space filling (16),553,16
X2,X2,0.5572158073756619,Space filling (16),553,16
X3 (non-informative),X3,0.1338568307268658,Space filling (16),553,16
Random Normal,Random Normal,0.13463090337954572,Space filling (16),553,16
X1,X1,0.21735753191042956,Space filling (16),554,16
X2,X2,0.5772151770728621,Space filling (16),554,16
X3 (non-informative),X3,0.13796229856853687,Space filling (16),554,16
Random Normal,Random Normal,0.06746499244817149,Space filling (16),554,16
X1,X1,0.17066268547733235,Space filling (16),555,16
X2,X2,0.5904086231663823,Space filling (16),555,16
X3 (non-informative),X3,0.13336910801721752,Space filling (16),555,16
Random Normal,Random Normal,0.10555958333906779,Space filling (16),555,16
X1,X1,0.15060864650896938,Space filling (16),556,16
X2,X2,0.6056118199271943,Space filling (16),556,16
X3 (non-informative),X3,0.16693584654406143,Space filling (16),556,16
Random Normal,Random Normal,0.07684368701977495,Space filling (16),556,16
X1,X1,0.1992805622873629,Space filling (16),557,16
X2,X2,0.49216767945167716,Space filling (16),557,16
X3 (non-informative),X3,0.13779086137813262,Space filling (16),557,16
Random Normal,Random Normal,0.17076089688282728,Space filling (16),557,16
X1,X1,0.16535905348496063,Space filling (16),558,16
X2,X2,0.4863682646975174,Space filling (16),558,16
X3 (non-informative),X3,0.18204431253163095,Space filling (16),558,16
Random Normal,Random Normal,0.16622836928589096,Space filling (16),558,16
X1,X1,0.17971879734305804,Space filling (16),559,16
X2,X2,0.4588109456403095,Space filling (16),559,16
X3 (non-informative),X3,0.060095727313080244,Space filling (16),559,16
Random Normal,Random Normal,0.3013745297035522,Space filling (16),559,16
X1,X1,0.15534254245825277,Space filling (16),560,16
X2,X2,0.5523359899729089,Space filling (16),560,16
X3 (non-informative),X3,0.12822543220933705,Space filling (16),560,16
Random Normal,Random Normal,0.1640960353595013,Space filling (16),560,16
X1,X1,0.17281210134823707,Space filling (16),561,16
X2,X2,0.515099131295762,Space filling (16),561,16
X3 (non-informative),X3,0.08369105093024982,Space filling (16),561,16
Random Normal,Random Normal,0.22839771642575105,Space filling (16),561,16
X1,X1,0.18253697294123594,Space filling (16),562,16
X2,X2,0.5736536705901396,Space filling (16),562,16
X3 (non-informative),X3,0.11141842618778619,Space filling (16),562,16
Random Normal,Random Normal,0.1323909302808383,Space filling (16),562,16
X1,X1,0.18882586720632683,Space filling (16),563,16
X2,X2,0.5014373019535528,Space filling (16),563,16
X3 (non-informative),X3,0.15993189063564034,Space filling (16),563,16
Random Normal,Random Normal,0.14980494020447993,Space filling (16),563,16
X1,X1,0.14923589420903227,Space filling (16),564,16
X2,X2,0.46846875751347633,Space filling (16),564,16
X3 (non-informative),X3,0.10882103786463146,Space filling (16),564,16
Random Normal,Random Normal,0.2734743104128599,Space filling (16),564,16
X1,X1,0.1806829511680778,Space filling (16),565,16
X2,X2,0.5746536375116379,Space filling (16),565,16
X3 (non-informative),X3,0.12898227791660566,Space filling (16),565,16
Random Normal,Random Normal,0.11568113340367862,Space filling (16),565,16
X1,X1,0.16092207201520997,Space filling (16),566,16
X2,X2,0.5460030801258622,Space filling (16),566,16
X3 (non-informative),X3,0.13834184135132957,Space filling (16),566,16
Random Normal,Random Normal,0.15473300650759822,Space filling (16),566,16
X1,X1,0.12875958959459874,Space filling (16),567,16
X2,X2,0.5163691567416002,Space filling (16),567,16
X3 (non-informative),X3,0.11349813029673812,Space filling (16),567,16
Random Normal,Random Normal,0.24137312336706293,Space filling (16),567,16
X1,X1,0.17948048278355389,Space filling (16),568,16
X2,X2,0.551000462355115,Space filling (16),568,16
X3 (non-informative),X3,0.15700099942279067,Space filling (16),568,16
Random Normal,Random Normal,0.11251805543854043,Space filling (16),568,16
X1,X1,0.1809237970573258,Space filling (16),569,16
X2,X2,0.5658021095877436,Space filling (16),569,16
X3 (non-informative),X3,0.11879679490796032,Space filling (16),569,16
Random Normal,Random Normal,0.13447729844697034,Space filling (16),569,16
X1,X1,0.1718513219523709,Space filling (16),570,16
X2,X2,0.4937156065463639,Space filling (16),570,16
X3 (non-informative),X3,0.1939449590094343,Space filling (16),570,16
Random Normal,Random Normal,0.14048811249183085,Space filling (16),570,16
X1,X1,0.18306205946426649,Space filling (16),571,16
X2,X2,0.514966292511058,Space filling (16),571,16
X3 (non-informative),X3,0.1840434283973931,Space filling (16),571,16
Random Normal,Random Normal,0.11792821962728248,Space filling (16),571,16
X1,X1,0.20517583538864995,Space filling (16),572,16
X2,X2,0.5544042093599685,Space filling (16),572,16
X3 (non-informative),X3,0.15195600152331168,Space filling (16),572,16
Random Normal,Random Normal,0.08846395372806987,Space filling (16),572,16
X1,X1,0.17645035593089015,Space filling (16),573,16
X2,X2,0.4817722251147281,Space filling (16),573,16
X3 (non-informative),X3,0.16258611153174854,Space filling (16),573,16
Random Normal,Random Normal,0.1791913074226332,Space filling (16),573,16
X1,X1,0.10806022521744726,Space filling (16),574,16
X2,X2,0.6807885424247309,Space filling (16),574,16
X3 (non-informative),X3,0.040235800009066305,Space filling (16),574,16
Random Normal,Random Normal,0.17091543234875559,Space filling (16),574,16
X1,X1,0.1538666318354107,Space filling (16),575,16
X2,X2,0.5738689320361033,Space filling (16),575,16
X3 (non-informative),X3,0.13695335856295285,Space filling (16),575,16
Random Normal,Random Normal,0.1353110775655331,Space filling (16),575,16
X1,X1,0.16668510743970738,Space filling (16),576,16
X2,X2,0.49205132881407426,Space filling (16),576,16
X3 (non-informative),X3,0.15056137581660692,Space filling (16),576,16
Random Normal,Random Normal,0.1907021879296114,Space filling (16),576,16
X1,X1,0.1808458371341615,Space filling (16),577,16
X2,X2,0.5294374953446518,Space filling (16),577,16
X3 (non-informative),X3,0.11506060990570524,Space filling (16),577,16
Random Normal,Random Normal,0.17465605761548142,Space filling (16),577,16
X1,X1,0.175563942543152,Space filling (16),578,16
X2,X2,0.5448412265864294,Space filling (16),578,16
X3 (non-informative),X3,0.08188717516325664,Space filling (16),578,16
Random Normal,Random Normal,0.19770765570716195,Space filling (16),578,16
X1,X1,0.1869831512800028,Space filling (16),579,16
X2,X2,0.44622595215891714,Space filling (16),579,16
X3 (non-informative),X3,0.11350557505677285,Space filling (16),579,16
Random Normal,Random Normal,0.2532853215043072,Space filling (16),579,16
X1,X1,0.18624716078685816,Space filling (16),580,16
X2,X2,0.4562801684754307,Space filling (16),580,16
X3 (non-informative),X3,0.1061124970059518,Space filling (16),580,16
Random Normal,Random Normal,0.2513601737317594,Space filling (16),580,16
X1,X1,0.19596095694819127,Space filling (16),581,16
X2,X2,0.5643335732130552,Space filling (16),581,16
X3 (non-informative),X3,0.1342903643807715,Space filling (16),581,16
Random Normal,Random Normal,0.10541510545798202,Space filling (16),581,16
X1,X1,0.15534641812785746,Space filling (16),582,16
X2,X2,0.4936553414756358,Space filling (16),582,16
X3 (non-informative),X3,0.19471476490965256,Space filling (16),582,16
Random Normal,Random Normal,0.15628347548685423,Space filling (16),582,16
X1,X1,0.1883979649949475,Space filling (16),583,16
X2,X2,0.5229063115935589,Space filling (16),583,16
X3 (non-informative),X3,0.18692907055622213,Space filling (16),583,16
Random Normal,Random Normal,0.10176665285527146,Space filling (16),583,16
X1,X1,0.11697138129599022,Space filling (16),584,16
X2,X2,0.4468893290666728,Space filling (16),584,16
X3 (non-informative),X3,0.11877684317476328,Space filling (16),584,16
Random Normal,Random Normal,0.3173624464625738,Space filling (16),584,16
X1,X1,0.20493747954212607,Space filling (16),585,16
X2,X2,0.4869330058059244,Space filling (16),585,16
X3 (non-informative),X3,0.18001207117000373,Space filling (16),585,16
Random Normal,Random Normal,0.12811744348194576,Space filling (16),585,16
X1,X1,0.1767807618827929,Space filling (16),586,16
X2,X2,0.5386576555024882,Space filling (16),586,16
X3 (non-informative),X3,0.1930433785488827,Space filling (16),586,16
Random Normal,Random Normal,0.09151820406583616,Space filling (16),586,16
X1,X1,0.22205723802711375,Space filling (16),587,16
X2,X2,0.5266365997572661,Space filling (16),587,16
X3 (non-informative),X3,0.14476677692255677,Space filling (16),587,16
Random Normal,Random Normal,0.10653938529306345,Space filling (16),587,16
X1,X1,0.172584579426619,Space filling (16),588,16
X2,X2,0.3976720773002656,Space filling (16),588,16
X3 (non-informative),X3,0.07562580200577597,Space filling (16),588,16
Random Normal,Random Normal,0.35411754126733946,Space filling (16),588,16
X1,X1,0.13842024275424664,Space filling (16),589,16
X2,X2,0.5421568637701525,Space filling (16),589,16
X3 (non-informative),X3,0.10614448524413922,Space filling (16),589,16
Random Normal,Random Normal,0.21327840823146169,Space filling (16),589,16
X1,X1,0.11783012438746797,Space filling (16),590,16
X2,X2,0.5365199563751785,Space filling (16),590,16
X3 (non-informative),X3,0.05860272880520183,Space filling (16),590,16
Random Normal,Random Normal,0.28704719043215177,Space filling (16),590,16
X1,X1,0.16650128884068907,Space filling (16),591,16
X2,X2,0.5720098604115661,Space filling (16),591,16
X3 (non-informative),X3,0.1216425309177862,Space filling (16),591,16
Random Normal,Random Normal,0.13984631982995865,Space filling (16),591,16
X1,X1,0.13255860007956793,Space filling (16),592,16
X2,X2,0.5606333756384875,Space filling (16),592,16
X3 (non-informative),X3,0.08755302246487116,Space filling (16),592,16
Random Normal,Random Normal,0.21925500181707347,Space filling (16),592,16
X1,X1,0.1389052911028971,Space filling (16),593,16
X2,X2,0.5412617213362769,Space filling (16),593,16
X3 (non-informative),X3,0.09147344964015185,Space filling (16),593,16
Random Normal,Random Normal,0.2283595379206742,Space filling (16),593,16
X1,X1,0.15892190047237287,Space filling (16),594,16
X2,X2,0.5779651196254435,Space filling (16),594,16
X3 (non-informative),X3,0.1479663555174082,Space filling (16),594,16
Random Normal,Random Normal,0.11514662438477541,Space filling (16),594,16
X1,X1,0.14651258767911257,Space filling (16),595,16
X2,X2,0.5919366929022134,Space filling (16),595,16
X3 (non-informative),X3,0.15290956030569208,Space filling (16),595,16
Random Normal,Random Normal,0.10864115911298187,Space filling (16),595,16
X1,X1,0.1665942103008065,Space filling (16),596,16
X2,X2,0.5555871916712918,Space filling (16),596,16
X3 (non-informative),X3,0.10385514578702744,Space filling (16),596,16
Random Normal,Random Normal,0.17396345224087423,Space filling (16),596,16
X1,X1,0.1421243768487858,Space filling (16),597,16
X2,X2,0.6004225467077043,Space filling (16),597,16
X3 (non-informative),X3,0.15363230975972922,Space filling (16),597,16
Random Normal,Random Normal,0.10382076668378067,Space filling (16),597,16
X1,X1,0.09326499893318493,Space filling (16),598,16
X2,X2,0.4831299988385457,Space filling (16),598,16
X3 (non-informative),X3,0.12736200476982198,Space filling (16),598,16
Random Normal,Random Normal,0.29624299745844734,Space filling (16),598,16
X1,X1,0.1687463811828401,Space filling (16),599,16
X2,X2,0.5715752458659555,Space filling (16),599,16
X3 (non-informative),X3,0.14163310513954208,Space filling (16),599,16
Random Normal,Random Normal,0.11804526781166223,Space filling (16),599,16
X1,X1,0.1872733348592581,Space filling (16),600,16
X2,X2,0.4573960065987153,Space filling (16),600,16
X3 (non-informative),X3,0.11220758906886934,Space filling (16),600,16
Random Normal,Random Normal,0.24312306947315723,Space filling (16),600,16
X1,X1,0.12115334652570504,Space filling (16),601,16
X2,X2,0.4779066655235257,Space filling (16),601,16
X3 (non-informative),X3,0.0924985525675727,Space filling (16),601,16
Random Normal,Random Normal,0.30844143538319657,Space filling (16),601,16
X1,X1,0.19203724717738901,Space filling (16),602,16
X2,X2,0.5501089180254635,Space filling (16),602,16
X3 (non-informative),X3,0.18115211740519074,Space filling (16),602,16
Random Normal,Random Normal,0.07670171739195673,Space filling (16),602,16
X1,X1,0.1516803392677019,Space filling (16),603,16
X2,X2,0.4975044924646004,Space filling (16),603,16
X3 (non-informative),X3,0.1026537746342696,Space filling (16),603,16
Random Normal,Random Normal,0.24816139363342812,Space filling (16),603,16
X1,X1,0.1968869247923038,Space filling (16),604,16
X2,X2,0.5115291677367587,Space filling (16),604,16
X3 (non-informative),X3,0.11890849677794839,Space filling (16),604,16
Random Normal,Random Normal,0.1726754106929891,Space filling (16),604,16
X1,X1,0.12171731225705916,Space filling (16),605,16
X2,X2,0.5496155165334571,Space filling (16),605,16
X3 (non-informative),X3,0.1480802800122232,Space filling (16),605,16
Random Normal,Random Normal,0.1805868911972606,Space filling (16),605,16
X1,X1,0.1187974506415785,Space filling (16),606,16
X2,X2,0.4477517342207866,Space filling (16),606,16
X3 (non-informative),X3,0.1856602292224585,Space filling (16),606,16
Random Normal,Random Normal,0.24779058591517636,Space filling (16),606,16
X1,X1,0.16290199128764413,Space filling (16),607,16
X2,X2,0.5462594425594529,Space filling (16),607,16
X3 (non-informative),X3,0.15646709279374793,Space filling (16),607,16
Random Normal,Random Normal,0.13437147335915506,Space filling (16),607,16
X1,X1,0.1672016769326756,Space filling (16),608,16
X2,X2,0.45405171625625984,Space filling (16),608,16
X3 (non-informative),X3,0.08489006868759702,Space filling (16),608,16
Random Normal,Random Normal,0.29385653812346757,Space filling (16),608,16
X1,X1,0.12520832754209876,Space filling (16),609,16
X2,X2,0.5805686638712864,Space filling (16),609,16
X3 (non-informative),X3,0.1248914473066536,Space filling (16),609,16
Random Normal,Random Normal,0.1693315612799613,Space filling (16),609,16
X1,X1,0.17068239240096428,Space filling (16),610,16
X2,X2,0.5689304632181331,Space filling (16),610,16
X3 (non-informative),X3,0.14063801576218785,Space filling (16),610,16
Random Normal,Random Normal,0.1197491286187147,Space filling (16),610,16
X1,X1,0.18021729427166497,Space filling (16),611,16
X2,X2,0.5444789913600554,Space filling (16),611,16
X3 (non-informative),X3,0.20259634642090826,Space filling (16),611,16
Random Normal,Random Normal,0.07270736794737138,Space filling (16),611,16
X1,X1,0.13323534296146966,Space filling (16),612,16
X2,X2,0.4355467903044765,Space filling (16),612,16
X3 (non-informative),X3,0.10742580156554093,Space filling (16),612,16
Random Normal,Random Normal,0.3237920651685129,Space filling (16),612,16
X1,X1,0.12611306987192028,Space filling (16),613,16
X2,X2,0.5291144142930627,Space filling (16),613,16
X3 (non-informative),X3,0.10810997200880959,Space filling (16),613,16
Random Normal,Random Normal,0.2366625438262074,Space filling (16),613,16
X1,X1,0.17631894104565496,Space filling (16),614,16
X2,X2,0.5636577172963172,Space filling (16),614,16
X3 (non-informative),X3,0.17201079212445977,Space filling (16),614,16
Random Normal,Random Normal,0.08801254953356812,Space filling (16),614,16
X1,X1,0.1618409429402934,Space filling (16),615,16
X2,X2,0.5390907209323396,Space filling (16),615,16
X3 (non-informative),X3,0.13494298958865292,Space filling (16),615,16
Random Normal,Random Normal,0.16412534653871416,Space filling (16),615,16
X1,X1,0.17118782545895117,Space filling (16),616,16
X2,X2,0.537822130054853,Space filling (16),616,16
X3 (non-informative),X3,0.20086942991841555,Space filling (16),616,16
Random Normal,Random Normal,0.09012061456778026,Space filling (16),616,16
X1,X1,0.1662476219104436,Space filling (16),617,16
X2,X2,0.5377414494649186,Space filling (16),617,16
X3 (non-informative),X3,0.14125212754870575,Space filling (16),617,16
Random Normal,Random Normal,0.154758801075932,Space filling (16),617,16
X1,X1,0.21704732032206658,Space filling (16),618,16
X2,X2,0.508787973870652,Space filling (16),618,16
X3 (non-informative),X3,0.16077750937956617,Space filling (16),618,16
Random Normal,Random Normal,0.1133871964277153,Space filling (16),618,16
X1,X1,0.20205433166153797,Space filling (16),619,16
X2,X2,0.5672278690408875,Space filling (16),619,16
X3 (non-informative),X3,0.13595570298526358,Space filling (16),619,16
Random Normal,Random Normal,0.09476209631231101,Space filling (16),619,16
X1,X1,0.16247236664777084,Space filling (16),620,16
X2,X2,0.6001597501324206,Space filling (16),620,16
X3 (non-informative),X3,0.07631015970309447,Space filling (16),620,16
Random Normal,Random Normal,0.1610577235167141,Space filling (16),620,16
X1,X1,0.17582213661189247,Space filling (16),621,16
X2,X2,0.6064043103943099,Space filling (16),621,16
X3 (non-informative),X3,0.13791985381263822,Space filling (16),621,16
Random Normal,Random Normal,0.07985369918115945,Space filling (16),621,16
X1,X1,0.1527439173068588,Space filling (16),622,16
X2,X2,0.5171339580313005,Space filling (16),622,16
X3 (non-informative),X3,0.11234114743808898,Space filling (16),622,16
Random Normal,Random Normal,0.21778097722375173,Space filling (16),622,16
X1,X1,0.1868478840029099,Space filling (16),623,16
X2,X2,0.5156541657175406,Space filling (16),623,16
X3 (non-informative),X3,0.19790036110298953,Space filling (16),623,16
Random Normal,Random Normal,0.09959758917655996,Space filling (16),623,16
X1,X1,0.18023600750580523,Space filling (16),624,16
X2,X2,0.5605572762938634,Space filling (16),624,16
X3 (non-informative),X3,0.13626341793603372,Space filling (16),624,16
Random Normal,Random Normal,0.12294329826429759,Space filling (16),624,16
X1,X1,0.17843309880935201,Space filling (16),625,16
X2,X2,0.48530934590196884,Space filling (16),625,16
X3 (non-informative),X3,0.07988323154499183,Space filling (16),625,16
Random Normal,Random Normal,0.25637432374368735,Space filling (16),625,16
X1,X1,0.14033462880808234,Space filling (16),626,16
X2,X2,0.49572634149938255,Space filling (16),626,16
X3 (non-informative),X3,0.16190359293289924,Space filling (16),626,16
Random Normal,Random Normal,0.20203543675963587,Space filling (16),626,16
X1,X1,0.07938765160233265,Space filling (16),627,16
X2,X2,0.4881098448409221,Space filling (16),627,16
X3 (non-informative),X3,0.10865220966852997,Space filling (16),627,16
Random Normal,Random Normal,0.32385029388821523,Space filling (16),627,16
X1,X1,0.14578070356761913,Space filling (16),628,16
X2,X2,0.5543447449474713,Space filling (16),628,16
X3 (non-informative),X3,0.11558281296766444,Space filling (16),628,16
Random Normal,Random Normal,0.18429173851724515,Space filling (16),628,16
X1,X1,0.1374187301858362,Space filling (16),629,16
X2,X2,0.4627302621825772,Space filling (16),629,16
X3 (non-informative),X3,0.16478908490046973,Space filling (16),629,16
Random Normal,Random Normal,0.23506192273111687,Space filling (16),629,16
X1,X1,0.15870995348802153,Space filling (16),630,16
X2,X2,0.4780464193767744,Space filling (16),630,16
X3 (non-informative),X3,0.07065598858126482,Space filling (16),630,16
Random Normal,Random Normal,0.29258763855393927,Space filling (16),630,16
X1,X1,0.12712389647175534,Space filling (16),631,16
X2,X2,0.613563597946482,Space filling (16),631,16
X3 (non-informative),X3,0.15743526285140588,Space filling (16),631,16
Random Normal,Random Normal,0.10187724273035684,Space filling (16),631,16
X1,X1,0.1707805462070104,Space filling (16),632,16
X2,X2,0.5528368865110607,Space filling (16),632,16
X3 (non-informative),X3,0.18044976009048486,Space filling (16),632,16
Random Normal,Random Normal,0.09593280719144405,Space filling (16),632,16
X1,X1,0.16975851978175344,Space filling (16),633,16
X2,X2,0.46508603327096776,Space filling (16),633,16
X3 (non-informative),X3,0.12385332571284012,Space filling (16),633,16
Random Normal,Random Normal,0.2413021212344387,Space filling (16),633,16
X1,X1,0.21225649932636112,Space filling (16),634,16
X2,X2,0.6110506962073989,Space filling (16),634,16
X3 (non-informative),X3,0.12270047174825129,Space filling (16),634,16
Random Normal,Random Normal,0.05399233271798862,Space filling (16),634,16
X1,X1,0.22586609366741525,Space filling (16),635,16
X2,X2,0.5184880184603133,Space filling (16),635,16
X3 (non-informative),X3,0.1539526192762816,Space filling (16),635,16
Random Normal,Random Normal,0.10169326859598975,Space filling (16),635,16
X1,X1,0.126090240805005,Space filling (16),636,16
X2,X2,0.5217735001604882,Space filling (16),636,16
X3 (non-informative),X3,0.09585094170385744,Space filling (16),636,16
Random Normal,Random Normal,0.25628531733064935,Space filling (16),636,16
X1,X1,0.1258138329824908,Space filling (16),637,16
X2,X2,0.565387422509295,Space filling (16),637,16
X3 (non-informative),X3,0.13779105971546254,Space filling (16),637,16
Random Normal,Random Normal,0.17100768479275175,Space filling (16),637,16
X1,X1,0.1902498902083103,Space filling (16),638,16
X2,X2,0.5423011743586599,Space filling (16),638,16
X3 (non-informative),X3,0.1159425231190817,Space filling (16),638,16
Random Normal,Random Normal,0.15150641231394818,Space filling (16),638,16
X1,X1,0.19019373543742196,Space filling (16),639,16
X2,X2,0.405559442397948,Space filling (16),639,16
X3 (non-informative),X3,0.08910075383737162,Space filling (16),639,16
Random Normal,Random Normal,0.3151460683272584,Space filling (16),639,16
X1,X1,0.18925264328306587,Space filling (16),640,16
X2,X2,0.577170314311451,Space filling (16),640,16
X3 (non-informative),X3,0.15956208901573726,Space filling (16),640,16
Random Normal,Random Normal,0.07401495338974586,Space filling (16),640,16
X1,X1,0.160202659707224,Space filling (16),641,16
X2,X2,0.546858589959552,Space filling (16),641,16
X3 (non-informative),X3,0.1584862695975785,Space filling (16),641,16
Random Normal,Random Normal,0.13445248073564545,Space filling (16),641,16
X1,X1,0.16734539081967778,Space filling (16),642,16
X2,X2,0.5904264682089435,Space filling (16),642,16
X3 (non-informative),X3,0.13143017903881388,Space filling (16),642,16
Random Normal,Random Normal,0.11079796193256483,Space filling (16),642,16
X1,X1,0.1314486903353303,Space filling (16),643,16
X2,X2,0.4682201553965576,Space filling (16),643,16
X3 (non-informative),X3,0.10716188480378601,Space filling (16),643,16
Random Normal,Random Normal,0.29316926946432614,Space filling (16),643,16
X1,X1,0.152597012811134,Space filling (16),644,16
X2,X2,0.5803477048726892,Space filling (16),644,16
X3 (non-informative),X3,0.10732516231973771,Space filling (16),644,16
Random Normal,Random Normal,0.1597301199964391,Space filling (16),644,16
X1,X1,0.18470613302186542,Space filling (16),645,16
X2,X2,0.5538030124165292,Space filling (16),645,16
X3 (non-informative),X3,0.19223509682410786,Space filling (16),645,16
Random Normal,Random Normal,0.06925575773749755,Space filling (16),645,16
X1,X1,0.13449649207306172,Space filling (16),646,16
X2,X2,0.6318217622109414,Space filling (16),646,16
X3 (non-informative),X3,0.13395530594923147,Space filling (16),646,16
Random Normal,Random Normal,0.09972643976676536,Space filling (16),646,16
X1,X1,0.08917555177677779,Space filling (16),647,16
X2,X2,0.5346077180590099,Space filling (16),647,16
X3 (non-informative),X3,0.13624396132627004,Space filling (16),647,16
Random Normal,Random Normal,0.2399727688379423,Space filling (16),647,16
X1,X1,0.1651975605076388,Space filling (16),648,16
X2,X2,0.5762087263742433,Space filling (16),648,16
X3 (non-informative),X3,0.16020163261544076,Space filling (16),648,16
Random Normal,Random Normal,0.09839208050267718,Space filling (16),648,16
X1,X1,0.15774790190893187,Space filling (16),649,16
X2,X2,0.542469206847896,Space filling (16),649,16
X3 (non-informative),X3,0.07021165194961104,Space filling (16),649,16
Random Normal,Random Normal,0.22957123929356107,Space filling (16),649,16
X1,X1,0.1215169426142963,Space filling (16),650,16
X2,X2,0.40140343621984764,Space filling (16),650,16
X3 (non-informative),X3,0.07265299126667311,Space filling (16),650,16
Random Normal,Random Normal,0.40442662989918293,Space filling (16),650,16
X1,X1,0.14452401771233647,Space filling (16),651,16
X2,X2,0.5384729071239477,Space filling (16),651,16
X3 (non-informative),X3,0.15380663474541917,Space filling (16),651,16
Random Normal,Random Normal,0.16319644041829667,Space filling (16),651,16
X1,X1,0.12223017570479287,Space filling (16),652,16
X2,X2,0.5945838913353866,Space filling (16),652,16
X3 (non-informative),X3,0.10515226210065576,Space filling (16),652,16
Random Normal,Random Normal,0.17803367085916477,Space filling (16),652,16
X1,X1,0.14265961822316256,Space filling (16),653,16
X2,X2,0.7208356492038709,Space filling (16),653,16
X3 (non-informative),X3,0.11475527590070671,Space filling (16),653,16
Random Normal,Random Normal,0.021749456672259793,Space filling (16),653,16
X1,X1,0.1724844648356586,Space filling (16),654,16
X2,X2,0.4942935896791081,Space filling (16),654,16
X3 (non-informative),X3,0.1440845021739813,Space filling (16),654,16
Random Normal,Random Normal,0.18913744331125198,Space filling (16),654,16
X1,X1,0.2234587978533921,Space filling (16),655,16
X2,X2,0.5352695957423826,Space filling (16),655,16
X3 (non-informative),X3,0.17114527523555725,Space filling (16),655,16
Random Normal,Random Normal,0.07012633116866793,Space filling (16),655,16
X1,X1,0.21234603260916643,Space filling (16),656,16
X2,X2,0.5261285672747807,Space filling (16),656,16
X3 (non-informative),X3,0.20310844299150282,Space filling (16),656,16
Random Normal,Random Normal,0.058416957124550015,Space filling (16),656,16
X1,X1,0.1912667432299037,Space filling (16),657,16
X2,X2,0.5730226944734942,Space filling (16),657,16
X3 (non-informative),X3,0.13624201293299698,Space filling (16),657,16
Random Normal,Random Normal,0.09946854936360518,Space filling (16),657,16
X1,X1,0.14498967276414101,Space filling (16),658,16
X2,X2,0.5429648398137531,Space filling (16),658,16
X3 (non-informative),X3,0.07639637867521344,Space filling (16),658,16
Random Normal,Random Normal,0.2356491087468925,Space filling (16),658,16
X1,X1,0.15846567860305047,Space filling (16),659,16
X2,X2,0.5778926147870647,Space filling (16),659,16
X3 (non-informative),X3,0.10249732048807786,Space filling (16),659,16
Random Normal,Random Normal,0.16114438612180695,Space filling (16),659,16
X1,X1,0.1888603223720726,Space filling (16),660,16
X2,X2,0.6217919740473633,Space filling (16),660,16
X3 (non-informative),X3,0.12865149026582784,Space filling (16),660,16
Random Normal,Random Normal,0.06069621331473627,Space filling (16),660,16
X1,X1,0.1334693289052593,Space filling (16),661,16
X2,X2,0.5922438458694974,Space filling (16),661,16
X3 (non-informative),X3,0.144294836438118,Space filling (16),661,16
Random Normal,Random Normal,0.1299919887871253,Space filling (16),661,16
X1,X1,0.16654873391187072,Space filling (16),662,16
X2,X2,0.5656726832050982,Space filling (16),662,16
X3 (non-informative),X3,0.13268111015088913,Space filling (16),662,16
Random Normal,Random Normal,0.13509747273214193,Space filling (16),662,16
X1,X1,0.1652106668832813,Space filling (16),663,16
X2,X2,0.5341095746271555,Space filling (16),663,16
X3 (non-informative),X3,0.1473310068834837,Space filling (16),663,16
Random Normal,Random Normal,0.15334875160607953,Space filling (16),663,16
X1,X1,0.1621240688285184,Space filling (16),664,16
X2,X2,0.4738414960963698,Space filling (16),664,16
X3 (non-informative),X3,0.1537150057720881,Space filling (16),664,16
Random Normal,Random Normal,0.2103194293030237,Space filling (16),664,16
X1,X1,0.17739212708836422,Space filling (16),665,16
X2,X2,0.5306794705161524,Space filling (16),665,16
X3 (non-informative),X3,0.1393674918582806,Space filling (16),665,16
Random Normal,Random Normal,0.15256091053720283,Space filling (16),665,16
X1,X1,0.16234934876894694,Space filling (16),666,16
X2,X2,0.5265203407721597,Space filling (16),666,16
X3 (non-informative),X3,0.17841443154030345,Space filling (16),666,16
Random Normal,Random Normal,0.13271587891858994,Space filling (16),666,16
X1,X1,0.20774911315165367,Space filling (16),667,16
X2,X2,0.5674877172547972,Space filling (16),667,16
X3 (non-informative),X3,0.14776692500708546,Space filling (16),667,16
Random Normal,Random Normal,0.07699624458646367,Space filling (16),667,16
X1,X1,0.22177180715798994,Space filling (16),668,16
X2,X2,0.5225843797040721,Space filling (16),668,16
X3 (non-informative),X3,0.17219331910476451,Space filling (16),668,16
Random Normal,Random Normal,0.08345049403317341,Space filling (16),668,16
X1,X1,0.11365159698766612,Space filling (16),669,16
X2,X2,0.35753481691801725,Space filling (16),669,16
X3 (non-informative),X3,0.06336827721783538,Space filling (16),669,16
Random Normal,Random Normal,0.4654453088764812,Space filling (16),669,16
X1,X1,0.1912732827137509,Space filling (16),670,16
X2,X2,0.5938419498987905,Space filling (16),670,16
X3 (non-informative),X3,0.14309628658524157,Space filling (16),670,16
Random Normal,Random Normal,0.0717884808022171,Space filling (16),670,16
X1,X1,0.1587716432840617,Space filling (16),671,16
X2,X2,0.5052143961638629,Space filling (16),671,16
X3 (non-informative),X3,0.12535545106246943,Space filling (16),671,16
Random Normal,Random Normal,0.21065850948960602,Space filling (16),671,16
X1,X1,0.21313456891869706,Space filling (16),672,16
X2,X2,0.5332117341901482,Space filling (16),672,16
X3 (non-informative),X3,0.14102665890984234,Space filling (16),672,16
Random Normal,Random Normal,0.11262703798131238,Space filling (16),672,16
X1,X1,0.16315519931329173,Space filling (16),673,16
X2,X2,0.6188508651640828,Space filling (16),673,16
X3 (non-informative),X3,0.14193806260804961,Space filling (16),673,16
Random Normal,Random Normal,0.07605587291457583,Space filling (16),673,16
X1,X1,0.19947959322334163,Space filling (16),674,16
X2,X2,0.5614520474877529,Space filling (16),674,16
X3 (non-informative),X3,0.15250288295100825,Space filling (16),674,16
Random Normal,Random Normal,0.08656547633789727,Space filling (16),674,16
X1,X1,0.20053478017819995,Space filling (16),675,16
X2,X2,0.5567320481765602,Space filling (16),675,16
X3 (non-informative),X3,0.127968589016742,Space filling (16),675,16
Random Normal,Random Normal,0.11476458262849787,Space filling (16),675,16
X1,X1,0.2064361486827027,Space filling (16),676,16
X2,X2,0.5078308595669491,Space filling (16),676,16
X3 (non-informative),X3,0.1474394325053465,Space filling (16),676,16
Random Normal,Random Normal,0.1382935592450017,Space filling (16),676,16
X1,X1,0.04617291173878881,Space filling (16),677,16
X2,X2,0.45420836074709975,Space filling (16),677,16
X3 (non-informative),X3,0.2536936985211988,Space filling (16),677,16
Random Normal,Random Normal,0.24592502899291263,Space filling (16),677,16
X1,X1,0.18441910558265187,Space filling (16),678,16
X2,X2,0.5564186473044707,Space filling (16),678,16
X3 (non-informative),X3,0.1615572162511808,Space filling (16),678,16
Random Normal,Random Normal,0.09760503086169665,Space filling (16),678,16
X1,X1,0.13185891017435847,Space filling (16),679,16
X2,X2,0.6527655801982831,Space filling (16),679,16
X3 (non-informative),X3,0.11844619368721016,Space filling (16),679,16
Random Normal,Random Normal,0.09692931594014825,Space filling (16),679,16
X1,X1,0.18385642004069488,Space filling (16),680,16
X2,X2,0.5524059649175946,Space filling (16),680,16
X3 (non-informative),X3,0.13325360130390645,Space filling (16),680,16
Random Normal,Random Normal,0.13048401373780405,Space filling (16),680,16
X1,X1,0.15624290934928844,Space filling (16),681,16
X2,X2,0.49266316261394516,Space filling (16),681,16
X3 (non-informative),X3,0.08250612513349638,Space filling (16),681,16
Random Normal,Random Normal,0.26858780290327,Space filling (16),681,16
X1,X1,0.1970566308365728,Space filling (16),682,16
X2,X2,0.5216043341109832,Space filling (16),682,16
X3 (non-informative),X3,0.15245504007739435,Space filling (16),682,16
Random Normal,Random Normal,0.1288839949750497,Space filling (16),682,16
X1,X1,0.1489658596884094,Space filling (16),683,16
X2,X2,0.5551250368230307,Space filling (16),683,16
X3 (non-informative),X3,0.12780752800221729,Space filling (16),683,16
Random Normal,Random Normal,0.1681015754863426,Space filling (16),683,16
X1,X1,0.19734033735336884,Space filling (16),684,16
X2,X2,0.5434333164471069,Space filling (16),684,16
X3 (non-informative),X3,0.17061938837904217,Space filling (16),684,16
Random Normal,Random Normal,0.08860695782048213,Space filling (16),684,16
X1,X1,0.12634059357181815,Space filling (16),685,16
X2,X2,0.5808743676339325,Space filling (16),685,16
X3 (non-informative),X3,0.18333296799565868,Space filling (16),685,16
Random Normal,Random Normal,0.10945207079859069,Space filling (16),685,16
X1,X1,0.16276520095650748,Space filling (16),686,16
X2,X2,0.6908776128334482,Space filling (16),686,16
X3 (non-informative),X3,0.0592214945210047,Space filling (16),686,16
Random Normal,Random Normal,0.08713569168903969,Space filling (16),686,16
X1,X1,0.19577475720234472,Space filling (16),687,16
X2,X2,0.5099366642328428,Space filling (16),687,16
X3 (non-informative),X3,0.1913941638268465,Space filling (16),687,16
Random Normal,Random Normal,0.102894414737966,Space filling (16),687,16
X1,X1,0.16768924197541865,Space filling (16),688,16
X2,X2,0.533063491530056,Space filling (16),688,16
X3 (non-informative),X3,0.15034889844741134,Space filling (16),688,16
Random Normal,Random Normal,0.14889836804711398,Space filling (16),688,16
X1,X1,0.18787034739923764,Space filling (16),689,16
X2,X2,0.5045415001092475,Space filling (16),689,16
X3 (non-informative),X3,0.163517516519368,Space filling (16),689,16
Random Normal,Random Normal,0.1440706359721469,Space filling (16),689,16
X1,X1,0.14187182487918817,Space filling (16),690,16
X2,X2,0.543085792485301,Space filling (16),690,16
X3 (non-informative),X3,0.11337379914146668,Space filling (16),690,16
Random Normal,Random Normal,0.20166858349404412,Space filling (16),690,16
X1,X1,0.0996435035457787,Space filling (16),691,16
X2,X2,0.369925375252925,Space filling (16),691,16
X3 (non-informative),X3,0.0865901096226188,Space filling (16),691,16
Random Normal,Random Normal,0.4438410115786775,Space filling (16),691,16
X1,X1,0.161998522742995,Space filling (16),692,16
X2,X2,0.48121915419360817,Space filling (16),692,16
X3 (non-informative),X3,0.12137546743231463,Space filling (16),692,16
Random Normal,Random Normal,0.2354068556310822,Space filling (16),692,16
X1,X1,0.18898636694478146,Space filling (16),693,16
X2,X2,0.571472740406806,Space filling (16),693,16
X3 (non-informative),X3,0.09396772460959718,Space filling (16),693,16
Random Normal,Random Normal,0.1455731680388154,Space filling (16),693,16
X1,X1,0.1112549536850221,Space filling (16),694,16
X2,X2,0.3875948107459404,Space filling (16),694,16
X3 (non-informative),X3,0.08081231855787187,Space filling (16),694,16
Random Normal,Random Normal,0.4203379170111657,Space filling (16),694,16
X1,X1,0.13500647583754813,Space filling (16),695,16
X2,X2,0.4331006503878195,Space filling (16),695,16
X3 (non-informative),X3,0.04292304549880116,Space filling (16),695,16
Random Normal,Random Normal,0.38896982827583126,Space filling (16),695,16
X1,X1,0.07028775207233276,Space filling (16),696,16
X2,X2,0.43258245699839015,Space filling (16),696,16
X3 (non-informative),X3,0.018522431684981376,Space filling (16),696,16
Random Normal,Random Normal,0.4786073592442957,Space filling (16),696,16
X1,X1,0.1834743354539141,Space filling (16),697,16
X2,X2,0.6064542874988595,Space filling (16),697,16
X3 (non-informative),X3,0.13931293944799641,Space filling (16),697,16
Random Normal,Random Normal,0.07075843759923,Space filling (16),697,16
X1,X1,0.13071538522313955,Space filling (16),698,16
X2,X2,0.5210179160183165,Space filling (16),698,16
X3 (non-informative),X3,0.12268051244597994,Space filling (16),698,16
Random Normal,Random Normal,0.22558618631256402,Space filling (16),698,16
X1,X1,0.1891871067565119,Space filling (16),699,16
X2,X2,0.6063618910504552,Space filling (16),699,16
X3 (non-informative),X3,0.13523274074593716,Space filling (16),699,16
Random Normal,Random Normal,0.06921826144709571,Space filling (16),699,16
X1,X1,0.21288501444585456,Space filling (16),700,16
X2,X2,0.5087622289281228,Space filling (16),700,16
X3 (non-informative),X3,0.1296351536939132,Space filling (16),700,16
Random Normal,Random Normal,0.14871760293210937,Space filling (16),700,16
X1,X1,0.15727806780232867,Space filling (16),701,16
X2,X2,0.5584343332654284,Space filling (16),701,16
X3 (non-informative),X3,0.164253316734881,Space filling (16),701,16
Random Normal,Random Normal,0.12003428219736192,Space filling (16),701,16
X1,X1,0.17255767141765932,Space filling (16),702,16
X2,X2,0.561677794384123,Space filling (16),702,16
X3 (non-informative),X3,0.152927606696062,Space filling (16),702,16
Random Normal,Random Normal,0.11283692750215564,Space filling (16),702,16
X1,X1,0.14340498204156898,Space filling (16),703,16
X2,X2,0.5781290381478391,Space filling (16),703,16
X3 (non-informative),X3,0.1444002878430141,Space filling (16),703,16
Random Normal,Random Normal,0.13406569196757784,Space filling (16),703,16
X1,X1,0.14033964697828985,Space filling (16),704,16
X2,X2,0.5298997830468642,Space filling (16),704,16
X3 (non-informative),X3,0.14494436667460858,Space filling (16),704,16
Random Normal,Random Normal,0.18481620330023737,Space filling (16),704,16
X1,X1,0.20060581528030388,Space filling (16),705,16
X2,X2,0.5497341555541081,Space filling (16),705,16
X3 (non-informative),X3,0.11010435274097531,Space filling (16),705,16
Random Normal,Random Normal,0.1395556764246127,Space filling (16),705,16
X1,X1,0.1569374839199713,Space filling (16),706,16
X2,X2,0.490129445346867,Space filling (16),706,16
X3 (non-informative),X3,0.14653692858934364,Space filling (16),706,16
Random Normal,Random Normal,0.20639614214381807,Space filling (16),706,16
X1,X1,0.17202588642561137,Space filling (16),707,16
X2,X2,0.5711336967547647,Space filling (16),707,16
X3 (non-informative),X3,0.15632275538927948,Space filling (16),707,16
Random Normal,Random Normal,0.10051766143034443,Space filling (16),707,16
X1,X1,0.11765819471055321,Space filling (16),708,16
X2,X2,0.4693480574229987,Space filling (16),708,16
X3 (non-informative),X3,0.1753012162498227,Space filling (16),708,16
Random Normal,Random Normal,0.2376925316166254,Space filling (16),708,16
X1,X1,0.13494313322996157,Space filling (16),709,16
X2,X2,0.583104492775717,Space filling (16),709,16
X3 (non-informative),X3,0.15592728730192443,Space filling (16),709,16
Random Normal,Random Normal,0.126025086692397,Space filling (16),709,16
X1,X1,0.19021665655010145,Space filling (16),710,16
X2,X2,0.5171343801966195,Space filling (16),710,16
X3 (non-informative),X3,0.16641056987726127,Space filling (16),710,16
Random Normal,Random Normal,0.1262383933760178,Space filling (16),710,16
X1,X1,0.16294234795450518,Space filling (16),711,16
X2,X2,0.6105338243924935,Space filling (16),711,16
X3 (non-informative),X3,0.1658569918142225,Space filling (16),711,16
Random Normal,Random Normal,0.06066683583877881,Space filling (16),711,16
X1,X1,0.14273988399843146,Space filling (16),712,16
X2,X2,0.4555009375649917,Space filling (16),712,16
X3 (non-informative),X3,0.14869784849051348,Space filling (16),712,16
Random Normal,Random Normal,0.25306132994606334,Space filling (16),712,16
X1,X1,0.153612643309858,Space filling (16),713,16
X2,X2,0.5792758363037808,Space filling (16),713,16
X3 (non-informative),X3,0.16831409064463454,Space filling (16),713,16
Random Normal,Random Normal,0.09879742974172667,Space filling (16),713,16
X1,X1,0.19795442875985036,Space filling (16),714,16
X2,X2,0.5224421921245034,Space filling (16),714,16
X3 (non-informative),X3,0.14251514826955392,Space filling (16),714,16
Random Normal,Random Normal,0.1370882308460923,Space filling (16),714,16
X1,X1,0.1670560545940497,Space filling (16),715,16
X2,X2,0.47260482476251386,Space filling (16),715,16
X3 (non-informative),X3,0.07231131293954202,Space filling (16),715,16
Random Normal,Random Normal,0.2880278077038944,Space filling (16),715,16
X1,X1,0.14748569310134152,Space filling (16),716,16
X2,X2,0.5065147055666928,Space filling (16),716,16
X3 (non-informative),X3,0.19170137564266762,Space filling (16),716,16
Random Normal,Random Normal,0.1542982256892981,Space filling (16),716,16
X1,X1,0.22029484299305505,Space filling (16),717,16
X2,X2,0.4903476489143513,Space filling (16),717,16
X3 (non-informative),X3,0.1097264079326242,Space filling (16),717,16
Random Normal,Random Normal,0.1796311001599695,Space filling (16),717,16
X1,X1,0.1613463428783917,Space filling (16),718,16
X2,X2,0.5129027945519701,Space filling (16),718,16
X3 (non-informative),X3,0.11495474726854665,Space filling (16),718,16
Random Normal,Random Normal,0.2107961153010916,Space filling (16),718,16
X1,X1,0.20397090302688617,Space filling (16),719,16
X2,X2,0.5994974116370744,Space filling (16),719,16
X3 (non-informative),X3,0.13892828944071559,Space filling (16),719,16
Random Normal,Random Normal,0.0576033958953239,Space filling (16),719,16
X1,X1,0.14094087169190075,Space filling (16),720,16
X2,X2,0.5916914386356495,Space filling (16),720,16
X3 (non-informative),X3,0.18487381665650446,Space filling (16),720,16
Random Normal,Random Normal,0.0824938730159453,Space filling (16),720,16
X1,X1,0.12974038398502524,Space filling (16),721,16
X2,X2,0.4537202301021193,Space filling (16),721,16
X3 (non-informative),X3,0.10087978157226121,Space filling (16),721,16
Random Normal,Random Normal,0.3156596043405942,Space filling (16),721,16
X1,X1,0.16624214924396738,Space filling (16),722,16
X2,X2,0.5812423766501428,Space filling (16),722,16
X3 (non-informative),X3,0.16222462759948308,Space filling (16),722,16
Random Normal,Random Normal,0.09029084650640674,Space filling (16),722,16
X1,X1,0.16450265567889788,Space filling (16),723,16
X2,X2,0.4565762506757174,Space filling (16),723,16
X3 (non-informative),X3,0.13254927784804166,Space filling (16),723,16
Random Normal,Random Normal,0.2463718157973431,Space filling (16),723,16
X1,X1,0.11241103393756331,Space filling (16),724,16
X2,X2,0.4954930583248025,Space filling (16),724,16
X3 (non-informative),X3,0.15907339492170197,Space filling (16),724,16
Random Normal,Random Normal,0.2330225128159322,Space filling (16),724,16
X1,X1,0.19645214661937058,Space filling (16),725,16
X2,X2,0.48615156809854804,Space filling (16),725,16
X3 (non-informative),X3,0.0934137769656298,Space filling (16),725,16
Random Normal,Random Normal,0.22398250831645156,Space filling (16),725,16
X1,X1,0.14100749639591836,Space filling (16),726,16
X2,X2,0.5499609896225114,Space filling (16),726,16
X3 (non-informative),X3,0.07867833460191588,Space filling (16),726,16
Random Normal,Random Normal,0.23035317937965433,Space filling (16),726,16
X1,X1,0.19372064392624,Space filling (16),727,16
X2,X2,0.5460553804065751,Space filling (16),727,16
X3 (non-informative),X3,0.1494820838116521,Space filling (16),727,16
Random Normal,Random Normal,0.11074189185553276,Space filling (16),727,16
X1,X1,0.10613633283729298,Space filling (16),728,16
X2,X2,0.4828307759111396,Space filling (16),728,16
X3 (non-informative),X3,0.12438581777428977,Space filling (16),728,16
Random Normal,Random Normal,0.28664707347727764,Space filling (16),728,16
X1,X1,0.13639114535961458,Space filling (16),729,16
X2,X2,0.5843577075607194,Space filling (16),729,16
X3 (non-informative),X3,0.13187268916747197,Space filling (16),729,16
Random Normal,Random Normal,0.14737845791219412,Space filling (16),729,16
X1,X1,0.1689582401421243,Space filling (16),730,16
X2,X2,0.5860480459251196,Space filling (16),730,16
X3 (non-informative),X3,0.02872185642504595,Space filling (16),730,16
Random Normal,Random Normal,0.21627185750771008,Space filling (16),730,16
X1,X1,0.1931642469967425,Space filling (16),731,16
X2,X2,0.5274167727987227,Space filling (16),731,16
X3 (non-informative),X3,0.14381323683615535,Space filling (16),731,16
Random Normal,Random Normal,0.13560574336837944,Space filling (16),731,16
X1,X1,0.13776257514565,Space filling (16),732,16
X2,X2,0.5175621045541609,Space filling (16),732,16
X3 (non-informative),X3,0.10999863485074288,Space filling (16),732,16
Random Normal,Random Normal,0.23467668544944628,Space filling (16),732,16
X1,X1,0.14064799588779095,Space filling (16),733,16
X2,X2,0.5123987819301747,Space filling (16),733,16
X3 (non-informative),X3,0.11276810623405686,Space filling (16),733,16
Random Normal,Random Normal,0.23418511594797742,Space filling (16),733,16
X1,X1,0.21134078994645714,Space filling (16),734,16
X2,X2,0.5137562436725476,Space filling (16),734,16
X3 (non-informative),X3,0.10494661843599373,Space filling (16),734,16
Random Normal,Random Normal,0.16995634794500153,Space filling (16),734,16
X1,X1,0.15804004008865571,Space filling (16),735,16
X2,X2,0.5496949047641244,Space filling (16),735,16
X3 (non-informative),X3,0.12349605649686501,Space filling (16),735,16
Random Normal,Random Normal,0.16876899865035488,Space filling (16),735,16
X1,X1,0.10777557713615211,Space filling (16),736,16
X2,X2,0.4921316239135557,Space filling (16),736,16
X3 (non-informative),X3,0.10196504918861443,Space filling (16),736,16
Random Normal,Random Normal,0.2981277497616778,Space filling (16),736,16
X1,X1,0.16743846187595054,Space filling (16),737,16
X2,X2,0.5454397849161858,Space filling (16),737,16
X3 (non-informative),X3,0.17304356987540406,Space filling (16),737,16
Random Normal,Random Normal,0.11407818333245956,Space filling (16),737,16
X1,X1,0.18354711926273437,Space filling (16),738,16
X2,X2,0.590096773163007,Space filling (16),738,16
X3 (non-informative),X3,0.1500164207958772,Space filling (16),738,16
Random Normal,Random Normal,0.07633968677838142,Space filling (16),738,16
X1,X1,0.15074331023940835,Space filling (16),739,16
X2,X2,0.5848827166817154,Space filling (16),739,16
X3 (non-informative),X3,0.14464896681399841,Space filling (16),739,16
Random Normal,Random Normal,0.11972500626487785,Space filling (16),739,16
X1,X1,0.16278776395544606,Space filling (16),740,16
X2,X2,0.5523421449050685,Space filling (16),740,16
X3 (non-informative),X3,0.15177480883409042,Space filling (16),740,16
Random Normal,Random Normal,0.13309528230539497,Space filling (16),740,16
X1,X1,0.1690213503484663,Space filling (16),741,16
X2,X2,0.5690029008585397,Space filling (16),741,16
X3 (non-informative),X3,0.17473452208600987,Space filling (16),741,16
Random Normal,Random Normal,0.08724122670698417,Space filling (16),741,16
X1,X1,0.15051942885252112,Space filling (16),742,16
X2,X2,0.5716942798107971,Space filling (16),742,16
X3 (non-informative),X3,0.15885832283128648,Space filling (16),742,16
Random Normal,Random Normal,0.11892796850539526,Space filling (16),742,16
X1,X1,0.15811237168204145,Space filling (16),743,16
X2,X2,0.46815427192979886,Space filling (16),743,16
X3 (non-informative),X3,0.14577708772171818,Space filling (16),743,16
Random Normal,Random Normal,0.2279562686664415,Space filling (16),743,16
X1,X1,0.17980613831875564,Space filling (16),744,16
X2,X2,0.6034041580917379,Space filling (16),744,16
X3 (non-informative),X3,0.14896948059307777,Space filling (16),744,16
Random Normal,Random Normal,0.06782022299642874,Space filling (16),744,16
X1,X1,0.13493404455134103,Space filling (16),745,16
X2,X2,0.526899307251636,Space filling (16),745,16
X3 (non-informative),X3,0.1426187444175162,Space filling (16),745,16
Random Normal,Random Normal,0.19554790377950676,Space filling (16),745,16
X1,X1,0.08887136312272476,Space filling (16),746,16
X2,X2,0.2930570121141327,Space filling (16),746,16
X3 (non-informative),X3,0.039437702514557624,Space filling (16),746,16
Random Normal,Random Normal,0.5786339222485849,Space filling (16),746,16
X1,X1,0.15177835449965596,Space filling (16),747,16
X2,X2,0.6174120296401826,Space filling (16),747,16
X3 (non-informative),X3,0.15329220750954559,Space filling (16),747,16
Random Normal,Random Normal,0.07751740835061585,Space filling (16),747,16
X1,X1,0.19694064487910612,Space filling (16),748,16
X2,X2,0.5246301979467151,Space filling (16),748,16
X3 (non-informative),X3,0.16362078458734539,Space filling (16),748,16
Random Normal,Random Normal,0.11480837258683338,Space filling (16),748,16
X1,X1,0.1413917728864475,Space filling (16),749,16
X2,X2,0.6001693253989154,Space filling (16),749,16
X3 (non-informative),X3,0.14379079990601226,Space filling (16),749,16
Random Normal,Random Normal,0.11464810180862478,Space filling (16),749,16
X1,X1,0.11369701106066732,Space filling (16),750,16
X2,X2,0.38814721720996204,Space filling (16),750,16
X3 (non-informative),X3,0.15952603836888726,Space filling (16),750,16
Random Normal,Random Normal,0.33862973336048335,Space filling (16),750,16
X1,X1,0.1629801762499612,Space filling (16),751,16
X2,X2,0.5655590566303652,Space filling (16),751,16
X3 (non-informative),X3,0.13458189314777616,Space filling (16),751,16
Random Normal,Random Normal,0.13687887397189746,Space filling (16),751,16
X1,X1,0.19649920250911837,Space filling (16),752,16
X2,X2,0.5413222393900733,Space filling (16),752,16
X3 (non-informative),X3,0.13704681354958392,Space filling (16),752,16
Random Normal,Random Normal,0.1251317445512244,Space filling (16),752,16
X1,X1,0.17057660101179759,Space filling (16),753,16
X2,X2,0.5688241726970052,Space filling (16),753,16
X3 (non-informative),X3,0.159870894906185,Space filling (16),753,16
Random Normal,Random Normal,0.10072833138501217,Space filling (16),753,16
X1,X1,0.15891080884283693,Space filling (16),754,16
X2,X2,0.5156807732816892,Space filling (16),754,16
X3 (non-informative),X3,0.11539499600438637,Space filling (16),754,16
Random Normal,Random Normal,0.21001342187108757,Space filling (16),754,16
X1,X1,0.1631425585311147,Space filling (16),755,16
X2,X2,0.49832177056123494,Space filling (16),755,16
X3 (non-informative),X3,0.19164510011495425,Space filling (16),755,16
Random Normal,Random Normal,0.1468905707926961,Space filling (16),755,16
X1,X1,0.1599095961756549,Space filling (16),756,16
X2,X2,0.5905057661595134,Space filling (16),756,16
X3 (non-informative),X3,0.14734672812330937,Space filling (16),756,16
Random Normal,Random Normal,0.10223790954152233,Space filling (16),756,16
X1,X1,0.12554096547865518,Space filling (16),757,16
X2,X2,0.6479203185370301,Space filling (16),757,16
X3 (non-informative),X3,0.16075255084083961,Space filling (16),757,16
Random Normal,Random Normal,0.06578616514347509,Space filling (16),757,16
X1,X1,0.10683295658123436,Space filling (16),758,16
X2,X2,0.4212115006882703,Space filling (16),758,16
X3 (non-informative),X3,0.13720363572807073,Space filling (16),758,16
Random Normal,Random Normal,0.33475190700242463,Space filling (16),758,16
X1,X1,0.16569503061482,Space filling (16),759,16
X2,X2,0.5488614265031139,Space filling (16),759,16
X3 (non-informative),X3,0.11993538645306118,Space filling (16),759,16
Random Normal,Random Normal,0.165508156429005,Space filling (16),759,16
X1,X1,0.17731189314510876,Space filling (16),760,16
X2,X2,0.6350150653890706,Space filling (16),760,16
X3 (non-informative),X3,0.08529457996170957,Space filling (16),760,16
Random Normal,Random Normal,0.10237846150411108,Space filling (16),760,16
X1,X1,0.13524046203127782,Space filling (16),761,16
X2,X2,0.4426551121231247,Space filling (16),761,16
X3 (non-informative),X3,0.110230445968507,Space filling (16),761,16
Random Normal,Random Normal,0.3118739798770905,Space filling (16),761,16
X1,X1,0.16002960219896512,Space filling (16),762,16
X2,X2,0.4732318614425575,Space filling (16),762,16
X3 (non-informative),X3,0.10824295238300592,Space filling (16),762,16
Random Normal,Random Normal,0.25849558397547145,Space filling (16),762,16
X1,X1,0.1320299461627394,Space filling (16),763,16
X2,X2,0.5640376196301264,Space filling (16),763,16
X3 (non-informative),X3,0.10246956391920631,Space filling (16),763,16
Random Normal,Random Normal,0.2014628702879279,Space filling (16),763,16
X1,X1,0.12157801692806525,Space filling (16),764,16
X2,X2,0.44608424495420657,Space filling (16),764,16
X3 (non-informative),X3,0.14885369693610975,Space filling (16),764,16
Random Normal,Random Normal,0.2834840411816184,Space filling (16),764,16
X1,X1,0.17460993097398148,Space filling (16),765,16
X2,X2,0.4958660932061004,Space filling (16),765,16
X3 (non-informative),X3,0.1609305241408657,Space filling (16),765,16
Random Normal,Random Normal,0.1685934516790524,Space filling (16),765,16
X1,X1,0.15685362784322562,Space filling (16),766,16
X2,X2,0.4699759767804111,Space filling (16),766,16
X3 (non-informative),X3,0.10073603894522751,Space filling (16),766,16
Random Normal,Random Normal,0.2724343564311358,Space filling (16),766,16
X1,X1,0.15503181762409285,Space filling (16),767,16
X2,X2,0.4521474552899072,Space filling (16),767,16
X3 (non-informative),X3,0.09868793323618012,Space filling (16),767,16
Random Normal,Random Normal,0.29413279384981983,Space filling (16),767,16
X1,X1,0.15434693437622257,Space filling (16),768,16
X2,X2,0.521481381680819,Space filling (16),768,16
X3 (non-informative),X3,0.16723626514327308,Space filling (16),768,16
Random Normal,Random Normal,0.15693541879968528,Space filling (16),768,16
X1,X1,0.10354916157352302,Space filling (16),769,16
X2,X2,0.4463563214031389,Space filling (16),769,16
X3 (non-informative),X3,0.20684910275839097,Space filling (16),769,16
Random Normal,Random Normal,0.24324541426494706,Space filling (16),769,16
X1,X1,0.21402927640389166,Space filling (16),770,16
X2,X2,0.47120431059111473,Space filling (16),770,16
X3 (non-informative),X3,0.1303727205632853,Space filling (16),770,16
Random Normal,Random Normal,0.1843936924417083,Space filling (16),770,16
X1,X1,0.1598505222325875,Space filling (16),771,16
X2,X2,0.41004530399598194,Space filling (16),771,16
X3 (non-informative),X3,0.1118072625844529,Space filling (16),771,16
Random Normal,Random Normal,0.31829691118697767,Space filling (16),771,16
X1,X1,0.11995965262338135,Space filling (16),772,16
X2,X2,0.5367506769182828,Space filling (16),772,16
X3 (non-informative),X3,0.14983172024416452,Space filling (16),772,16
Random Normal,Random Normal,0.1934579502141713,Space filling (16),772,16
X1,X1,0.17913817562010173,Space filling (16),773,16
X2,X2,0.5987197472245752,Space filling (16),773,16
X3 (non-informative),X3,0.10398084766775172,Space filling (16),773,16
Random Normal,Random Normal,0.11816122948757131,Space filling (16),773,16
X1,X1,0.19671158222533694,Space filling (16),774,16
X2,X2,0.5210484769176816,Space filling (16),774,16
X3 (non-informative),X3,0.1237215101256626,Space filling (16),774,16
Random Normal,Random Normal,0.1585184307313188,Space filling (16),774,16
X1,X1,0.14033311980673896,Space filling (16),775,16
X2,X2,0.5096776688151708,Space filling (16),775,16
X3 (non-informative),X3,0.13584626144506579,Space filling (16),775,16
Random Normal,Random Normal,0.21414294993302443,Space filling (16),775,16
X1,X1,0.17617409919537827,Space filling (16),776,16
X2,X2,0.5331339285178954,Space filling (16),776,16
X3 (non-informative),X3,0.14861317195753537,Space filling (16),776,16
Random Normal,Random Normal,0.1420788003291909,Space filling (16),776,16
X1,X1,0.16372390802072787,Space filling (16),777,16
X2,X2,0.5979962079790462,Space filling (16),777,16
X3 (non-informative),X3,0.13138953352503313,Space filling (16),777,16
Random Normal,Random Normal,0.10689035047519281,Space filling (16),777,16
X1,X1,0.1438917451397401,Space filling (16),778,16
X2,X2,0.599975928043592,Space filling (16),778,16
X3 (non-informative),X3,0.1311428998770342,Space filling (16),778,16
Random Normal,Random Normal,0.12498942693963366,Space filling (16),778,16
X1,X1,0.15466715049872207,Space filling (16),779,16
X2,X2,0.43091803373524196,Space filling (16),779,16
X3 (non-informative),X3,0.13508845139718922,Space filling (16),779,16
Random Normal,Random Normal,0.2793263643688468,Space filling (16),779,16
X1,X1,0.14413828366241827,Space filling (16),780,16
X2,X2,0.512220310839588,Space filling (16),780,16
X3 (non-informative),X3,0.1420583415995693,Space filling (16),780,16
Random Normal,Random Normal,0.20158306389842454,Space filling (16),780,16
X1,X1,0.15001096821727244,Space filling (16),781,16
X2,X2,0.5831145964660551,Space filling (16),781,16
X3 (non-informative),X3,0.12390484950091492,Space filling (16),781,16
Random Normal,Random Normal,0.1429695858157575,Space filling (16),781,16
X1,X1,0.17894667850643597,Space filling (16),782,16
X2,X2,0.5548227365116255,Space filling (16),782,16
X3 (non-informative),X3,0.09637084818259614,Space filling (16),782,16
Random Normal,Random Normal,0.16985973679934238,Space filling (16),782,16
X1,X1,0.1858134511701571,Space filling (16),783,16
X2,X2,0.6369449165801082,Space filling (16),783,16
X3 (non-informative),X3,0.12045183224023559,Space filling (16),783,16
Random Normal,Random Normal,0.056789800009499056,Space filling (16),783,16
X1,X1,0.13199310036265294,Space filling (16),784,16
X2,X2,0.5209408345970462,Space filling (16),784,16
X3 (non-informative),X3,0.1293445031020292,Space filling (16),784,16
Random Normal,Random Normal,0.21772156193827172,Space filling (16),784,16
X1,X1,0.1714150256917658,Space filling (16),785,16
X2,X2,0.5548217856257486,Space filling (16),785,16
X3 (non-informative),X3,0.15550217456497833,Space filling (16),785,16
Random Normal,Random Normal,0.11826101411750724,Space filling (16),785,16
X1,X1,0.21057357245407843,Space filling (16),786,16
X2,X2,0.5380835835870016,Space filling (16),786,16
X3 (non-informative),X3,0.16144684159686246,Space filling (16),786,16
Random Normal,Random Normal,0.08989600236205748,Space filling (16),786,16
X1,X1,0.1666890877769084,Space filling (16),787,16
X2,X2,0.549682855042785,Space filling (16),787,16
X3 (non-informative),X3,0.15635438361503395,Space filling (16),787,16
Random Normal,Random Normal,0.1272736735652726,Space filling (16),787,16
X1,X1,0.15956873722320142,Space filling (16),788,16
X2,X2,0.49502822931737006,Space filling (16),788,16
X3 (non-informative),X3,0.1449556517019704,Space filling (16),788,16
Random Normal,Random Normal,0.2004473817574581,Space filling (16),788,16
X1,X1,0.1202320527428428,Space filling (16),789,16
X2,X2,0.5246008294651648,Space filling (16),789,16
X3 (non-informative),X3,0.10818015472284302,Space filling (16),789,16
Random Normal,Random Normal,0.24698696306914933,Space filling (16),789,16
X1,X1,0.18769932451261873,Space filling (16),790,16
X2,X2,0.5144736276488705,Space filling (16),790,16
X3 (non-informative),X3,0.10866668457349525,Space filling (16),790,16
Random Normal,Random Normal,0.18916036326501556,Space filling (16),790,16
X1,X1,0.15192396026099847,Space filling (16),791,16
X2,X2,0.5586625051282664,Space filling (16),791,16
X3 (non-informative),X3,0.1623967567366694,Space filling (16),791,16
Random Normal,Random Normal,0.12701677787406573,Space filling (16),791,16
X1,X1,0.1669897764516572,Space filling (16),792,16
X2,X2,0.5696579890354614,Space filling (16),792,16
X3 (non-informative),X3,0.13580388791052952,Space filling (16),792,16
Random Normal,Random Normal,0.12754834660235184,Space filling (16),792,16
X1,X1,0.19297899964485402,Space filling (16),793,16
X2,X2,0.5364129175324438,Space filling (16),793,16
X3 (non-informative),X3,0.1260498954825751,Space filling (16),793,16
Random Normal,Random Normal,0.14455818734012704,Space filling (16),793,16
X1,X1,0.12327259938547361,Space filling (16),794,16
X2,X2,0.5153852520411453,Space filling (16),794,16
X3 (non-informative),X3,0.12548702708310963,Space filling (16),794,16
Random Normal,Random Normal,0.23585512149027152,Space filling (16),794,16
X1,X1,0.0307901568962831,Space filling (16),795,16
X2,X2,0.5756236241025084,Space filling (16),795,16
X3 (non-informative),X3,0.17503991883203962,Space filling (16),795,16
Random Normal,Random Normal,0.21854630016916884,Space filling (16),795,16
X1,X1,0.1768442687053705,Space filling (16),796,16
X2,X2,0.5497097664008568,Space filling (16),796,16
X3 (non-informative),X3,0.13247197499893515,Space filling (16),796,16
Random Normal,Random Normal,0.1409739898948376,Space filling (16),796,16
X1,X1,0.1855369814822821,Space filling (16),797,16
X2,X2,0.6249912966601587,Space filling (16),797,16
X3 (non-informative),X3,0.11189477109989918,Space filling (16),797,16
Random Normal,Random Normal,0.07757695075766004,Space filling (16),797,16
X1,X1,0.13707828267957414,Space filling (16),798,16
X2,X2,0.4751717413936736,Space filling (16),798,16
X3 (non-informative),X3,0.1403720303548463,Space filling (16),798,16
Random Normal,Random Normal,0.24737794557190596,Space filling (16),798,16
X1,X1,0.13769062522053907,Space filling (16),799,16
X2,X2,0.493575687617486,Space filling (16),799,16
X3 (non-informative),X3,0.15866864231069153,Space filling (16),799,16
Random Normal,Random Normal,0.2100650448512834,Space filling (16),799,16
X1,X1,0.19112755957749378,Space filling (16),800,16
X2,X2,0.5336130215321984,Space filling (16),800,16
X3 (non-informative),X3,0.12870984833631627,Space filling (16),800,16
Random Normal,Random Normal,0.14654957055399156,Space filling (16),800,16
X1,X1,0.12554205091812096,Space filling (16),801,16
X2,X2,0.5673903606069285,Space filling (16),801,16
X3 (non-informative),X3,0.10109929069635222,Space filling (16),801,16
Random Normal,Random Normal,0.2059682977785984,Space filling (16),801,16
X1,X1,0.19590387514463262,Space filling (16),802,16
X2,X2,0.5190734737548176,Space filling (16),802,16
X3 (non-informative),X3,0.1577060342518769,Space filling (16),802,16
Random Normal,Random Normal,0.12731661684867282,Space filling (16),802,16
X1,X1,0.14500729321565092,Space filling (16),803,16
X2,X2,0.5216396054423048,Space filling (16),803,16
X3 (non-informative),X3,0.13498340573044365,Space filling (16),803,16
Random Normal,Random Normal,0.1983696956116006,Space filling (16),803,16
X1,X1,0.17720313348624445,Space filling (16),804,16
X2,X2,0.5169521775381509,Space filling (16),804,16
X3 (non-informative),X3,0.15330388962951247,Space filling (16),804,16
Random Normal,Random Normal,0.1525407993460921,Space filling (16),804,16
X1,X1,0.11191791522128391,Space filling (16),805,16
X2,X2,0.4849999723928428,Space filling (16),805,16
X3 (non-informative),X3,0.12624340230590772,Space filling (16),805,16
Random Normal,Random Normal,0.2768387100799655,Space filling (16),805,16
X1,X1,0.16941576989141974,Space filling (16),806,16
X2,X2,0.5412789790423344,Space filling (16),806,16
X3 (non-informative),X3,0.16332796270550967,Space filling (16),806,16
Random Normal,Random Normal,0.12597728836073627,Space filling (16),806,16
X1,X1,0.07930206239345833,Space filling (16),807,16
X2,X2,0.29807415675829885,Space filling (16),807,16
X3 (non-informative),X3,0.1595443159258286,Space filling (16),807,16
Random Normal,Random Normal,0.4630794649224142,Space filling (16),807,16
X1,X1,0.14360581989909404,Space filling (16),808,16
X2,X2,0.5531432017324597,Space filling (16),808,16
X3 (non-informative),X3,0.16020696460304046,Space filling (16),808,16
Random Normal,Random Normal,0.14304401376540582,Space filling (16),808,16
X1,X1,0.12162262052954488,Space filling (16),809,16
X2,X2,0.5550824389994817,Space filling (16),809,16
X3 (non-informative),X3,0.13716160783558368,Space filling (16),809,16
Random Normal,Random Normal,0.1861333326353897,Space filling (16),809,16
X1,X1,0.15748649857036098,Space filling (16),810,16
X2,X2,0.5864575967260169,Space filling (16),810,16
X3 (non-informative),X3,0.16112495932092152,Space filling (16),810,16
Random Normal,Random Normal,0.09493094538270054,Space filling (16),810,16
X1,X1,0.17873997404935865,Space filling (16),811,16
X2,X2,0.6262108961329778,Space filling (16),811,16
X3 (non-informative),X3,0.1027778854167227,Space filling (16),811,16
Random Normal,Random Normal,0.09227124440094084,Space filling (16),811,16
X1,X1,0.08827785166028518,Space filling (16),812,16
X2,X2,0.35652584221381584,Space filling (16),812,16
X3 (non-informative),X3,0.09460389819759327,Space filling (16),812,16
Random Normal,Random Normal,0.46059240792830575,Space filling (16),812,16
X1,X1,0.14395762632379108,Space filling (16),813,16
X2,X2,0.5754436358965427,Space filling (16),813,16
X3 (non-informative),X3,0.129898766693991,Space filling (16),813,16
Random Normal,Random Normal,0.1506999710856753,Space filling (16),813,16
X1,X1,0.11313113987421164,Space filling (16),814,16
X2,X2,0.5246532463869419,Space filling (16),814,16
X3 (non-informative),X3,0.11924411001861965,Space filling (16),814,16
Random Normal,Random Normal,0.24297150372022683,Space filling (16),814,16
X1,X1,0.21951915882280618,Space filling (16),815,16
X2,X2,0.5417335513572177,Space filling (16),815,16
X3 (non-informative),X3,0.15524308475155607,Space filling (16),815,16
Random Normal,Random Normal,0.08350420506842009,Space filling (16),815,16
X1,X1,0.2092989360935908,Space filling (16),816,16
X2,X2,0.46622363804175265,Space filling (16),816,16
X3 (non-informative),X3,0.12579371122324223,Space filling (16),816,16
Random Normal,Random Normal,0.19868371464141432,Space filling (16),816,16
X1,X1,0.2137737360950764,Space filling (16),817,16
X2,X2,0.5771182940720455,Space filling (16),817,16
X3 (non-informative),X3,0.11313338564201801,Space filling (16),817,16
Random Normal,Random Normal,0.0959745841908601,Space filling (16),817,16
X1,X1,0.18093400717568806,Space filling (16),818,16
X2,X2,0.5502081342931323,Space filling (16),818,16
X3 (non-informative),X3,0.12321501545577927,Space filling (16),818,16
Random Normal,Random Normal,0.14564284307540037,Space filling (16),818,16
X1,X1,0.16351231858301676,Space filling (16),819,16
X2,X2,0.5080370670614657,Space filling (16),819,16
X3 (non-informative),X3,0.17745004396554867,Space filling (16),819,16
Random Normal,Random Normal,0.1510005703899689,Space filling (16),819,16
X1,X1,0.09906058616699798,Space filling (16),820,16
X2,X2,0.42741229400809516,Space filling (16),820,16
X3 (non-informative),X3,0.12782397536713042,Space filling (16),820,16
Random Normal,Random Normal,0.34570314445777645,Space filling (16),820,16
X1,X1,0.16986925748929127,Space filling (16),821,16
X2,X2,0.4966229772494994,Space filling (16),821,16
X3 (non-informative),X3,0.16575063260318465,Space filling (16),821,16
Random Normal,Random Normal,0.16775713265802467,Space filling (16),821,16
X1,X1,0.161486742406773,Space filling (16),822,16
X2,X2,0.6467519398695047,Space filling (16),822,16
X3 (non-informative),X3,0.1325923650960509,Space filling (16),822,16
Random Normal,Random Normal,0.05916895262767133,Space filling (16),822,16
X1,X1,0.14334797924774575,Space filling (16),823,16
X2,X2,0.6118375041000333,Space filling (16),823,16
X3 (non-informative),X3,0.14363646578985007,Space filling (16),823,16
Random Normal,Random Normal,0.10117805086237083,Space filling (16),823,16
X1,X1,0.1580655609976917,Space filling (16),824,16
X2,X2,0.5846384424976834,Space filling (16),824,16
X3 (non-informative),X3,0.15166677345137855,Space filling (16),824,16
Random Normal,Random Normal,0.10562922305324635,Space filling (16),824,16
X1,X1,0.1752747986171638,Space filling (16),825,16
X2,X2,0.599678752404837,Space filling (16),825,16
X3 (non-informative),X3,0.09863364341104826,Space filling (16),825,16
Random Normal,Random Normal,0.12641280556695086,Space filling (16),825,16
X1,X1,0.19180320008798932,Space filling (16),826,16
X2,X2,0.6244150904434972,Space filling (16),826,16
X3 (non-informative),X3,0.09939432046747902,Space filling (16),826,16
Random Normal,Random Normal,0.0843873890010345,Space filling (16),826,16
X1,X1,0.16166438139400036,Space filling (16),827,16
X2,X2,0.6000407372173213,Space filling (16),827,16
X3 (non-informative),X3,0.1572671441603665,Space filling (16),827,16
Random Normal,Random Normal,0.08102773722831184,Space filling (16),827,16
X1,X1,0.17216748777431162,Space filling (16),828,16
X2,X2,0.573044218046821,Space filling (16),828,16
X3 (non-informative),X3,0.1408965510185489,Space filling (16),828,16
Random Normal,Random Normal,0.11389174316031846,Space filling (16),828,16
X1,X1,0.22170503273336292,Space filling (16),829,16
X2,X2,0.5568426407087672,Space filling (16),829,16
X3 (non-informative),X3,0.12848929983503454,Space filling (16),829,16
Random Normal,Random Normal,0.0929630267228353,Space filling (16),829,16
X1,X1,0.12707837938944105,Space filling (16),830,16
X2,X2,0.4976776538184201,Space filling (16),830,16
X3 (non-informative),X3,0.15322446435220402,Space filling (16),830,16
Random Normal,Random Normal,0.22201950243993485,Space filling (16),830,16
X1,X1,0.21979543662151754,Space filling (16),831,16
X2,X2,0.5076155205878446,Space filling (16),831,16
X3 (non-informative),X3,0.15379094119123699,Space filling (16),831,16
Random Normal,Random Normal,0.11879810159940084,Space filling (16),831,16
X1,X1,0.07802407024730745,Space filling (16),832,16
X2,X2,0.6851077370947699,Space filling (16),832,16
X3 (non-informative),X3,0.12481079357060249,Space filling (16),832,16
Random Normal,Random Normal,0.11205739908732013,Space filling (16),832,16
X1,X1,0.13054781770802454,Space filling (16),833,16
X2,X2,0.45065474278197676,Space filling (16),833,16
X3 (non-informative),X3,0.17181522022742662,Space filling (16),833,16
Random Normal,Random Normal,0.24698221928257205,Space filling (16),833,16
X1,X1,0.17966277568314235,Space filling (16),834,16
X2,X2,0.5675346716680063,Space filling (16),834,16
X3 (non-informative),X3,0.12536294450997293,Space filling (16),834,16
Random Normal,Random Normal,0.12743960813887836,Space filling (16),834,16
X1,X1,0.11079706390392126,Space filling (16),835,16
X2,X2,0.45252234894407417,Space filling (16),835,16
X3 (non-informative),X3,0.10910387113508468,Space filling (16),835,16
Random Normal,Random Normal,0.3275767160169199,Space filling (16),835,16
X1,X1,0.1793371918166055,Space filling (16),836,16
X2,X2,0.5439115455239205,Space filling (16),836,16
X3 (non-informative),X3,0.18075279468537797,Space filling (16),836,16
Random Normal,Random Normal,0.09599846797409596,Space filling (16),836,16
X1,X1,0.1137147726329182,Space filling (16),837,16
X2,X2,0.5809570630906435,Space filling (16),837,16
X3 (non-informative),X3,0.12005483274586101,Space filling (16),837,16
Random Normal,Random Normal,0.1852733315305772,Space filling (16),837,16
X1,X1,0.1455343999014987,Space filling (16),838,16
X2,X2,0.5423634277609964,Space filling (16),838,16
X3 (non-informative),X3,0.16935818133710323,Space filling (16),838,16
Random Normal,Random Normal,0.1427439910004016,Space filling (16),838,16
X1,X1,0.1283422934549437,Space filling (16),839,16
X2,X2,0.55476561604995,Space filling (16),839,16
X3 (non-informative),X3,0.14376313084536,Space filling (16),839,16
Random Normal,Random Normal,0.17312895964974634,Space filling (16),839,16
X1,X1,0.15019440490031297,Space filling (16),840,16
X2,X2,0.6277652215612447,Space filling (16),840,16
X3 (non-informative),X3,0.11339559783114679,Space filling (16),840,16
Random Normal,Random Normal,0.10864477570729554,Space filling (16),840,16
X1,X1,0.16253167727970172,Space filling (16),841,16
X2,X2,0.6417455578467446,Space filling (16),841,16
X3 (non-informative),X3,0.11928508882665503,Space filling (16),841,16
Random Normal,Random Normal,0.0764376760468987,Space filling (16),841,16
X1,X1,0.1466715656869947,Space filling (16),842,16
X2,X2,0.6279957739971701,Space filling (16),842,16
X3 (non-informative),X3,0.11780009403698316,Space filling (16),842,16
Random Normal,Random Normal,0.10753256627885203,Space filling (16),842,16
X1,X1,0.15829881629374398,Space filling (16),843,16
X2,X2,0.5754067624738564,Space filling (16),843,16
X3 (non-informative),X3,0.10575754879867018,Space filling (16),843,16
Random Normal,Random Normal,0.1605368724337295,Space filling (16),843,16
X1,X1,0.1621399241252014,Space filling (16),844,16
X2,X2,0.5078516379528222,Space filling (16),844,16
X3 (non-informative),X3,0.14121586116096083,Space filling (16),844,16
Random Normal,Random Normal,0.18879257676101555,Space filling (16),844,16
X1,X1,0.20873002496143758,Space filling (16),845,16
X2,X2,0.5811888311788527,Space filling (16),845,16
X3 (non-informative),X3,0.15257454625063593,Space filling (16),845,16
Random Normal,Random Normal,0.05750659760907384,Space filling (16),845,16
X1,X1,0.15110938928239748,Space filling (16),846,16
X2,X2,0.5755960001609952,Space filling (16),846,16
X3 (non-informative),X3,0.1595613930358,Space filling (16),846,16
Random Normal,Random Normal,0.11373321752080728,Space filling (16),846,16
X1,X1,0.1221305840499087,Space filling (16),847,16
X2,X2,0.5227410990825068,Space filling (16),847,16
X3 (non-informative),X3,0.11057997874896432,Space filling (16),847,16
Random Normal,Random Normal,0.2445483381186202,Space filling (16),847,16
X1,X1,0.1445609607101157,Space filling (16),848,16
X2,X2,0.5682632097629149,Space filling (16),848,16
X3 (non-informative),X3,0.16841987935082015,Space filling (16),848,16
Random Normal,Random Normal,0.11875595017614923,Space filling (16),848,16
X1,X1,0.13889610450369352,Space filling (16),849,16
X2,X2,0.5029218990041765,Space filling (16),849,16
X3 (non-informative),X3,0.1378130980602019,Space filling (16),849,16
Random Normal,Random Normal,0.2203688984319281,Space filling (16),849,16
X1,X1,0.17426472556501268,Space filling (16),850,16
X2,X2,0.49727642767434377,Space filling (16),850,16
X3 (non-informative),X3,0.1579265530832261,Space filling (16),850,16
Random Normal,Random Normal,0.17053229367741746,Space filling (16),850,16
X1,X1,0.1312530324602522,Space filling (16),851,16
X2,X2,0.5309776867529268,Space filling (16),851,16
X3 (non-informative),X3,0.11712761790976639,Space filling (16),851,16
Random Normal,Random Normal,0.2206416628770546,Space filling (16),851,16
X1,X1,0.16352618817975137,Space filling (16),852,16
X2,X2,0.5709092089713038,Space filling (16),852,16
X3 (non-informative),X3,0.09466068283873291,Space filling (16),852,16
Random Normal,Random Normal,0.1709039200102119,Space filling (16),852,16
X1,X1,0.18185054433151077,Space filling (16),853,16
X2,X2,0.48752990750424907,Space filling (16),853,16
X3 (non-informative),X3,0.15788997338343674,Space filling (16),853,16
Random Normal,Random Normal,0.17272957478080342,Space filling (16),853,16
X1,X1,0.15059521024539319,Space filling (16),854,16
X2,X2,0.5513329484374336,Space filling (16),854,16
X3 (non-informative),X3,0.11330060588969026,Space filling (16),854,16
Random Normal,Random Normal,0.18477123542748292,Space filling (16),854,16
X1,X1,0.20330082640994654,Space filling (16),855,16
X2,X2,0.5434171578434194,Space filling (16),855,16
X3 (non-informative),X3,0.12539968038563634,Space filling (16),855,16
Random Normal,Random Normal,0.1278823353609978,Space filling (16),855,16
X1,X1,0.15469582418339312,Space filling (16),856,16
X2,X2,0.5123727905822564,Space filling (16),856,16
X3 (non-informative),X3,0.17477292791040056,Space filling (16),856,16
Random Normal,Random Normal,0.15815845732395004,Space filling (16),856,16
X1,X1,0.15062693817582035,Space filling (16),857,16
X2,X2,0.42726864469646253,Space filling (16),857,16
X3 (non-informative),X3,0.11672161644855578,Space filling (16),857,16
Random Normal,Random Normal,0.3053828006791614,Space filling (16),857,16
X1,X1,0.17418303854497258,Space filling (16),858,16
X2,X2,0.5843645754544644,Space filling (16),858,16
X3 (non-informative),X3,0.1356856673040731,Space filling (16),858,16
Random Normal,Random Normal,0.10576671869648994,Space filling (16),858,16
X1,X1,0.1711451217042338,Space filling (16),859,16
X2,X2,0.4998478336661338,Space filling (16),859,16
X3 (non-informative),X3,0.13060634971588386,Space filling (16),859,16
Random Normal,Random Normal,0.1984006949137486,Space filling (16),859,16
X1,X1,0.1547333934432537,Space filling (16),860,16
X2,X2,0.6089832014521355,Space filling (16),860,16
X3 (non-informative),X3,0.16374180591864318,Space filling (16),860,16
Random Normal,Random Normal,0.0725415991859677,Space filling (16),860,16
X1,X1,0.1789719616020895,Space filling (16),861,16
X2,X2,0.5895002011346223,Space filling (16),861,16
X3 (non-informative),X3,0.1567235098837683,Space filling (16),861,16
Random Normal,Random Normal,0.07480432737951984,Space filling (16),861,16
X1,X1,0.08952833228346145,Space filling (16),862,16
X2,X2,0.3333213459903225,Space filling (16),862,16
X3 (non-informative),X3,0.07509998399418948,Space filling (16),862,16
Random Normal,Random Normal,0.5020503377320266,Space filling (16),862,16
X1,X1,0.18420139862534368,Space filling (16),863,16
X2,X2,0.5533779114109673,Space filling (16),863,16
X3 (non-informative),X3,0.14463514096078325,Space filling (16),863,16
Random Normal,Random Normal,0.11778554900290578,Space filling (16),863,16
X1,X1,0.18794486019573878,Space filling (16),864,16
X2,X2,0.5743337785454677,Space filling (16),864,16
X3 (non-informative),X3,0.1418724822866814,Space filling (16),864,16
Random Normal,Random Normal,0.09584887897211211,Space filling (16),864,16
X1,X1,0.11280075775658699,Space filling (16),865,16
X2,X2,0.38158417866318245,Space filling (16),865,16
X3 (non-informative),X3,0.07759709413051498,Space filling (16),865,16
Random Normal,Random Normal,0.42801796944971554,Space filling (16),865,16
X1,X1,0.18335370131808357,Space filling (16),866,16
X2,X2,0.5736320402164541,Space filling (16),866,16
X3 (non-informative),X3,0.16571005865330635,Space filling (16),866,16
Random Normal,Random Normal,0.07730419981215603,Space filling (16),866,16
X1,X1,0.16259867235593084,Space filling (16),867,16
X2,X2,0.47904680729338167,Space filling (16),867,16
X3 (non-informative),X3,0.11181604063978241,Space filling (16),867,16
Random Normal,Random Normal,0.24653847971090506,Space filling (16),867,16
X1,X1,0.1741584018537609,Space filling (16),868,16
X2,X2,0.5410164139665902,Space filling (16),868,16
X3 (non-informative),X3,0.2121553176653935,Space filling (16),868,16
Random Normal,Random Normal,0.0726698665142554,Space filling (16),868,16
X1,X1,0.12473774139063823,Space filling (16),869,16
X2,X2,0.5632771317157536,Space filling (16),869,16
X3 (non-informative),X3,0.15481428358920993,Space filling (16),869,16
Random Normal,Random Normal,0.1571708433043983,Space filling (16),869,16
X1,X1,0.13559985475761516,Space filling (16),870,16
X2,X2,0.5513602100964866,Space filling (16),870,16
X3 (non-informative),X3,0.14941200671329424,Space filling (16),870,16
Random Normal,Random Normal,0.163627928432604,Space filling (16),870,16
X1,X1,0.15927739585428452,Space filling (16),871,16
X2,X2,0.5888481629539689,Space filling (16),871,16
X3 (non-informative),X3,0.1540460267481275,Space filling (16),871,16
Random Normal,Random Normal,0.097828414443619,Space filling (16),871,16
X1,X1,0.17419748395633877,Space filling (16),872,16
X2,X2,0.5649120475153114,Space filling (16),872,16
X3 (non-informative),X3,0.17081305159892132,Space filling (16),872,16
Random Normal,Random Normal,0.09007741692942853,Space filling (16),872,16
X1,X1,0.19196500588844592,Space filling (16),873,16
X2,X2,0.5338602831927409,Space filling (16),873,16
X3 (non-informative),X3,0.07324408918559727,Space filling (16),873,16
Random Normal,Random Normal,0.20093062173321585,Space filling (16),873,16
X1,X1,0.1654494176254998,Space filling (16),874,16
X2,X2,0.5690494990827923,Space filling (16),874,16
X3 (non-informative),X3,0.14032871735184935,Space filling (16),874,16
Random Normal,Random Normal,0.12517236593985842,Space filling (16),874,16
X1,X1,0.19947435798677557,Space filling (16),875,16
X2,X2,0.5014761982255516,Space filling (16),875,16
X3 (non-informative),X3,0.10595658271037034,Space filling (16),875,16
Random Normal,Random Normal,0.19309286107730253,Space filling (16),875,16
X1,X1,0.13403021056134062,Space filling (16),876,16
X2,X2,0.5959738370178898,Space filling (16),876,16
X3 (non-informative),X3,0.10509757921734811,Space filling (16),876,16
Random Normal,Random Normal,0.1648983732034215,Space filling (16),876,16
X1,X1,0.14406723949668826,Space filling (16),877,16
X2,X2,0.6360235687010795,Space filling (16),877,16
X3 (non-informative),X3,0.10425992887663964,Space filling (16),877,16
Random Normal,Random Normal,0.11564926292559259,Space filling (16),877,16
X1,X1,0.1311217207885383,Space filling (16),878,16
X2,X2,0.5345485255333123,Space filling (16),878,16
X3 (non-informative),X3,0.1436076840003417,Space filling (16),878,16
Random Normal,Random Normal,0.19072206967780764,Space filling (16),878,16
X1,X1,0.1807739705233956,Space filling (16),879,16
X2,X2,0.5248525283889014,Space filling (16),879,16
X3 (non-informative),X3,0.18835072954363904,Space filling (16),879,16
Random Normal,Random Normal,0.10602277154406396,Space filling (16),879,16
X1,X1,0.098633429912051,Space filling (16),880,16
X2,X2,0.45208960297445105,Space filling (16),880,16
X3 (non-informative),X3,0.09480302439299827,Space filling (16),880,16
Random Normal,Random Normal,0.3544739427204997,Space filling (16),880,16
X1,X1,0.1614274029486968,Space filling (16),881,16
X2,X2,0.5464954654669616,Space filling (16),881,16
X3 (non-informative),X3,0.13127229980779997,Space filling (16),881,16
Random Normal,Random Normal,0.16080483177654165,Space filling (16),881,16
X1,X1,0.174004379869592,Space filling (16),882,16
X2,X2,0.5538939101995697,Space filling (16),882,16
X3 (non-informative),X3,0.16799382562892431,Space filling (16),882,16
Random Normal,Random Normal,0.10410788430191402,Space filling (16),882,16
X1,X1,0.16770470515495406,Space filling (16),883,16
X2,X2,0.5598664929478355,Space filling (16),883,16
X3 (non-informative),X3,0.1293523805928737,Space filling (16),883,16
Random Normal,Random Normal,0.14307642130433676,Space filling (16),883,16
X1,X1,0.1234076992961743,Space filling (16),884,16
X2,X2,0.5936866418279647,Space filling (16),884,16
X3 (non-informative),X3,0.16607760315000733,Space filling (16),884,16
Random Normal,Random Normal,0.11682805572585364,Space filling (16),884,16
X1,X1,0.1766310864253462,Space filling (16),885,16
X2,X2,0.5622431897322289,Space filling (16),885,16
X3 (non-informative),X3,0.15804287685075055,Space filling (16),885,16
Random Normal,Random Normal,0.10308284699167442,Space filling (16),885,16
X1,X1,0.17017022497178702,Space filling (16),886,16
X2,X2,0.538468322067998,Space filling (16),886,16
X3 (non-informative),X3,0.1389502765683452,Space filling (16),886,16
Random Normal,Random Normal,0.1524111763918698,Space filling (16),886,16
X1,X1,0.14851823407538572,Space filling (16),887,16
X2,X2,0.5537416805285076,Space filling (16),887,16
X3 (non-informative),X3,0.106778085899919,Space filling (16),887,16
Random Normal,Random Normal,0.1909619994961877,Space filling (16),887,16
X1,X1,0.1334736565414556,Space filling (16),888,16
X2,X2,0.4685381112128817,Space filling (16),888,16
X3 (non-informative),X3,0.1056925924071366,Space filling (16),888,16
Random Normal,Random Normal,0.2922956398385261,Space filling (16),888,16
X1,X1,0.07047970424025413,Space filling (16),889,16
X2,X2,0.7704794938036618,Space filling (16),889,16
X3 (non-informative),X3,0.03880859160943786,Space filling (16),889,16
Random Normal,Random Normal,0.1202322103466463,Space filling (16),889,16
X1,X1,0.15598458389869144,Space filling (16),890,16
X2,X2,0.5405793919135142,Space filling (16),890,16
X3 (non-informative),X3,0.1956479409095966,Space filling (16),890,16
Random Normal,Random Normal,0.1077880832781977,Space filling (16),890,16
X1,X1,0.17505674324398346,Space filling (16),891,16
X2,X2,0.49643897894692013,Space filling (16),891,16
X3 (non-informative),X3,0.14418598793831236,Space filling (16),891,16
Random Normal,Random Normal,0.18431828987078405,Space filling (16),891,16
X1,X1,0.16181451840573235,Space filling (16),892,16
X2,X2,0.5558012394963908,Space filling (16),892,16
X3 (non-informative),X3,0.12110537532669578,Space filling (16),892,16
Random Normal,Random Normal,0.161278866771181,Space filling (16),892,16
X1,X1,0.12982505352112736,Space filling (16),893,16
X2,X2,0.6135693501292324,Space filling (16),893,16
X3 (non-informative),X3,0.1315300060180806,Space filling (16),893,16
Random Normal,Random Normal,0.12507559033155963,Space filling (16),893,16
X1,X1,0.1671053511753829,Space filling (16),894,16
X2,X2,0.5002093898920356,Space filling (16),894,16
X3 (non-informative),X3,0.14347208792532765,Space filling (16),894,16
Random Normal,Random Normal,0.18921317100725396,Space filling (16),894,16
X1,X1,0.1553760419069023,Space filling (16),895,16
X2,X2,0.5575087244153042,Space filling (16),895,16
X3 (non-informative),X3,0.13194670518383514,Space filling (16),895,16
Random Normal,Random Normal,0.15516852849395843,Space filling (16),895,16
X1,X1,0.1276790817017201,Space filling (16),896,16
X2,X2,0.523639548128768,Space filling (16),896,16
X3 (non-informative),X3,0.10857530824854952,Space filling (16),896,16
Random Normal,Random Normal,0.2401060619209624,Space filling (16),896,16
X1,X1,0.06726008307215471,Space filling (16),897,16
X2,X2,0.3557044200247288,Space filling (16),897,16
X3 (non-informative),X3,0.07465950913467054,Space filling (16),897,16
Random Normal,Random Normal,0.5023759877684459,Space filling (16),897,16
X1,X1,0.21012813449169335,Space filling (16),898,16
X2,X2,0.5504933035060895,Space filling (16),898,16
X3 (non-informative),X3,0.062409037296606726,Space filling (16),898,16
Random Normal,Random Normal,0.17696952470561048,Space filling (16),898,16
X1,X1,0.1421250707798638,Space filling (16),899,16
X2,X2,0.5838185952935644,Space filling (16),899,16
X3 (non-informative),X3,0.13892867787693064,Space filling (16),899,16
Random Normal,Random Normal,0.1351276560496412,Space filling (16),899,16
X1,X1,0.12233693400407057,Space filling (16),900,16
X2,X2,0.5115647687495145,Space filling (16),900,16
X3 (non-informative),X3,0.13378185649324675,Space filling (16),900,16
Random Normal,Random Normal,0.23231644075316815,Space filling (16),900,16
X1,X1,0.1877653570844897,Space filling (16),901,16
X2,X2,0.5266527854405092,Space filling (16),901,16
X3 (non-informative),X3,0.16523284703408544,Space filling (16),901,16
Random Normal,Random Normal,0.12034901044091562,Space filling (16),901,16
X1,X1,0.1667625495776085,Space filling (16),902,16
X2,X2,0.5759186728128057,Space filling (16),902,16
X3 (non-informative),X3,0.17072554406873855,Space filling (16),902,16
Random Normal,Random Normal,0.08659323354084719,Space filling (16),902,16
X1,X1,0.18328425992701908,Space filling (16),903,16
X2,X2,0.5120566011784836,Space filling (16),903,16
X3 (non-informative),X3,0.18112607226155467,Space filling (16),903,16
Random Normal,Random Normal,0.12353306663294268,Space filling (16),903,16
X1,X1,0.08949632104047804,Space filling (16),904,16
X2,X2,0.5288195563299393,Space filling (16),904,16
X3 (non-informative),X3,0.14573087247945268,Space filling (16),904,16
Random Normal,Random Normal,0.23595325015013,Space filling (16),904,16
X1,X1,0.17757229881189693,Space filling (16),905,16
X2,X2,0.5897622221055198,Space filling (16),905,16
X3 (non-informative),X3,0.161376600039865,Space filling (16),905,16
Random Normal,Random Normal,0.07128887904271829,Space filling (16),905,16
X1,X1,0.20679521429339373,Space filling (16),906,16
X2,X2,0.5001501584751483,Space filling (16),906,16
X3 (non-informative),X3,0.14179240718341304,Space filling (16),906,16
Random Normal,Random Normal,0.15126222004804496,Space filling (16),906,16
X1,X1,0.2105793216638274,Space filling (16),907,16
X2,X2,0.5742717642015115,Space filling (16),907,16
X3 (non-informative),X3,0.13042544557205318,Space filling (16),907,16
Random Normal,Random Normal,0.08472346856260794,Space filling (16),907,16
X1,X1,0.08006417899846895,Space filling (16),908,16
X2,X2,0.47798317982858424,Space filling (16),908,16
X3 (non-informative),X3,0.07790774815646752,Space filling (16),908,16
Random Normal,Random Normal,0.3640448930164793,Space filling (16),908,16
X1,X1,0.05663818440671046,Space filling (16),909,16
X2,X2,0.4448941167537567,Space filling (16),909,16
X3 (non-informative),X3,0.09706532084187433,Space filling (16),909,16
Random Normal,Random Normal,0.40140237799765854,Space filling (16),909,16
X1,X1,0.17113387840313063,Space filling (16),910,16
X2,X2,0.6650474776458879,Space filling (16),910,16
X3 (non-informative),X3,0.1300904421997625,Space filling (16),910,16
Random Normal,Random Normal,0.03372820175121894,Space filling (16),910,16
X1,X1,0.1823969797115377,Space filling (16),911,16
X2,X2,0.6045256251118957,Space filling (16),911,16
X3 (non-informative),X3,0.11060773380621283,Space filling (16),911,16
Random Normal,Random Normal,0.1024696613703538,Space filling (16),911,16
X1,X1,0.19175569633489506,Space filling (16),912,16
X2,X2,0.5982284588488606,Space filling (16),912,16
X3 (non-informative),X3,0.11817369117038698,Space filling (16),912,16
Random Normal,Random Normal,0.09184215364585742,Space filling (16),912,16
X1,X1,0.16110322065585614,Space filling (16),913,16
X2,X2,0.5419895468354674,Space filling (16),913,16
X3 (non-informative),X3,0.15393721184854486,Space filling (16),913,16
Random Normal,Random Normal,0.14297002066013156,Space filling (16),913,16
X1,X1,0.22068350441088472,Space filling (16),914,16
X2,X2,0.5325955148640148,Space filling (16),914,16
X3 (non-informative),X3,0.16433039295889115,Space filling (16),914,16
Random Normal,Random Normal,0.08239058776620932,Space filling (16),914,16
X1,X1,0.18268477669092184,Space filling (16),915,16
X2,X2,0.6066682202585818,Space filling (16),915,16
X3 (non-informative),X3,0.10799136223696036,Space filling (16),915,16
Random Normal,Random Normal,0.10265564081353602,Space filling (16),915,16
X1,X1,0.15703151353861475,Space filling (16),916,16
X2,X2,0.5574002254200845,Space filling (16),916,16
X3 (non-informative),X3,0.15249946259531272,Space filling (16),916,16
Random Normal,Random Normal,0.13306879844598807,Space filling (16),916,16
X1,X1,0.20758430271926412,Space filling (16),917,16
X2,X2,0.5128069869681775,Space filling (16),917,16
X3 (non-informative),X3,0.12015424531620102,Space filling (16),917,16
Random Normal,Random Normal,0.15945446499635738,Space filling (16),917,16
X1,X1,0.14769672292470873,Space filling (16),918,16
X2,X2,0.5136960667949341,Space filling (16),918,16
X3 (non-informative),X3,0.13619093907992832,Space filling (16),918,16
Random Normal,Random Normal,0.20241627120042885,Space filling (16),918,16
X1,X1,0.13873330083623509,Space filling (16),919,16
X2,X2,0.6210376022170966,Space filling (16),919,16
X3 (non-informative),X3,0.1000498012442385,Space filling (16),919,16
Random Normal,Random Normal,0.14017929570242982,Space filling (16),919,16
X1,X1,0.15415975295898307,Space filling (16),920,16
X2,X2,0.5700611568414921,Space filling (16),920,16
X3 (non-informative),X3,0.14700871834335297,Space filling (16),920,16
Random Normal,Random Normal,0.12877037185617193,Space filling (16),920,16
X1,X1,0.128704613452006,Space filling (16),921,16
X2,X2,0.5162395402455274,Space filling (16),921,16
X3 (non-informative),X3,0.10835735263861797,Space filling (16),921,16
Random Normal,Random Normal,0.24669849366384858,Space filling (16),921,16
X1,X1,0.19102193704357373,Space filling (16),922,16
X2,X2,0.5597425606204949,Space filling (16),922,16
X3 (non-informative),X3,0.09042966878578275,Space filling (16),922,16
Random Normal,Random Normal,0.15880583355014868,Space filling (16),922,16
X1,X1,0.21330989800484018,Space filling (16),923,16
X2,X2,0.5446062148132539,Space filling (16),923,16
X3 (non-informative),X3,0.1350641541115767,Space filling (16),923,16
Random Normal,Random Normal,0.10701973307032926,Space filling (16),923,16
X1,X1,0.1335352981204589,Space filling (16),924,16
X2,X2,0.6176612806876979,Space filling (16),924,16
X3 (non-informative),X3,0.1458130121027198,Space filling (16),924,16
Random Normal,Random Normal,0.10299040908912345,Space filling (16),924,16
X1,X1,0.18767341025859893,Space filling (16),925,16
X2,X2,0.5537672912942148,Space filling (16),925,16
X3 (non-informative),X3,0.14176671524891066,Space filling (16),925,16
Random Normal,Random Normal,0.1167925831982757,Space filling (16),925,16
X1,X1,0.17168113902022503,Space filling (16),926,16
X2,X2,0.4935686322112895,Space filling (16),926,16
X3 (non-informative),X3,0.1658568560753771,Space filling (16),926,16
Random Normal,Random Normal,0.1688933726931084,Space filling (16),926,16
X1,X1,0.14381317647638295,Space filling (16),927,16
X2,X2,0.5339899732579351,Space filling (16),927,16
X3 (non-informative),X3,0.1524907444211562,Space filling (16),927,16
Random Normal,Random Normal,0.16970610584452575,Space filling (16),927,16
X1,X1,0.1824598477653039,Space filling (16),928,16
X2,X2,0.5906002572780226,Space filling (16),928,16
X3 (non-informative),X3,0.12694677403730387,Space filling (16),928,16
Random Normal,Random Normal,0.09999312091936968,Space filling (16),928,16
X1,X1,0.14832958304260407,Space filling (16),929,16
X2,X2,0.5039055503712921,Space filling (16),929,16
X3 (non-informative),X3,0.1267473823833508,Space filling (16),929,16
Random Normal,Random Normal,0.22101748420275302,Space filling (16),929,16
X1,X1,0.0948670084379557,Space filling (16),930,16
X2,X2,0.46048118450886466,Space filling (16),930,16
X3 (non-informative),X3,0.14404711336197487,Space filling (16),930,16
Random Normal,Random Normal,0.30060469369120474,Space filling (16),930,16
X1,X1,0.1202196353249689,Space filling (16),931,16
X2,X2,0.4860027553424553,Space filling (16),931,16
X3 (non-informative),X3,0.13763106724643434,Space filling (16),931,16
Random Normal,Random Normal,0.25614654208614146,Space filling (16),931,16
X1,X1,0.07663631849089876,Space filling (16),932,16
X2,X2,0.4187919962951384,Space filling (16),932,16
X3 (non-informative),X3,0.21498970750385332,Space filling (16),932,16
Random Normal,Random Normal,0.2895819777101095,Space filling (16),932,16
X1,X1,0.2013560003881243,Space filling (16),933,16
X2,X2,0.40343359733332146,Space filling (16),933,16
X3 (non-informative),X3,0.0713253609302428,Space filling (16),933,16
Random Normal,Random Normal,0.3238850413483115,Space filling (16),933,16
X1,X1,0.18001128533074795,Space filling (16),934,16
X2,X2,0.5877090088194294,Space filling (16),934,16
X3 (non-informative),X3,0.12446283130269717,Space filling (16),934,16
Random Normal,Random Normal,0.10781687454712545,Space filling (16),934,16
X1,X1,0.17572346082253062,Space filling (16),935,16
X2,X2,0.521533136381761,Space filling (16),935,16
X3 (non-informative),X3,0.11185449970073583,Space filling (16),935,16
Random Normal,Random Normal,0.19088890309497247,Space filling (16),935,16
X1,X1,0.1885113225140939,Space filling (16),936,16
X2,X2,0.5333051188408205,Space filling (16),936,16
X3 (non-informative),X3,0.13917707555102918,Space filling (16),936,16
Random Normal,Random Normal,0.13900648309405636,Space filling (16),936,16
X1,X1,0.1556381477786676,Space filling (16),937,16
X2,X2,0.5465739066217262,Space filling (16),937,16
X3 (non-informative),X3,0.11869553730358577,Space filling (16),937,16
Random Normal,Random Normal,0.17909240829602036,Space filling (16),937,16
X1,X1,0.15470743062109726,Space filling (16),938,16
X2,X2,0.561639740789523,Space filling (16),938,16
X3 (non-informative),X3,0.12730605150614627,Space filling (16),938,16
Random Normal,Random Normal,0.15634677708323355,Space filling (16),938,16
X1,X1,0.18615044193815858,Space filling (16),939,16
X2,X2,0.5251151573581503,Space filling (16),939,16
X3 (non-informative),X3,0.16029562395365135,Space filling (16),939,16
Random Normal,Random Normal,0.1284387767500398,Space filling (16),939,16
X1,X1,0.16393502525227832,Space filling (16),940,16
X2,X2,0.5578045315954463,Space filling (16),940,16
X3 (non-informative),X3,0.13122106530646263,Space filling (16),940,16
Random Normal,Random Normal,0.14703937784581278,Space filling (16),940,16
X1,X1,0.18929489439248343,Space filling (16),941,16
X2,X2,0.5007078306045397,Space filling (16),941,16
X3 (non-informative),X3,0.1078004965496355,Space filling (16),941,16
Random Normal,Random Normal,0.20219677845334133,Space filling (16),941,16
X1,X1,0.16871704214650507,Space filling (16),942,16
X2,X2,0.4559575434585298,Space filling (16),942,16
X3 (non-informative),X3,0.1501276716822225,Space filling (16),942,16
Random Normal,Random Normal,0.22519774271274268,Space filling (16),942,16
X1,X1,0.09980366593369955,Space filling (16),943,16
X2,X2,0.5862142088573044,Space filling (16),943,16
X3 (non-informative),X3,0.13425942031463964,Space filling (16),943,16
Random Normal,Random Normal,0.17972270489435646,Space filling (16),943,16
X1,X1,0.16557503523100042,Space filling (16),944,16
X2,X2,0.6408821586547124,Space filling (16),944,16
X3 (non-informative),X3,0.126280542767509,Space filling (16),944,16
Random Normal,Random Normal,0.06726226334677818,Space filling (16),944,16
X1,X1,0.1480183777681134,Space filling (16),945,16
X2,X2,0.4963098656948163,Space filling (16),945,16
X3 (non-informative),X3,0.08439938380044464,Space filling (16),945,16
Random Normal,Random Normal,0.27127237273662563,Space filling (16),945,16
X1,X1,0.19599433061125496,Space filling (16),946,16
X2,X2,0.5381226262784099,Space filling (16),946,16
X3 (non-informative),X3,0.19014778380345504,Space filling (16),946,16
Random Normal,Random Normal,0.07573525930688015,Space filling (16),946,16
X1,X1,0.11186875267316622,Space filling (16),947,16
X2,X2,0.6202803661027079,Space filling (16),947,16
X3 (non-informative),X3,0.13019087536060556,Space filling (16),947,16
Random Normal,Random Normal,0.1376600058635203,Space filling (16),947,16
X1,X1,0.16627578499046866,Space filling (16),948,16
X2,X2,0.639884274549327,Space filling (16),948,16
X3 (non-informative),X3,0.1192255287515873,Space filling (16),948,16
Random Normal,Random Normal,0.07461441170861713,Space filling (16),948,16
X1,X1,0.11848081500353286,Space filling (16),949,16
X2,X2,0.29532291303020397,Space filling (16),949,16
X3 (non-informative),X3,0.0828374394562171,Space filling (16),949,16
Random Normal,Random Normal,0.5033588325100461,Space filling (16),949,16
X1,X1,0.11530106349779255,Space filling (16),950,16
X2,X2,0.36165352876411383,Space filling (16),950,16
X3 (non-informative),X3,0.1331154448958445,Space filling (16),950,16
Random Normal,Random Normal,0.3899299628422491,Space filling (16),950,16
X1,X1,0.17592004747231518,Space filling (16),951,16
X2,X2,0.5300130487483719,Space filling (16),951,16
X3 (non-informative),X3,0.19794332966288689,Space filling (16),951,16
Random Normal,Random Normal,0.09612357411642604,Space filling (16),951,16
X1,X1,0.1846437974650466,Space filling (16),952,16
X2,X2,0.5842510913082138,Space filling (16),952,16
X3 (non-informative),X3,0.16722448596317646,Space filling (16),952,16
Random Normal,Random Normal,0.0638806252635631,Space filling (16),952,16
X1,X1,0.13621659295135274,Space filling (16),953,16
X2,X2,0.5953923814369473,Space filling (16),953,16
X3 (non-informative),X3,0.13426834051599865,Space filling (16),953,16
Random Normal,Random Normal,0.1341226850957013,Space filling (16),953,16
X1,X1,0.18900356909202487,Space filling (16),954,16
X2,X2,0.6121270217636265,Space filling (16),954,16
X3 (non-informative),X3,0.11424242546066019,Space filling (16),954,16
Random Normal,Random Normal,0.0846269836836884,Space filling (16),954,16
X1,X1,0.16808605742130428,Space filling (16),955,16
X2,X2,0.5664375052540714,Space filling (16),955,16
X3 (non-informative),X3,0.13165409754218088,Space filling (16),955,16
Random Normal,Random Normal,0.1338223397824434,Space filling (16),955,16
X1,X1,0.133702423100313,Space filling (16),956,16
X2,X2,0.5818555167212204,Space filling (16),956,16
X3 (non-informative),X3,0.08307059288801251,Space filling (16),956,16
Random Normal,Random Normal,0.20137146729045408,Space filling (16),956,16
X1,X1,0.1826309985630568,Space filling (16),957,16
X2,X2,0.548415032740161,Space filling (16),957,16
X3 (non-informative),X3,0.1768005433392744,Space filling (16),957,16
Random Normal,Random Normal,0.09215342535750776,Space filling (16),957,16
X1,X1,0.1016056631794811,Space filling (16),958,16
X2,X2,0.48865650874798067,Space filling (16),958,16
X3 (non-informative),X3,0.13526773484100182,Space filling (16),958,16
Random Normal,Random Normal,0.27447009323153637,Space filling (16),958,16
X1,X1,0.14723547683819638,Space filling (16),959,16
X2,X2,0.5265639443583829,Space filling (16),959,16
X3 (non-informative),X3,0.1462082715703733,Space filling (16),959,16
Random Normal,Random Normal,0.17999230723304738,Space filling (16),959,16
X1,X1,0.17301244300004648,Space filling (16),960,16
X2,X2,0.5347308583495092,Space filling (16),960,16
X3 (non-informative),X3,0.13319332762203165,Space filling (16),960,16
Random Normal,Random Normal,0.15906337102841267,Space filling (16),960,16
X1,X1,0.16531521362876866,Space filling (16),961,16
X2,X2,0.5029746082723893,Space filling (16),961,16
X3 (non-informative),X3,0.19756570124579487,Space filling (16),961,16
Random Normal,Random Normal,0.13414447685304715,Space filling (16),961,16
X1,X1,0.19266158416859827,Space filling (16),962,16
X2,X2,0.5325240260224402,Space filling (16),962,16
X3 (non-informative),X3,0.15743485504492055,Space filling (16),962,16
Random Normal,Random Normal,0.11737953476404094,Space filling (16),962,16
X1,X1,0.17832339552761436,Space filling (16),963,16
X2,X2,0.6342869393555363,Space filling (16),963,16
X3 (non-informative),X3,0.13964021693797407,Space filling (16),963,16
Random Normal,Random Normal,0.04774944817887525,Space filling (16),963,16
X1,X1,0.19486263310586854,Space filling (16),964,16
X2,X2,0.5740629396314452,Space filling (16),964,16
X3 (non-informative),X3,0.11895825377685383,Space filling (16),964,16
Random Normal,Random Normal,0.11211617348583243,Space filling (16),964,16
X1,X1,0.1612494291361747,Space filling (16),965,16
X2,X2,0.6019678297852233,Space filling (16),965,16
X3 (non-informative),X3,0.13357298048255065,Space filling (16),965,16
Random Normal,Random Normal,0.10320976059605133,Space filling (16),965,16
X1,X1,0.16191332335714975,Space filling (16),966,16
X2,X2,0.5914832872850437,Space filling (16),966,16
X3 (non-informative),X3,0.1395180099000479,Space filling (16),966,16
Random Normal,Random Normal,0.10708537945775866,Space filling (16),966,16
X1,X1,0.1623828168269732,Space filling (16),967,16
X2,X2,0.6019223944387979,Space filling (16),967,16
X3 (non-informative),X3,0.14850382813867263,Space filling (16),967,16
Random Normal,Random Normal,0.08719096059555631,Space filling (16),967,16
X1,X1,0.1151139015547235,Space filling (16),968,16
X2,X2,0.5708653726365202,Space filling (16),968,16
X3 (non-informative),X3,0.1437967183451281,Space filling (16),968,16
Random Normal,Random Normal,0.1702240074636282,Space filling (16),968,16
X1,X1,0.1481139833234392,Space filling (16),969,16
X2,X2,0.598946233668969,Space filling (16),969,16
X3 (non-informative),X3,0.16513206473232442,Space filling (16),969,16
Random Normal,Random Normal,0.0878077182752673,Space filling (16),969,16
X1,X1,0.1525505827904321,Space filling (16),970,16
X2,X2,0.541462499098272,Space filling (16),970,16
X3 (non-informative),X3,0.1498240262362688,Space filling (16),970,16
Random Normal,Random Normal,0.15616289187502705,Space filling (16),970,16
X1,X1,0.1296805687746388,Space filling (16),971,16
X2,X2,0.5805326420021507,Space filling (16),971,16
X3 (non-informative),X3,0.11972528937136286,Space filling (16),971,16
Random Normal,Random Normal,0.17006149985184763,Space filling (16),971,16
X1,X1,0.15449780827266796,Space filling (16),972,16
X2,X2,0.4709049301649315,Space filling (16),972,16
X3 (non-informative),X3,0.1343519128683725,Space filling (16),972,16
Random Normal,Random Normal,0.24024534869402803,Space filling (16),972,16
X1,X1,0.186881638580263,Space filling (16),973,16
X2,X2,0.5544207150872478,Space filling (16),973,16
X3 (non-informative),X3,0.16436511462181078,Space filling (16),973,16
Random Normal,Random Normal,0.09433253171067844,Space filling (16),973,16
X1,X1,0.19934653358552287,Space filling (16),974,16
X2,X2,0.537970398040164,Space filling (16),974,16
X3 (non-informative),X3,0.17525032287346415,Space filling (16),974,16
Random Normal,Random Normal,0.08743274550084902,Space filling (16),974,16
X1,X1,0.17431842791881724,Space filling (16),975,16
X2,X2,0.563326085447356,Space filling (16),975,16
X3 (non-informative),X3,0.17786293418177337,Space filling (16),975,16
Random Normal,Random Normal,0.08449255245205341,Space filling (16),975,16
X1,X1,0.10139049802620424,Space filling (16),976,16
X2,X2,0.462754664292898,Space filling (16),976,16
X3 (non-informative),X3,0.08420287914525885,Space filling (16),976,16
Random Normal,Random Normal,0.35165195853563885,Space filling (16),976,16
X1,X1,0.14831231735846973,Space filling (16),977,16
X2,X2,0.5455900971015794,Space filling (16),977,16
X3 (non-informative),X3,0.11690421946434218,Space filling (16),977,16
Random Normal,Random Normal,0.1891933660756088,Space filling (16),977,16
X1,X1,0.12756214891726642,Space filling (16),978,16
X2,X2,0.5386979443587632,Space filling (16),978,16
X3 (non-informative),X3,0.07957853765681525,Space filling (16),978,16
Random Normal,Random Normal,0.2541613690671552,Space filling (16),978,16
X1,X1,0.14153486654103178,Space filling (16),979,16
X2,X2,0.4666127738441027,Space filling (16),979,16
X3 (non-informative),X3,0.14854648811906215,Space filling (16),979,16
Random Normal,Random Normal,0.24330587149580332,Space filling (16),979,16
X1,X1,0.15645432807580725,Space filling (16),980,16
X2,X2,0.6042715265953924,Space filling (16),980,16
X3 (non-informative),X3,0.14691226466247911,Space filling (16),980,16
Random Normal,Random Normal,0.09236188066632127,Space filling (16),980,16
X1,X1,0.14679350606895028,Space filling (16),981,16
X2,X2,0.636887379546715,Space filling (16),981,16
X3 (non-informative),X3,0.13887217238387667,Space filling (16),981,16
Random Normal,Random Normal,0.07744694200045799,Space filling (16),981,16
X1,X1,0.21706975772603998,Space filling (16),982,16
X2,X2,0.5250968959908392,Space filling (16),982,16
X3 (non-informative),X3,0.1460238212867691,Space filling (16),982,16
Random Normal,Random Normal,0.11180952499635168,Space filling (16),982,16
X1,X1,0.17012206104792457,Space filling (16),983,16
X2,X2,0.5881647761642839,Space filling (16),983,16
X3 (non-informative),X3,0.13736145774972036,Space filling (16),983,16
Random Normal,Random Normal,0.10435170503807123,Space filling (16),983,16
X1,X1,0.14892727107574624,Space filling (16),984,16
X2,X2,0.5927460028726311,Space filling (16),984,16
X3 (non-informative),X3,0.20232515795406528,Space filling (16),984,16
Random Normal,Random Normal,0.05600156809755736,Space filling (16),984,16
X1,X1,0.14623671539517671,Space filling (16),985,16
X2,X2,0.6464391367029708,Space filling (16),985,16
X3 (non-informative),X3,0.11380151716066737,Space filling (16),985,16
Random Normal,Random Normal,0.09352263074118503,Space filling (16),985,16
X1,X1,0.1211342817336655,Space filling (16),986,16
X2,X2,0.584686899666225,Space filling (16),986,16
X3 (non-informative),X3,0.14514726300646483,Space filling (16),986,16
Random Normal,Random Normal,0.14903155559364473,Space filling (16),986,16
X1,X1,0.12367883351524975,Space filling (16),987,16
X2,X2,0.7229742711247125,Space filling (16),987,16
X3 (non-informative),X3,0.09713732375863969,Space filling (16),987,16
Random Normal,Random Normal,0.05620957160139809,Space filling (16),987,16
X1,X1,0.13693294236402848,Space filling (16),988,16
X2,X2,0.4694668403099886,Space filling (16),988,16
X3 (non-informative),X3,0.18121391460619335,Space filling (16),988,16
Random Normal,Random Normal,0.2123863027197896,Space filling (16),988,16
X1,X1,0.1717832384442673,Space filling (16),989,16
X2,X2,0.5362679630843238,Space filling (16),989,16
X3 (non-informative),X3,0.20593376976123048,Space filling (16),989,16
Random Normal,Random Normal,0.08601502871017849,Space filling (16),989,16
X1,X1,0.19049799039466092,Space filling (16),990,16
X2,X2,0.5811515008698246,Space filling (16),990,16
X3 (non-informative),X3,0.12129661642401768,Space filling (16),990,16
Random Normal,Random Normal,0.10705389231149681,Space filling (16),990,16
X1,X1,0.17036170088196173,Space filling (16),991,16
X2,X2,0.5675724650116554,Space filling (16),991,16
X3 (non-informative),X3,0.15219939941947064,Space filling (16),991,16
Random Normal,Random Normal,0.10986643468691223,Space filling (16),991,16
X1,X1,0.20273267535559672,Space filling (16),992,16
X2,X2,0.3990833079192654,Space filling (16),992,16
X3 (non-informative),X3,0.0695284322099437,Space filling (16),992,16
Random Normal,Random Normal,0.32865558451519417,Space filling (16),992,16
X1,X1,0.18917847949626584,Space filling (16),993,16
X2,X2,0.5972449813642408,Space filling (16),993,16
X3 (non-informative),X3,0.11977809509713537,Space filling (16),993,16
Random Normal,Random Normal,0.09379844404235799,Space filling (16),993,16
X1,X1,0.14155158560030626,Space filling (16),994,16
X2,X2,0.4689732037706986,Space filling (16),994,16
X3 (non-informative),X3,0.11642386252389607,Space filling (16),994,16
Random Normal,Random Normal,0.27305134810509907,Space filling (16),994,16
X1,X1,0.16419067348005184,Space filling (16),995,16
X2,X2,0.5835080155880901,Space filling (16),995,16
X3 (non-informative),X3,0.15004793196028246,Space filling (16),995,16
Random Normal,Random Normal,0.10225337897157558,Space filling (16),995,16
X1,X1,0.13791941459441667,Space filling (16),996,16
X2,X2,0.58420160721042,Space filling (16),996,16
X3 (non-informative),X3,0.09146650573025167,Space filling (16),996,16
Random Normal,Random Normal,0.18641247246491158,Space filling (16),996,16
X1,X1,0.13686024494737895,Space filling (16),997,16
X2,X2,0.5038014730977809,Space filling (16),997,16
X3 (non-informative),X3,0.1595551876563435,Space filling (16),997,16
Random Normal,Random Normal,0.19978309429849667,Space filling (16),997,16
X1,X1,0.15182934906263604,Space filling (16),998,16
X2,X2,0.5318723773071706,Space filling (16),998,16
X3 (non-informative),X3,0.1595146492814264,Space filling (16),998,16
Random Normal,Random Normal,0.15678362434876691,Space filling (16),998,16
X1,X1,0.1757310102779137,Space filling (16),999,16
X2,X2,0.5691700117964579,Space filling (16),999,16
X3 (non-informative),X3,0.17247455275174017,Space filling (16),999,16
Random Normal,Random Normal,0.08262442517388827,Space filling (16),999,16
X1,X1,0.1674525754837863,Space filling (16),1000,16
X2,X2,0.5178607062703043,Space filling (16),1000,16
X3 (non-informative),X3,0.15184026911351672,Space filling (16),1000,16
Random Normal,Random Normal,0.1628464491323926,Space filling (16),1000,16
